run_id,step_no,idnum,equity,debt,liquidity
uHvWwqUZZbWa66I,7,K_14,-0.994155,23.0956,-6.43604
uHvWwqUZZbWa66I,7,K_38,-1.80949,36.3379,-6.63554
uHvWwqUZZbWa66I,7,K_4,-6.66766,36.5977,-9.14907
uHvWwqUZZbWa66I,7,K_8,-4.03646,28.4169,24.3804
uHvWwqUZZbWa66I,8,K_20,-0.167363,61.6392,61.4719
uHvWwqUZZbWa66I,8,K_23,-7.69724,29.1985,21.5013
uHvWwqUZZbWa66I,8,K_28,-5.84482,34.9061,29.0613
uHvWwqUZZbWa66I,8,K_34,-5.29334,28.5965,23.3032
uHvWwqUZZbWa66I,8,K_39,-5.76842,33.9825,-9.11411
uHvWwqUZZbWa66I,8,K_47,-6.87953,52.9588,46.0793
uHvWwqUZZbWa66I,8,K_49,-7.61236,46.1023,38.4899
uHvWwqUZZbWa66I,10,K_22,-6.19755,148.318,110.815
uHvWwqUZZbWa66I,11,K_5,-1.67195,68.6025,66.9306
uHvWwqUZZbWa66I,14,K_2,-3.21912,97.2525,94.0333
uHvWwqUZZbWa66I,16,K_10,-6.30715,132.41,104.747
uHvWwqUZZbWa66I,16,K_19,-3.71864,122.443,103.793
uHvWwqUZZbWa66I,17,K_6,-3.42977,99.1709,36.6493
uHvWwqUZZbWa66I,18,K_35,-0.196078,133.712,85.7806
uHvWwqUZZbWa66I,18,K_41,-2.47006,124.152,113.482
uHvWwqUZZbWa66I,19,K_43,-1.19109,122.528,74.786
uHvWwqUZZbWa66I,20,K_25,-6.16218,98.1491,41.6359
uHvWwqUZZbWa66I,21,K_45,-1.63533,109.847,79.4215
uHvWwqUZZbWa66I,21,K_7,-7.88312,121.142,25.4635
uHvWwqUZZbWa66I,23,K_30,-4.48161,66.6619,-1.39223
uHvWwqUZZbWa66I,24,K_17,-4.84825,108.99,104.142
uHvWwqUZZbWa66I,24,K_21,-5.23164,74.2779,37.5371
uHvWwqUZZbWa66I,25,K_3,-3.58181,68.0532,31.6245
uHvWwqUZZbWa66I,27,K_11,-6.52055,77.7824,30.4694
uHvWwqUZZbWa66I,27,K_13,-10.5156,141.585,80.5327
uHvWwqUZZbWa66I,28,K_18,-3.99536,89.1922,76.3175
uHvWwqUZZbWa66I,28,K_48,-0.77796,79.6995,75.4423
uHvWwqUZZbWa66I,30,K_15,-2.58496,73.3984,39.9557
uHvWwqUZZbWa66I,32,K_2,-4.29909,43.2545,-4.36525
uHvWwqUZZbWa66I,33,K_17,-5.67652,23.546,6.64776
uHvWwqUZZbWa66I,33,K_42,-0.165414,63.0352,53.1818
uHvWwqUZZbWa66I,33,K_46,-3.15926,76.6242,49.644
uHvWwqUZZbWa66I,34,K_22,-4.15131,38.7343,-3.26797
uHvWwqUZZbWa66I,35,K_0,-1.0261,60.5628,56.2796
uHvWwqUZZbWa66I,39,K_26,-1.05106,27.3923,6.17628
uHvWwqUZZbWa66I,39,K_37,-0.138021,29.1264,4.28237
uHvWwqUZZbWa66I,39,K_41,-3.63156,20.0531,-3.32059
uHvWwqUZZbWa66I,40,K_0,-4.02976,17.8429,-3.62083
uHvWwqUZZbWa66I,40,K_3,-1.95414,23.0964,-4.81986
uHvWwqUZZbWa66I,40,K_48,-1.85965,33.995,-7.41309
uHvWwqUZZbWa66I,42,K_21,-10.0051,32.297,-13.4867
uHvWwqUZZbWa66I,42,K_36,-0.439284,40.1017,29.2631
uHvWwqUZZbWa66I,43,K_12,-0.246363,32.1007,-5.05206
uHvWwqUZZbWa66I,43,K_29,-0.159439,48.148,40.9585
uHvWwqUZZbWa66I,44,K_23,-0.943968,24.1605,5.77247
uHvWwqUZZbWa66I,44,K_5,-0.626534,26.9622,26.3356
uHvWwqUZZbWa66I,45,K_24,-1.05502,29.7946,4.33485
uHvWwqUZZbWa66I,45,K_5,-11.4906,21.0935,-7.99168
uHvWwqUZZbWa66I,46,K_40,-0.785635,15.0462,9.46758
uHvWwqUZZbWa66I,46,K_42,-4.54655,17.8734,-5.14657
uHvWwqUZZbWa66I,48,K_17,-9.83002,33.316,-7.8959
uHvWwqUZZbWa66I,49,K_44,-5.74969,30.2736,6.67796
uHvWwqUZZbWa66I,50,K_0,-3.27918,10.3434,-3.05305
uHvWwqUZZbWa66I,50,K_36,-15.5293,31.9404,-11.5153
uHvWwqUZZbWa66I,50,K_48,-4.46418,22.7988,-12.059
uHvWwqUZZbWa66I,51,K_15,-1.43969,19.7877,-5.38108
uHvWwqUZZbWa66I,51,K_16,-12.5571,34.277,-8.03143
uHvWwqUZZbWa66I,51,K_37,-0.218644,9.60313,-2.59686
uHvWwqUZZbWa66I,52,K_29,-11.93,20.7374,-8.52767
uHvWwqUZZbWa66I,53,K_0,-3.22591,15.5079,-4.28781
uHvWwqUZZbWa66I,53,K_17,-7.59487,26.4248,-13.4216
uHvWwqUZZbWa66I,55,K_8,-0.0656821,12.0604,3.15672
uHvWwqUZZbWa66I,56,K_23,-2.416,15.8851,-3.57452
uHvWwqUZZbWa66I,56,K_27,-0.211033,24.0751,8.20568
uHvWwqUZZbWa66I,56,K_41,-0.108921,5.25545,-1.36004
uHvWwqUZZbWa66I,58,K_29,-24.4944,44.7157,-14.4593
uHvWwqUZZbWa66I,58,K_41,-18.0832,29.1685,-10.8188
uHvWwqUZZbWa66I,59,K_3,-0.387634,7.17021,-1.79951
uHvWwqUZZbWa66I,60,K_42,-1.53526,9.64985,-2.18366
uHvWwqUZZbWa66I,62,K_25,-2.7641,20.1502,-3.58905
uHvWwqUZZbWa66I,62,K_46,-1.71097,5.03806,-1.49826
uHvWwqUZZbWa66I,63,K_1,-0.0393191,13.5551,-2.05366
uHvWwqUZZbWa66I,63,K_35,-0.0949188,7.21395,-1.44533
uHvWwqUZZbWa66I,69,K_2,-0.696223,6.81339,-1.29097
uHvWwqUZZbWa66I,69,K_40,-7.77316,11.0429,-1.58673
uHvWwqUZZbWa66I,71,K_42,-0.37521,4.38839,-0.662067
uHvWwqUZZbWa66I,72,K_20,-0.30325,8.3774,6.6188
uHvWwqUZZbWa66I,77,K_20,-5.75309,9.4701,0.716767
uHvWwqUZZbWa66I,80,K_37,-12.329,15.5929,-3.13096
uHvWwqUZZbWa66I,82,K_21,-12.6469,16.9,-3.06225
uHvWwqUZZbWa66I,85,K_33,-0.0242671,2.53621,1.23268
uHvWwqUZZbWa66I,90,K_8,-4.70095,6.51012,-0.691605
uHvWwqUZZbWa66I,7,C_20,-2.75105,53.5888,-36.027
uHvWwqUZZbWa66I,7,C_62,-3.50968,62.0603,-42.9417
uHvWwqUZZbWa66I,7,C_66,-0.850081,71.661,-32.6292
uHvWwqUZZbWa66I,7,C_78,-4.376,83.9908,-27.2025
uHvWwqUZZbWa66I,7,C_90,-3.49252,72.4525,-40.3722
uHvWwqUZZbWa66I,8,C_11,-3.27254,104.587,8.17451
uHvWwqUZZbWa66I,8,C_115,-3.18374,128.512,15.795
uHvWwqUZZbWa66I,8,C_16,-0.124978,238.793,21.6627
uHvWwqUZZbWa66I,8,C_179,-2.28651,165.137,15.5621
uHvWwqUZZbWa66I,8,C_21,-2.9019,97.7288,9.54968
uHvWwqUZZbWa66I,8,C_28,-0.602901,81.7293,7.92927
uHvWwqUZZbWa66I,8,C_3,-9.15965,240.181,75.9758
uHvWwqUZZbWa66I,8,C_73,-3.15844,136.233,18.1358
uHvWwqUZZbWa66I,8,C_86,-2.56621,97.9464,9.25982
uHvWwqUZZbWa66I,8,C_88,-4.11334,207.271,13.8523
uHvWwqUZZbWa66I,9,C_0,-1.55373,175.862,24.3177
uHvWwqUZZbWa66I,9,C_10,-5.00662,277.082,122.581
uHvWwqUZZbWa66I,9,C_102,-6.04817,171.528,26.4564
uHvWwqUZZbWa66I,9,C_12,-12.6829,272.183,23.7999
uHvWwqUZZbWa66I,9,C_120,-12.7407,224.5,11.6567
uHvWwqUZZbWa66I,9,C_126,-0.321208,72.7412,45.9625
uHvWwqUZZbWa66I,9,C_140,-4.18343,66.8816,38.1297
uHvWwqUZZbWa66I,9,C_146,-5.88021,178.333,15.0119
uHvWwqUZZbWa66I,9,C_151,-19.8899,194.989,-3.72178
uHvWwqUZZbWa66I,9,C_156,-9.34771,154.454,-1.48877
uHvWwqUZZbWa66I,9,C_166,-1.72569,164.743,1.59359
uHvWwqUZZbWa66I,9,C_17,-18.3349,292.593,40.5033
uHvWwqUZZbWa66I,9,C_174,-12.7598,173.283,8.4563
uHvWwqUZZbWa66I,9,C_178,-1.76509,81.7517,36.628
uHvWwqUZZbWa66I,9,C_180,-1.34636,155.318,21.6276
uHvWwqUZZbWa66I,9,C_191,-7.66367,152.092,100.66
uHvWwqUZZbWa66I,9,C_194,-7.10859,98.8282,7.30147
uHvWwqUZZbWa66I,9,C_2,-10.9133,260.181,39.5768
uHvWwqUZZbWa66I,9,C_29,-4.94971,231.459,17.443
uHvWwqUZZbWa66I,9,C_30,-21.7232,268.554,22.8695
uHvWwqUZZbWa66I,9,C_32,-3.54826,127.123,16.3422
uHvWwqUZZbWa66I,9,C_34,-3.86339,128.963,14.2072
uHvWwqUZZbWa66I,9,C_42,-14.0384,212.377,57.2492
uHvWwqUZZbWa66I,9,C_50,-3.54291,203.045,27.564
uHvWwqUZZbWa66I,9,C_59,-8.6865,189.544,72.7217
uHvWwqUZZbWa66I,9,C_6,-5.99544,259.185,34.8974
uHvWwqUZZbWa66I,9,C_67,-0.566824,72.9869,36.1123
uHvWwqUZZbWa66I,9,C_76,-14.2346,245.098,17.1448
uHvWwqUZZbWa66I,10,C_101,-4.55949,64.4708,34.6308
uHvWwqUZZbWa66I,10,C_13,-1.15969,177.86,10.5916
uHvWwqUZZbWa66I,10,C_175,-1.75537,158.834,99.8981
uHvWwqUZZbWa66I,10,C_18,-0.0234087,264.193,15.7327
uHvWwqUZZbWa66I,10,C_182,-4.18101,63.4685,34.3396
uHvWwqUZZbWa66I,10,C_195,-3.37686,115.012,36.8977
uHvWwqUZZbWa66I,10,C_22,-1.28145,245.353,7.95604
uHvWwqUZZbWa66I,10,C_23,-0.804513,170.484,8.46221
uHvWwqUZZbWa66I,10,C_43,-3.27296,243.159,8.85685
uHvWwqUZZbWa66I,10,C_44,-4.67973,233.401,-3.85861
uHvWwqUZZbWa66I,10,C_63,-3.97931,213.395,-1.1242
uHvWwqUZZbWa66I,10,C_68,-0.473224,102.67,6.88373
uHvWwqUZZbWa66I,10,C_69,-9.56992,190.433,-9.93449
uHvWwqUZZbWa66I,10,C_75,-4.33576,186.698,7.38493
uHvWwqUZZbWa66I,10,C_82,-0.529168,56.356,-4.98789
uHvWwqUZZbWa66I,10,C_95,-0.7709,152.693,-5.50308
uHvWwqUZZbWa66I,10,C_97,-8.81088,173.757,-9.82927
uHvWwqUZZbWa66I,11,C_105,-3.07162,56.5652,28.1994
uHvWwqUZZbWa66I,11,C_136,-3.87268,68.7917,39.7929
uHvWwqUZZbWa66I,11,C_144,-1.80091,155.446,-17.4688
uHvWwqUZZbWa66I,11,C_172,-0.666426,65.1633,-0.0957065
uHvWwqUZZbWa66I,11,C_197,-0.50374,132.524,106.726
uHvWwqUZZbWa66I,11,C_199,-4.64427,80.7617,-17.6517
uHvWwqUZZbWa66I,11,C_5,-5.3709,151.034,-6.2532
uHvWwqUZZbWa66I,11,C_64,-5.20148,95.8118,-13.1777
uHvWwqUZZbWa66I,11,C_77,-1.87279,184.796,118.628
uHvWwqUZZbWa66I,12,C_110,-1.33751,141.649,114.916
uHvWwqUZZbWa66I,12,C_170,-9.24029,105.964,1.66823
uHvWwqUZZbWa66I,12,C_47,-5.71303,208.033,3.28243
uHvWwqUZZbWa66I,13,C_14,-7.30542,209.653,-62.9494
uHvWwqUZZbWa66I,13,C_149,-1.79478,93.5335,-28.3924
uHvWwqUZZbWa66I,13,C_196,-3.5457,101.216,71.897
uHvWwqUZZbWa66I,14,C_114,-0.917476,131.204,-42.5955
uHvWwqUZZbWa66I,14,C_132,-8.723,141.218,-57.5571
uHvWwqUZZbWa66I,14,C_134,-4.20764,137.324,-47.9752
uHvWwqUZZbWa66I,14,C_169,-4.14445,90.8462,39.3178
uHvWwqUZZbWa66I,14,C_185,-0.402125,82.2618,-31.4753
uHvWwqUZZbWa66I,14,C_186,-1.16772,107.347,-18.3236
uHvWwqUZZbWa66I,14,C_48,-8.75465,120.707,-94.6625
uHvWwqUZZbWa66I,14,C_79,-0.262569,42.8162,4.17685
uHvWwqUZZbWa66I,14,C_93,-4.89601,126.293,-58.4527
uHvWwqUZZbWa66I,14,C_96,-3.85124,127.68,-1.22563
uHvWwqUZZbWa66I,15,C_71,-1.12156,126.875,-46.6184
uHvWwqUZZbWa66I,16,C_133,-0.426201,85.1686,-42.8522
uHvWwqUZZbWa66I,16,C_148,-2.48992,86.7362,-55.1679
uHvWwqUZZbWa66I,16,C_168,-3.94623,106.487,-130.607
uHvWwqUZZbWa66I,16,C_83,-3.06244,148.919,-78.1888
uHvWwqUZZbWa66I,16,C_91,-1.55591,67.7366,-15.5201
uHvWwqUZZbWa66I,16,C_92,-5.91615,121.424,-123.943
uHvWwqUZZbWa66I,17,C_107,-1.13481,76.7348,-115.982
uHvWwqUZZbWa66I,17,C_80,-0.775683,125.261,-88.281
uHvWwqUZZbWa66I,18,C_142,-5.88431,86.3555,-58.5521
uHvWwqUZZbWa66I,18,C_25,-0.214845,153.353,-94.2933
uHvWwqUZZbWa66I,18,C_99,-1.12327,127.783,-104.332
uHvWwqUZZbWa66I,19,C_108,-3.66532,114.783,-62.7462
uHvWwqUZZbWa66I,19,C_184,-0.111164,95.3758,-8.72132
uHvWwqUZZbWa66I,19,C_33,-4.33571,123.47,-148.081
uHvWwqUZZbWa66I,19,C_72,-6.99028,92.5302,-78.939
uHvWwqUZZbWa66I,19,C_87,-2.59523,97.1793,-61.392
uHvWwqUZZbWa66I,19,C_89,-0.498551,88.6289,-111.316
uHvWwqUZZbWa66I,19,C_98,-1.25422,108.065,-98.6793
uHvWwqUZZbWa66I,20,C_101,-4.69602,98.1562,-114.319
uHvWwqUZZbWa66I,20,C_192,-0.971748,104.186,-45.472
uHvWwqUZZbWa66I,20,C_39,-1.19274,84.8922,-51.264
uHvWwqUZZbWa66I,20,C_79,-2.99292,99.6665,-27.3053
uHvWwqUZZbWa66I,21,C_112,-5.13474,117.464,-102.371
uHvWwqUZZbWa66I,21,C_117,-3.02567,122.463,-61.5836
uHvWwqUZZbWa66I,21,C_143,-8.46562,122.332,-88.9961
uHvWwqUZZbWa66I,21,C_158,-2.7757,128.621,-65.8747
uHvWwqUZZbWa66I,21,C_163,-2.77064,111.664,-57.7733
uHvWwqUZZbWa66I,21,C_19,-2.57158,122.131,-46.3689
uHvWwqUZZbWa66I,21,C_37,-6.19884,106.408,-51.4325
uHvWwqUZZbWa66I,21,C_38,-8.09755,116.024,-138.133
uHvWwqUZZbWa66I,21,C_53,-0.0138125,123.591,-52.5994
uHvWwqUZZbWa66I,21,C_57,-0.500236,134.905,-51.7936
uHvWwqUZZbWa66I,21,C_70,-5.09572,120.16,-43.4065
uHvWwqUZZbWa66I,22,C_1,-5.3314,135.297,-154.576
uHvWwqUZZbWa66I,22,C_111,-1.97996,124.602,-22.9445
uHvWwqUZZbWa66I,22,C_128,-7.68825,125.134,-77.1106
uHvWwqUZZbWa66I,22,C_137,-4.63553,125.532,-30.2472
uHvWwqUZZbWa66I,22,C_147,-2.51338,130.012,-71.9706
uHvWwqUZZbWa66I,22,C_155,-0.762597,147.766,-28.2187
uHvWwqUZZbWa66I,22,C_171,-2.704,131.081,-77.9488
uHvWwqUZZbWa66I,22,C_27,-0.365043,125.326,-70.4277
uHvWwqUZZbWa66I,22,C_35,-4.76651,136.608,-104.666
uHvWwqUZZbWa66I,22,C_56,-4.00838,133.413,-89.9023
uHvWwqUZZbWa66I,23,C_105,-9.83092,140.603,-111.173
uHvWwqUZZbWa66I,23,C_165,-2.72435,139.127,-24.6808
uHvWwqUZZbWa66I,23,C_188,-8.59794,157.915,-87.9944
uHvWwqUZZbWa66I,23,C_24,-9.36616,147.692,-112.824
uHvWwqUZZbWa66I,23,C_41,-8.47967,167.108,-42.4426
uHvWwqUZZbWa66I,23,C_65,-2.87903,104.009,-73.0327
uHvWwqUZZbWa66I,23,C_8,-3.11662,180.921,-105.001
uHvWwqUZZbWa66I,23,C_85,-3.50368,116.446,-88.4628
uHvWwqUZZbWa66I,24,C_154,-2.82272,141.122,-15.5873
uHvWwqUZZbWa66I,24,C_178,-2.2096,141.472,-21.8679
uHvWwqUZZbWa66I,24,C_182,-5.30486,107.922,-16.425
uHvWwqUZZbWa66I,24,C_4,-6.10727,183.194,-89.3284
uHvWwqUZZbWa66I,25,C_109,-4.70798,120.86,-27.7626
uHvWwqUZZbWa66I,25,C_110,-0.667725,103.888,-44.8783
uHvWwqUZZbWa66I,25,C_197,-4.84057,191.848,-103.661
uHvWwqUZZbWa66I,25,C_61,-11.0677,198.102,-83.515
uHvWwqUZZbWa66I,25,C_86,-5.45097,159.717,-96.4477
uHvWwqUZZbWa66I,26,C_126,-8.2723,185.363,-76.5162
uHvWwqUZZbWa66I,26,C_169,-3.51571,97.0987,-25.2504
uHvWwqUZZbWa66I,26,C_173,-4.44698,135.401,-27.6555
uHvWwqUZZbWa66I,26,C_28,-0.60042,140.34,-53.9385
uHvWwqUZZbWa66I,27,C_103,-5.98624,153.547,-55.0638
uHvWwqUZZbWa66I,27,C_104,-6.5666,146.188,-61.6215
uHvWwqUZZbWa66I,27,C_67,-9.30648,182.208,-82.6163
uHvWwqUZZbWa66I,28,C_51,-7.95323,176.861,-110.517
uHvWwqUZZbWa66I,28,C_7,-6.17274,165.77,-86.6124
uHvWwqUZZbWa66I,29,C_130,-0.082093,123.983,-59.0117
uHvWwqUZZbWa66I,29,C_157,-3.38029,45.8271,-14.8021
uHvWwqUZZbWa66I,29,C_26,-2.12849,114.722,-76.6452
uHvWwqUZZbWa66I,30,C_11,-7.02585,140.753,-79.8462
uHvWwqUZZbWa66I,30,C_176,-1.07296,106.817,-88.0502
uHvWwqUZZbWa66I,30,C_62,-5.51531,131.601,-87.6705
uHvWwqUZZbWa66I,31,C_119,-6.32225,128.824,-118.086
uHvWwqUZZbWa66I,31,C_123,-2.2159,125.299,-84.5639
uHvWwqUZZbWa66I,31,C_191,-2.66069,76.9142,-55.0384
uHvWwqUZZbWa66I,31,C_54,-3.80137,118.969,-100.022
uHvWwqUZZbWa66I,32,C_15,-6.46047,148.695,-134.087
uHvWwqUZZbWa66I,32,C_198,-2.02028,111.646,-104.754
uHvWwqUZZbWa66I,32,C_32,-3.50685,117.902,-117.648
uHvWwqUZZbWa66I,32,C_74,-3.26176,103.909,-63.977
uHvWwqUZZbWa66I,33,C_150,-8.17164,120.212,-91.6024
uHvWwqUZZbWa66I,33,C_180,-2.46038,119.771,-79.6293
uHvWwqUZZbWa66I,33,C_46,-3.01082,116.968,-126.565
uHvWwqUZZbWa66I,33,C_49,-6.05365,112.473,-85.8319
uHvWwqUZZbWa66I,34,C_124,-6.44726,99.9516,-94.7898
uHvWwqUZZbWa66I,34,C_138,-4.69976,98.1879,-74.8201
uHvWwqUZZbWa66I,34,C_139,-1.02674,95.5033,-91.7743
uHvWwqUZZbWa66I,34,C_164,-0.184394,103.341,-76.9957
uHvWwqUZZbWa66I,34,C_190,-2.47479,83.5471,-56.8177
uHvWwqUZZbWa66I,34,C_39,-3.56429,95.564,-57.3529
uHvWwqUZZbWa66I,34,C_9,-7.5392,111.426,-83.6001
uHvWwqUZZbWa66I,35,C_116,-5.07827,95.738,-83.2854
uHvWwqUZZbWa66I,35,C_131,-2.81616,102.327,-97.6758
uHvWwqUZZbWa66I,35,C_136,-2.3381,121.868,-73.9521
uHvWwqUZZbWa66I,35,C_170,-0.536933,106.916,-53.7267
uHvWwqUZZbWa66I,35,C_175,-0.0568005,104.155,-90.4404
uHvWwqUZZbWa66I,35,C_193,-5.74547,115.307,-84.7329
uHvWwqUZZbWa66I,35,C_194,-4.14099,97.8691,-84.6584
uHvWwqUZZbWa66I,35,C_52,-2.99882,96.1295,-88.7696
uHvWwqUZZbWa66I,35,C_59,-6.157,119.239,-106.758
uHvWwqUZZbWa66I,35,C_77,-5.16936,99.925,-61.6827
uHvWwqUZZbWa66I,36,C_153,-3.82142,117.696,-111.631
uHvWwqUZZbWa66I,36,C_162,-2.41142,111.26,-40.1749
uHvWwqUZZbWa66I,36,C_187,-0.863081,98.3354,-50.6313
uHvWwqUZZbWa66I,36,C_40,-2.21161,99.0077,-96.8874
uHvWwqUZZbWa66I,36,C_5,-2.73726,104.864,-94.7386
uHvWwqUZZbWa66I,36,C_70,-9.92866,126.323,-71.3812
uHvWwqUZZbWa66I,36,C_82,-2.80761,117.134,-77.5983
uHvWwqUZZbWa66I,37,C_102,-5.83217,107.7,-71.1594
uHvWwqUZZbWa66I,37,C_106,-0.0121,97.7382,-103.581
uHvWwqUZZbWa66I,37,C_122,-4.9203,110.822,-104.867
uHvWwqUZZbWa66I,37,C_127,-3.79856,97.1716,-87.5891
uHvWwqUZZbWa66I,37,C_149,-1.1625,101.483,-55.0055
uHvWwqUZZbWa66I,37,C_160,-3.00194,117.375,-71.3372
uHvWwqUZZbWa66I,37,C_161,-1.27387,92.8528,-25.8533
uHvWwqUZZbWa66I,37,C_186,-4.16737,111.64,-55.7837
uHvWwqUZZbWa66I,37,C_195,-4.66671,91.366,-83.07
uHvWwqUZZbWa66I,37,C_20,-4.16917,115.487,-58.2719
uHvWwqUZZbWa66I,38,C_156,-6.53703,100.175,-103.435
uHvWwqUZZbWa66I,38,C_60,-4.85946,97.8593,-94.2488
uHvWwqUZZbWa66I,39,C_113,-0.597616,104.864,-47.1852
uHvWwqUZZbWa66I,39,C_172,-6.02226,93.2681,-45.4253
uHvWwqUZZbWa66I,39,C_177,-5.22525,73.6721,-34.6662
uHvWwqUZZbWa66I,39,C_64,-1.74296,96.0547,-60.8075
uHvWwqUZZbWa66I,39,C_84,-4.00591,104.118,-53.3794
uHvWwqUZZbWa66I,39,C_94,-3.82535,102.512,-69.5686
uHvWwqUZZbWa66I,40,C_179,-0.941778,99.1176,-85.2332
uHvWwqUZZbWa66I,40,C_66,-3.89704,79.5495,-56.0394
uHvWwqUZZbWa66I,41,C_108,-2.73461,90.5878,-68.813
uHvWwqUZZbWa66I,41,C_111,-0.789151,89.4177,-46.5446
uHvWwqUZZbWa66I,41,C_144,-1.54658,100.861,-64.9876
uHvWwqUZZbWa66I,41,C_165,-4.41146,110.464,-68.6341
uHvWwqUZZbWa66I,41,C_181,-6.45719,79.442,-53.8204
uHvWwqUZZbWa66I,41,C_19,-3.65613,76.6558,-35.3655
uHvWwqUZZbWa66I,41,C_2,-8.30848,120.737,-100.887
uHvWwqUZZbWa66I,41,C_68,-0.0550316,83.7414,-46.6328
uHvWwqUZZbWa66I,42,C_185,-3.82032,82.0186,-46.8604
uHvWwqUZZbWa66I,43,C_182,-11.7782,75.8368,-56.2854
uHvWwqUZZbWa66I,43,C_189,-2.04336,78.1618,-46.9611
uHvWwqUZZbWa66I,43,C_34,-0.544784,84.5216,-40.1572
uHvWwqUZZbWa66I,43,C_46,-0.485272,112.042,-73.0824
uHvWwqUZZbWa66I,43,C_62,-4.57773,88.5826,-71.84
uHvWwqUZZbWa66I,43,C_87,-5.62224,79.7704,-61.53
uHvWwqUZZbWa66I,44,C_142,-5.14023,71.5099,-57.602
uHvWwqUZZbWa66I,44,C_146,-1.34261,95.3843,-92.5978
uHvWwqUZZbWa66I,44,C_58,-1.07155,79.37,-66.685
uHvWwqUZZbWa66I,44,C_71,-1.33033,78.3649,-81.8737
uHvWwqUZZbWa66I,45,C_100,-8.12882,90.3231,-53.6725
uHvWwqUZZbWa66I,45,C_129,-6.41977,78.1182,-70.8984
uHvWwqUZZbWa66I,45,C_159,-7.67906,84.4277,-63.574
uHvWwqUZZbWa66I,45,C_164,-14.001,84.5036,-63.4001
uHvWwqUZZbWa66I,45,C_27,-4.56578,84.8677,-30.6872
uHvWwqUZZbWa66I,45,C_75,-4.65652,70.6147,-62.032
uHvWwqUZZbWa66I,46,C_166,-5.37173,77.0362,-54.4249
uHvWwqUZZbWa66I,46,C_190,-3.04809,75.4031,-49.448
uHvWwqUZZbWa66I,46,C_21,-4.81405,84.2264,-55.707
uHvWwqUZZbWa66I,46,C_29,-3.5637,90.9789,-51.1863
uHvWwqUZZbWa66I,46,C_36,-7.31764,91.8312,-59.0096
uHvWwqUZZbWa66I,46,C_47,-2.17424,94.6655,-58.705
uHvWwqUZZbWa66I,46,C_80,-11.8696,81.9215,-66.3815
uHvWwqUZZbWa66I,47,C_0,-1.76634,76.5467,-46.2619
uHvWwqUZZbWa66I,47,C_137,-10.2959,71.6226,-33.208
uHvWwqUZZbWa66I,47,C_163,-4.63037,57.5952,-43.0308
uHvWwqUZZbWa66I,47,C_194,-5.72298,91.3355,-39.4903
uHvWwqUZZbWa66I,47,C_42,-6.71327,71.9552,-75.3188
uHvWwqUZZbWa66I,47,C_81,-7.66623,60.8207,-34.3947
uHvWwqUZZbWa66I,48,C_121,-10.5191,78.0854,-47.2629
uHvWwqUZZbWa66I,48,C_175,-15.086,86.2656,-62.0215
uHvWwqUZZbWa66I,48,C_199,-2.84117,65.7782,-33.0574
uHvWwqUZZbWa66I,48,C_45,-0.322775,79.5055,-53.1802
uHvWwqUZZbWa66I,48,C_55,-5.35094,70.2229,-41.447
uHvWwqUZZbWa66I,48,C_86,-11.1029,75.5952,-67.2243
uHvWwqUZZbWa66I,49,C_130,-10.0498,71.2967,-40.3374
uHvWwqUZZbWa66I,49,C_135,-5.38764,65.7303,-62.1091
uHvWwqUZZbWa66I,49,C_53,-9.194,73.8602,-46.1376
uHvWwqUZZbWa66I,49,C_60,-5.487,83.0028,-59.5146
uHvWwqUZZbWa66I,50,C_138,-14.8452,74.299,-49.3439
uHvWwqUZZbWa66I,50,C_195,-4.26966,77.3087,-40.6086
uHvWwqUZZbWa66I,50,C_97,-0.193992,76.4002,-16.0025
uHvWwqUZZbWa66I,51,C_11,-11.7519,77.2212,-57.8829
uHvWwqUZZbWa66I,51,C_136,-10.737,79.0128,-57.4512
uHvWwqUZZbWa66I,51,C_183,-6.2355,74.5002,-57.8059
uHvWwqUZZbWa66I,51,C_192,-4.21702,61.8933,-29.6225
uHvWwqUZZbWa66I,51,C_193,-14.3619,73.9069,-65.9235
uHvWwqUZZbWa66I,51,C_5,-2.88293,84.9882,-43.7008
uHvWwqUZZbWa66I,51,C_59,-18.8977,84.8004,-76.783
uHvWwqUZZbWa66I,52,C_140,-0.64288,70.9556,-16.1798
uHvWwqUZZbWa66I,52,C_156,-7.40754,94.0215,-48.3295
uHvWwqUZZbWa66I,52,C_172,-15.8884,72.5779,-31.431
uHvWwqUZZbWa66I,52,C_32,-5.53148,88.0637,-50.8241
uHvWwqUZZbWa66I,52,C_65,-4.28929,59.4151,-20.8884
uHvWwqUZZbWa66I,53,C_141,-4.56082,85.3352,-38.9492
uHvWwqUZZbWa66I,53,C_174,-3.54711,62.4127,-35.8312
uHvWwqUZZbWa66I,53,C_179,-10.0008,91.5009,-45.1135
uHvWwqUZZbWa66I,53,C_185,-12.6533,77.0094,-43.4917
uHvWwqUZZbWa66I,53,C_199,-3.29383,72.3164,-19.2501
uHvWwqUZZbWa66I,53,C_26,-9.79869,60.6507,-49.0819
uHvWwqUZZbWa66I,53,C_68,-13.3389,62.6864,-39.6263
uHvWwqUZZbWa66I,54,C_102,-12.7716,71.6899,-45.696
uHvWwqUZZbWa66I,54,C_162,-4.35595,71.1868,-21.3043
uHvWwqUZZbWa66I,54,C_181,-1.83525,66.6072,-20.5028
uHvWwqUZZbWa66I,54,C_196,-8.04772,43.8599,-6.69689
uHvWwqUZZbWa66I,54,C_34,-2.95375,65.9116,-25.9651
uHvWwqUZZbWa66I,54,C_74,-9.03989,69.7386,-26.4072
uHvWwqUZZbWa66I,55,C_106,-11.066,78.1985,-54.3794
uHvWwqUZZbWa66I,55,C_139,-12.2675,70.854,-43.3478
uHvWwqUZZbWa66I,55,C_163,-8.98344,65.5231,-18.703
uHvWwqUZZbWa66I,55,C_184,-2.0679,52.8191,-12.8585
uHvWwqUZZbWa66I,55,C_95,-7.2366,72.819,-28.2945
uHvWwqUZZbWa66I,56,C_119,-1.98282,88.5758,-36.3763
uHvWwqUZZbWa66I,56,C_164,-14.134,74.9997,-37.2494
uHvWwqUZZbWa66I,56,C_191,-3.83719,54.1506,-12.2118
uHvWwqUZZbWa66I,56,C_50,-1.02602,72.8408,-31.8582
uHvWwqUZZbWa66I,57,C_111,-5.07649,67.4434,-26.1808
uHvWwqUZZbWa66I,57,C_190,-14.6706,73.1439,-33.3394
uHvWwqUZZbWa66I,57,C_21,-16.1607,80.7301,-36.158
uHvWwqUZZbWa66I,57,C_86,-1.95914,78.0885,-28.4213
uHvWwqUZZbWa66I,58,C_125,-13.4637,88.8519,-16.5208
uHvWwqUZZbWa66I,58,C_166,-12.5965,93.1448,-18.9149
uHvWwqUZZbWa66I,58,C_199,-4.38002,89.3009,-7.73053
uHvWwqUZZbWa66I,58,C_2,-16.8306,93.2367,-55.7576
uHvWwqUZZbWa66I,58,C_49,-14.4341,84.7536,-22.1881
uHvWwqUZZbWa66I,58,C_65,-10.9625,71.7717,-2.9776
uHvWwqUZZbWa66I,59,C_129,-2.60219,81.5726,-15.4733
uHvWwqUZZbWa66I,59,C_156,-6.28898,98.8365,-18.5794
uHvWwqUZZbWa66I,59,C_178,-12.3063,73.6323,-27.5795
uHvWwqUZZbWa66I,59,C_59,-3.62196,89.019,-30.8122
uHvWwqUZZbWa66I,59,C_64,-8.35503,77.4921,-18.9539
uHvWwqUZZbWa66I,59,C_71,-19.2296,94.8925,-27.8034
uHvWwqUZZbWa66I,59,C_81,-9.43787,70.4141,-5.50698
uHvWwqUZZbWa66I,60,C_103,-8.97075,73.3258,-18.5227
uHvWwqUZZbWa66I,60,C_179,-5.70248,90.1966,-18.863
uHvWwqUZZbWa66I,60,C_187,-11.8942,67.9413,-15.7419
uHvWwqUZZbWa66I,60,C_73,-13.7117,82.5917,-12.0638
uHvWwqUZZbWa66I,61,C_142,-2.52706,68.8331,-8.34671
uHvWwqUZZbWa66I,61,C_182,-11.084,77.0018,-5.08964
uHvWwqUZZbWa66I,61,C_53,-8.85393,65.6564,-22.2941
uHvWwqUZZbWa66I,62,C_117,-15.4382,73.004,-10.2738
uHvWwqUZZbWa66I,62,C_150,-6.75477,89.4422,-6.14996
uHvWwqUZZbWa66I,62,C_162,-18.8346,78.0577,-8.25346
uHvWwqUZZbWa66I,62,C_184,-1.00011,47.6812,-4.40371
uHvWwqUZZbWa66I,62,C_189,-7.25141,70.534,-6.41965
uHvWwqUZZbWa66I,62,C_29,-14.2926,78.6205,-24.3827
uHvWwqUZZbWa66I,62,C_3,-3.76485,79.4125,-8.14447
uHvWwqUZZbWa66I,62,C_54,-5.15442,94.7397,-0.715156
uHvWwqUZZbWa66I,63,C_109,-1.41916,52.1915,-5.45262
uHvWwqUZZbWa66I,63,C_133,-20.1398,65.6248,-8.67797
uHvWwqUZZbWa66I,63,C_153,-3.79468,95.7557,-14.6801
uHvWwqUZZbWa66I,63,C_159,-15.7294,80.2711,-16.4304
uHvWwqUZZbWa66I,63,C_26,-18.462,79.4953,-13.6211
uHvWwqUZZbWa66I,63,C_5,-5.93673,89.4698,-7.52645
uHvWwqUZZbWa66I,63,C_74,-14.6964,72.7588,-8.89542
uHvWwqUZZbWa66I,63,C_90,-11.4128,67.8077,-13.6972
uHvWwqUZZbWa66I,64,C_100,-9.46827,75.6523,-9.92318
uHvWwqUZZbWa66I,64,C_136,-11.6429,80.7947,-18.0847
uHvWwqUZZbWa66I,65,C_167,-10.0863,70.4945,3.73286
uHvWwqUZZbWa66I,65,C_198,-2.63699,75.4496,-13.1202
uHvWwqUZZbWa66I,65,C_55,-4.54938,64.16,-10.2239
uHvWwqUZZbWa66I,66,C_101,-5.79028,62.5858,-5.91991
uHvWwqUZZbWa66I,66,C_113,-2.86847,58.9272,-9.71817
uHvWwqUZZbWa66I,66,C_140,-1.27215,59.9957,2.35919
uHvWwqUZZbWa66I,66,C_165,-10.0166,83.3329,-8.9737
uHvWwqUZZbWa66I,66,C_177,-7.45863,51.1773,-6.15099
uHvWwqUZZbWa66I,66,C_95,-3.47002,78.5581,7.27925
uHvWwqUZZbWa66I,67,C_108,-0.0106575,67.0787,-5.52369
uHvWwqUZZbWa66I,67,C_11,-27.7378,91.067,-13.3687
uHvWwqUZZbWa66I,67,C_163,-6.62817,68.5628,7.70475
uHvWwqUZZbWa66I,67,C_172,-17.9785,71.276,-4.69582
uHvWwqUZZbWa66I,67,C_175,-0.508696,70.7418,-7.20628
uHvWwqUZZbWa66I,67,C_179,-25.3125,97.0971,-12.0912
uHvWwqUZZbWa66I,67,C_195,-20.9534,80.2533,-10.0081
uHvWwqUZZbWa66I,67,C_49,-1.07049,72.2392,-0.261013
uHvWwqUZZbWa66I,67,C_50,-15.1145,89.9303,0.225118
uHvWwqUZZbWa66I,67,C_81,-4.33449,49.632,-6.4114
uHvWwqUZZbWa66I,67,C_94,-9.80235,71.2441,-8.1408
uHvWwqUZZbWa66I,68,C_27,-0.0461777,54.4824,-3.38887
uHvWwqUZZbWa66I,69,C_102,-18.7403,80.3513,-6.45216
uHvWwqUZZbWa66I,69,C_186,-10.9577,75.2979,2.7244
uHvWwqUZZbWa66I,69,C_196,-2.53052,31.7251,-0.971479
uHvWwqUZZbWa66I,69,C_26,-1.73362,59.1965,-3.88468
uHvWwqUZZbWa66I,69,C_53,-2.24429,74.222,10.1302
uHvWwqUZZbWa66I,70,C_193,-2.83614,72.5327,0.223343
uHvWwqUZZbWa66I,71,C_109,-8.85959,48.8706,-2.66289
uHvWwqUZZbWa66I,71,C_189,-19.1787,66.0889,-4.85261
uHvWwqUZZbWa66I,71,C_199,-8.77884,68.351,-1.27119
uHvWwqUZZbWa66I,71,C_52,-20.2627,73.6609,-7.84384
uHvWwqUZZbWa66I,71,C_66,-4.12295,50.0654,-6.10899
uHvWwqUZZbWa66I,72,C_58,-4.78241,64.039,-5.51661
uHvWwqUZZbWa66I,73,C_101,-20.7243,66.7814,-3.99679
uHvWwqUZZbWa66I,73,C_136,-6.19856,81.211,9.09414
uHvWwqUZZbWa66I,73,C_162,-23.0269,75.7225,0.117651
uHvWwqUZZbWa66I,73,C_34,-25.0844,66.8857,-6.30962
uHvWwqUZZbWa66I,73,C_45,-0.172488,84.2057,20.8476
uHvWwqUZZbWa66I,73,C_83,-3.64836,58.4052,8.44023
uHvWwqUZZbWa66I,74,C_137,-1.33013,41.3562,-1.56065
uHvWwqUZZbWa66I,75,C_117,-5.3179,48.5976,-1.69795
uHvWwqUZZbWa66I,75,C_125,-5.30799,60.3584,1.71273
uHvWwqUZZbWa66I,75,C_169,-4.58974,61.6957,11.0603
uHvWwqUZZbWa66I,75,C_191,-12.5452,51.452,-2.24464
uHvWwqUZZbWa66I,75,C_27,-14.7435,58.6914,-1.94411
uHvWwqUZZbWa66I,75,C_36,-1.9068,69.7586,5.95612
uHvWwqUZZbWa66I,75,C_73,-10.2262,63.2641,2.27252
uHvWwqUZZbWa66I,75,C_75,-1.08241,60.4708,8.32361
uHvWwqUZZbWa66I,76,C_178,-3.50635,59.763,3.83459
uHvWwqUZZbWa66I,77,C_113,-8.78618,51.3717,-2.50907
uHvWwqUZZbWa66I,77,C_120,-7.84665,68.3258,13.8061
uHvWwqUZZbWa66I,77,C_131,-12.0633,74.7721,3.50807
uHvWwqUZZbWa66I,77,C_139,-16.4863,71.9094,2.68632
uHvWwqUZZbWa66I,77,C_23,-2.31276,67.0201,1.58628
uHvWwqUZZbWa66I,77,C_64,-4.43271,60.6597,4.54656
uHvWwqUZZbWa66I,79,C_106,-16.5132,74.9989,-0.101837
uHvWwqUZZbWa66I,79,C_129,-10.4133,59.5154,-3.20289
uHvWwqUZZbWa66I,79,C_133,-5.65939,40.4156,3.50389
uHvWwqUZZbWa66I,79,C_135,-19.0904,66.0903,-1.94706
uHvWwqUZZbWa66I,79,C_137,-5.90554,40.6156,-0.150359
uHvWwqUZZbWa66I,79,C_141,-14.8913,67.4693,-3.21955
uHvWwqUZZbWa66I,79,C_150,-13.8473,63.2949,-2.67438
uHvWwqUZZbWa66I,79,C_165,-8.85973,61.8374,-1.70273
uHvWwqUZZbWa66I,79,C_24,-6.08904,51.9878,-2.2793
uHvWwqUZZbWa66I,79,C_46,-17.295,73.7717,-6.07646
uHvWwqUZZbWa66I,79,C_97,-0.947124,59.2463,15.1023
uHvWwqUZZbWa66I,81,C_111,-3.50743,39.8728,-2.47669
uHvWwqUZZbWa66I,81,C_152,-5.76045,46.7551,-1.2365
uHvWwqUZZbWa66I,81,C_169,-0.81458,41.9701,3.59855
uHvWwqUZZbWa66I,81,C_49,-0.315248,48.7289,3.11479
uHvWwqUZZbWa66I,83,C_117,-5.58593,39.2937,-0.817645
uHvWwqUZZbWa66I,83,C_118,-10.3033,57.0597,5.2147
uHvWwqUZZbWa66I,83,C_123,-25.1053,64.0671,-4.07286
uHvWwqUZZbWa66I,83,C_138,-16.0688,48.7213,-3.38261
uHvWwqUZZbWa66I,83,C_184,-9.32006,38.4197,2.20315
uHvWwqUZZbWa66I,83,C_191,-5.8211,38.8962,1.04463
uHvWwqUZZbWa66I,83,C_20,-2.63074,66.6822,22.9067
uHvWwqUZZbWa66I,83,C_32,-10.0905,68.5437,4.89787
uHvWwqUZZbWa66I,83,C_60,-3.99942,71.4902,16.3129
uHvWwqUZZbWa66I,85,C_130,-18.0511,47.6458,-3.62453
uHvWwqUZZbWa66I,85,C_169,-3.76716,39.4398,2.90198
uHvWwqUZZbWa66I,85,C_181,-5.26719,34.2767,-1.82756
uHvWwqUZZbWa66I,85,C_196,-5.58471,33.0436,1.49693
uHvWwqUZZbWa66I,85,C_29,-1.92481,47.6407,2.39439
uHvWwqUZZbWa66I,85,C_47,-13.4666,60.6316,-1.06883
uHvWwqUZZbWa66I,85,C_83,-0.76757,51.0234,20.2888
uHvWwqUZZbWa66I,86,C_73,-0.198045,43.4238,7.50685
uHvWwqUZZbWa66I,87,C_136,-14.3256,54.4572,-2.67431
uHvWwqUZZbWa66I,87,C_137,-4.14048,35.4033,4.37234
uHvWwqUZZbWa66I,87,C_138,-1.00216,31.5691,-0.823064
uHvWwqUZZbWa66I,87,C_144,-5.56923,44.0817,-0.268482
uHvWwqUZZbWa66I,87,C_184,-3.10033,33.8972,7.62811
uHvWwqUZZbWa66I,87,C_189,-0.311203,30.787,-0.410437
uHvWwqUZZbWa66I,87,C_53,-1.26385,38.9389,3.59248
uHvWwqUZZbWa66I,87,C_63,-13.5043,49.5063,-3.47809
uHvWwqUZZbWa66I,87,C_68,-7.18526,35.014,-1.87951
uHvWwqUZZbWa66I,87,C_89,-1.0097,31.2255,-1.69192
uHvWwqUZZbWa66I,89,C_103,-3.86438,34.5985,-2.32442
uHvWwqUZZbWa66I,89,C_117,-10.3394,49.3219,10.8903
uHvWwqUZZbWa66I,89,C_133,-8.07628,29.1988,-1.21423
uHvWwqUZZbWa66I,89,C_165,-21.8813,58.2694,-3.44414
uHvWwqUZZbWa66I,89,C_169,-1.39432,28.8488,-1.17053
uHvWwqUZZbWa66I,89,C_81,-1.95836,31.9297,5.07544
uHvWwqUZZbWa66I,91,C_120,-8.0437,34.9191,-2.56382
uHvWwqUZZbWa66I,91,C_139,-2.85379,35.8037,-1.25343
uHvWwqUZZbWa66I,91,C_141,-3.705,52.946,10.8943
uHvWwqUZZbWa66I,91,C_167,-0.187,22.1852,-1.66376
uHvWwqUZZbWa66I,91,C_185,-17.2594,53.1566,2.54452
uHvWwqUZZbWa66I,91,C_191,-17.3079,38.9051,-2.93438
uHvWwqUZZbWa66I,91,C_20,-3.30375,42.8312,7.68062
uHvWwqUZZbWa66I,91,C_24,-6.54999,38.9845,-0.592984
uHvWwqUZZbWa66I,91,C_26,-6.23476,37.6453,0.516556
uHvWwqUZZbWa66I,91,C_58,-3.43954,37.8346,-1.88034
uHvWwqUZZbWa66I,93,C_102,-2.37971,31.999,-2.40763
uHvWwqUZZbWa66I,93,C_119,-4.99126,41.8704,-2.82876
uHvWwqUZZbWa66I,93,C_121,-13.8985,38.8313,-3.52402
uHvWwqUZZbWa66I,93,C_123,-5.0185,38.0267,1.91361
uHvWwqUZZbWa66I,93,C_146,-11.0034,51.4888,-2.9675
uHvWwqUZZbWa66I,93,C_158,-8.7736,33.8239,0.374393
uHvWwqUZZbWa66I,93,C_169,-12.4071,35.3735,-2.01792
uHvWwqUZZbWa66I,93,C_178,-15.7246,42.9519,-3.31374
uHvWwqUZZbWa66I,93,C_29,-13.1977,43.6518,-3.29373
uHvWwqUZZbWa66I,93,C_49,-1.95197,38.4353,5.51662
uHvWwqUZZbWa66I,93,C_64,-8.71738,36.8456,-2.73711
uHvWwqUZZbWa66I,93,C_77,-2.97659,26.5993,0.547067
uHvWwqUZZbWa66I,93,C_79,-8.72036,28.5336,-2.69677
uHvWwqUZZbWa66I,95,C_167,-5.33308,25.498,-0.521311
uHvWwqUZZbWa66I,95,C_199,-16.3554,41.8028,-3.03794
uHvWwqUZZbWa66I,95,C_21,-6.26491,49.9948,12.1132
uHvWwqUZZbWa66I,95,C_26,-2.52756,28.3386,-1.17615
uHvWwqUZZbWa66I,95,C_36,-10.5618,41.7764,-1.79823
uHvWwqUZZbWa66I,95,C_47,-5.54344,42.0114,0.81527
uHvWwqUZZbWa66I,97,C_0,-5.21772,32.2724,0.420801
uHvWwqUZZbWa66I,97,C_158,-4.89265,24.4644,-1.89892
uHvWwqUZZbWa66I,97,C_24,-4.12245,29.2088,-2.04795
uHvWwqUZZbWa66I,97,C_73,-12.5244,34.7908,-2.62722
uHvWwqUZZbWa66I,97,C_79,-2.3587,23.1909,1.17488
uHvWwqUZZbWa66I,97,C_94,-3.88103,30.0736,-0.46099
uHvWwqUZZbWa66I,99,C_103,-1.05194,29.3066,4.33702
uHvWwqUZZbWa66I,99,C_11,-1.38662,27.4552,-2.04837
uHvWwqUZZbWa66I,99,C_133,-13.8842,28.3835,-1.29863
uHvWwqUZZbWa66I,99,C_140,-13.3791,28.7985,-2.48643
uHvWwqUZZbWa66I,99,C_160,-0.891946,34.452,6.27684
uHvWwqUZZbWa66I,99,C_163,-13.5909,29.8967,-2.31297
uHvWwqUZZbWa66I,99,C_167,-5.20095,22.2315,-0.85437
uHvWwqUZZbWa66I,99,C_177,-6.40821,23.4633,-1.89406
uHvWwqUZZbWa66I,99,C_179,-3.18711,40.5562,5.69167
uHvWwqUZZbWa66I,99,C_2,-8.41549,42.7462,-3.49775
uHvWwqUZZbWa66I,99,C_41,-5.57882,25.078,-0.385484
uHvWwqUZZbWa66I,99,C_46,-8.8101,44.2622,2.14382
uHvWwqUZZbWa66I,101,C_138,-8.856,26.6015,-1.9977
uHvWwqUZZbWa66I,102,C_89,-0.230061,27.7722,8.00708
uHvWwqUZZbWa66I,103,C_121,-4.1775,23.3838,-1.46494
uHvWwqUZZbWa66I,105,C_11,-0.938389,22.8916,-1.07184
uHvWwqUZZbWa66I,105,C_163,-2.19274,16.2374,-1.13798
uHvWwqUZZbWa66I,105,C_54,-4.50998,25.9864,-1.94651
uHvWwqUZZbWa66I,105,C_79,-2.47261,17.2358,-0.208438
uHvWwqUZZbWa66I,107,C_111,-4.01344,21.3428,0.461602
uHvWwqUZZbWa66I,107,C_133,-7.84637,18.684,-1.32455
uHvWwqUZZbWa66I,107,C_51,-3.55212,29.6564,-0.294595
uHvWwqUZZbWa66I,107,C_90,-3.10677,24.7276,4.72974
uHvWwqUZZbWa66I,109,C_131,-0.776344,21.0797,-1.48028
uHvWwqUZZbWa66I,109,C_164,-0.726154,17.6867,-1.61322
uHvWwqUZZbWa66I,111,C_103,-0.974299,17.1669,-0.110754
uHvWwqUZZbWa66I,111,C_186,-2.46156,19.4072,0.861628
uHvWwqUZZbWa66I,111,C_79,-0.680373,12.3272,-0.815151
uHvWwqUZZbWa66I,117,C_184,-0.691997,10.5305,1.23165
uHvWwqUZZbWa66I,123,C_100,-0.633908,12.584,-0.0449456
uHvWwqUZZbWa66I,127,C_66,-0.0146099,8.99148,-0.0383548
uHvWwqUZZbWa66I,138,C_135,-0.273973,8.618,0.196117
uHvWwqUZZbWa66I,139,C_29,-0.460134,8.99971,-0.039836
uHvWwqUZZbWa66I,163,C_23,-0.477553,12.6843,-0.39129
uHvWwqUZZbWa66I,165,C_51,-0.587519,13.6303,-0.324165
uHvWwqUZZbWa66I,170,C_20,-0.0500576,9.71327,-0.0517416
uHvWwqUZZbWa66I,171,C_73,-0.641586,9.34221,-0.404864
uHvWwqUZZbWa66I,174,C_63,-0.371048,10.7074,-0.230876
uHvWwqUZZbWa66I,186,C_66,-0.129423,8.67582,0.377653
uHvWwqUZZbWa66I,187,C_148,-0.551159,8.26892,-0.108946
uHvWwqUZZbWa66I,190,C_100,-0.47603,10.0817,-0.044111
uHvWwqUZZbWa66I,190,C_118,-0.589618,9.93253,-0.202279
uHvWwqUZZbWa66I,198,C_185,-0.598788,10.466,-0.192247
uHvWwqUZZbWa66I,198,C_23,-0.458802,12.5452,-0.350208
uHvWwqUZZbWa66I,198,C_73,-0.352089,9.474,0.128925
uHvWwqUZZbWa66I,199,C_138,-0.176659,8.27508,-0.163303
uHvWwqUZZbWa66I,201,C_29,-0.280167,10.8627,-0.375927
uHvWwqUZZbWa66I,203,C_148,-0.491604,8.27661,0.0365556
uHvWwqUZZbWa66I,206,C_66,-0.027882,8.16152,0.0578225
uHvWwqUZZbWa66I,210,C_100,-0.459492,9.84046,-0.17585
uHvWwqUZZbWa66I,211,C_118,-0.202972,9.56779,-0.087448
uHvWwqUZZbWa66I,215,C_63,-0.759367,10.8041,-0.375719
uHvWwqUZZbWa66I,218,C_73,-0.276387,9.07497,-0.10636
uHvWwqUZZbWa66I,220,C_138,-0.0746547,8.46749,0.233822
uHvWwqUZZbWa66I,222,C_148,-0.0164773,7.5626,-0.109393
uHvWwqUZZbWa66I,224,C_185,-0.146128,9.92513,-0.158224
uHvWwqUZZbWa66I,224,C_23,-0.00445799,11.896,-0.422859
uHvWwqUZZbWa66I,226,C_29,-0.238449,11.1099,0.035234
uHvWwqUZZbWa66I,226,C_66,-0.194282,7.98419,-0.188082
uHvWwqUZZbWa66I,231,C_118,-0.483601,9.69051,-0.147528
uHvWwqUZZbWa66I,234,C_100,-0.0355484,9.29823,-0.181643
uHvWwqUZZbWa66I,238,C_63,-0.38619,10.5766,-0.11758
uHvWwqUZZbWa66I,240,C_73,-0.583181,9.26529,-0.115235
uHvWwqUZZbWa66I,247,C_66,-0.576979,8.40156,-0.0506976
uHvWwqUZZbWa66I,248,C_148,-0.195668,7.93313,0.204224
uHvWwqUZZbWa66I,249,C_138,-0.525228,8.5154,-0.0367784
uHvWwqUZZbWa66I,250,C_185,-0.134386,10.2197,0.270341
uHvWwqUZZbWa66I,252,C_23,-0.339571,12.2599,-0.266916
uHvWwqUZZbWa66I,253,C_29,-0.130461,10.8757,0.0410851
uHvWwqUZZbWa66I,256,C_118,-0.0667193,9.08492,-0.213956
uHvWwqUZZbWa66I,262,C_73,-0.0124714,8.9417,0.234605
uHvWwqUZZbWa66I,265,C_100,-0.244512,9.54813,0.00603576
uHvWwqUZZbWa66I,269,C_63,-0.224335,10.42,0.0392802
uHvWwqUZZbWa66I,270,C_66,-0.0801427,7.913,0.0700768
uHvWwqUZZbWa66I,271,C_148,-0.520736,7.86482,-0.0766514
uHvWwqUZZbWa66I,277,C_138,-0.0293276,8.16198,0.232876
uHvWwqUZZbWa66I,278,C_185,-0.284984,9.84241,-0.120572
uHvWwqUZZbWa66I,281,C_23,-0.134411,11.779,-0.400736
uHvWwqUZZbWa66I,287,C_29,-0.5041,10.9513,-0.0906125
uHvWwqUZZbWa66I,289,C_118,-0.741103,9.55012,-0.261726
uHvWwqUZZbWa66I,289,C_73,-0.076855,8.8491,0.209683
uHvWwqUZZbWa66I,295,C_100,-0.156534,9.23544,-0.0817259
uHvWwqUZZbWa66I,296,C_148,-0.163898,7.32552,-0.136837
uHvWwqUZZbWa66I,303,C_66,-0.343684,8.17816,0.218432
uHvWwqUZZbWa66I,306,C_185,-0.440521,10.0178,0.0362543
uHvWwqUZZbWa66I,308,C_63,-0.0265882,9.83218,-0.164914
uHvWwqUZZbWa66I,312,C_138,-0.380281,8.24986,0.136104
uHvWwqUZZbWa66I,317,C_73,-0.287059,8.9393,0.211958
uHvWwqUZZbWa66I,319,C_118,-0.163031,9.01433,-0.0776049
uHvWwqUZZbWa66I,322,C_23,-0.00483069,11.5089,-0.345631
uHvWwqUZZbWa66I,325,C_29,-0.475571,10.5096,-0.317954
uHvWwqUZZbWa66I,329,C_148,-0.152003,7.55433,0.260383
uHvWwqUZZbWa66I,331,C_100,-0.229968,9.42815,0.208749
uHvWwqUZZbWa66I,342,C_66,-0.473583,7.99313,0.0649143
uHvWwqUZZbWa66I,343,C_138,-0.0254974,7.8696,0.252475
uHvWwqUZZbWa66I,344,C_73,-0.043836,8.55704,0.204991
uHvWwqUZZbWa66I,350,C_185,-0.369534,9.76211,0.0520757
uHvWwqUZZbWa66I,357,C_63,-0.447809,10.087,-0.0965118
uHvWwqUZZbWa66I,364,C_118,-0.0561232,9.02101,0.236526
uHvWwqUZZbWa66I,370,C_23,-0.539798,11.8838,-0.290505
uHvWwqUZZbWa66I,371,C_148,-0.274494,7.51442,0.288744
uHvWwqUZZbWa66I,372,C_66,-0.583842,7.88229,-0.00944423
uHvWwqUZZbWa66I,374,C_138,-0.0518404,7.90591,0.404286
uHvWwqUZZbWa66I,375,C_29,-0.337079,10.388,-0.0907313
uHvWwqUZZbWa66I,378,C_73,-0.155625,8.16957,-0.137752
uHvWwqUZZbWa66I,379,C_100,-0.178995,9.12434,0.156452
uHvWwqUZZbWa66I,393,C_185,-0.0235171,9.26249,0.103906
uHvWwqUZZbWa66I,415,C_66,-0.0971524,7.50417,0.299663
uHvWwqUZZbWa66I,417,C_63,-0.400335,9.83465,-0.0470735
uHvWwqUZZbWa66I,419,C_118,-0.0131365,8.95679,0.464741
uHvWwqUZZbWa66I,421,C_23,-0.296644,11.7171,0.0305095
uHvWwqUZZbWa66I,423,C_148,-0.0422673,6.92054,0.142305
uHvWwqUZZbWa66I,423,C_29,-0.315861,9.77795,-0.444772
uHvWwqUZZbWa66I,437,C_73,-0.0175781,8.2529,0.357536
uHvWwqUZZbWa66I,440,C_138,-0.274893,7.72243,0.237419
uHvWwqUZZbWa66I,448,C_100,-0.205749,8.8641,0.16293
uHvWwqUZZbWa66I,458,C_148,-0.0237715,6.77446,0.17613
uHvWwqUZZbWa66I,460,C_185,-0.0221655,9.32815,0.464394
uHvWwqUZZbWa66I,460,C_66,-0.149438,7.38022,0.328861
uHvWwqUZZbWa66I,480,C_118,-0.0998471,8.6631,0.328901
uHvWwqUZZbWa66I,495,C_29,-0.0842181,9.91328,0.259687
uHvWwqUZZbWa66I,497,C_138,-0.0763259,7.20122,0.164228
uHvWwqUZZbWa66I,503,C_63,-0.141515,9.29661,0.0258728
uHvWwqUZZbWa66I,506,C_73,-0.140288,8.13654,0.392373
uHvWwqUZZbWa66I,513,C_23,-0.0279093,11.2966,0.245555
uHvWwqUZZbWa66I,515,C_66,-0.00442283,6.93309,0.222398
uHvWwqUZZbWa66I,520,C_148,-0.0238839,6.55909,0.224779
uHvWwqUZZbWa66I,522,C_100,-0.387201,8.49793,-0.06187
uHvWwqUZZbWa66I,529,C_185,-0.192962,8.89998,0.178465
uHvWwqUZZbWa66I,552,C_118,-0.327252,8.47415,0.22559
uHvWwqUZZbWa66I,558,C_138,-0.0889106,7.20916,0.433495
uHvWwqUZZbWa66I,566,C_100,-0.529214,8.44822,-0.0481669
uHvWwqUZZbWa66I,574,C_29,-0.192695,9.66452,0.264399
uHvWwqUZZbWa66I,581,C_66,-0.309802,6.7641,0.0170394
uHvWwqUZZbWa66I,588,C_23,-0.160487,10.8508,-0.00997827
uHvWwqUZZbWa66I,600,C_185,-0.397572,8.75392,0.0674583
uHvWwqUZZbWa66I,607,C_73,-0.406231,7.79131,0.113796
uHvWwqUZZbWa66I,615,C_148,-0.00243018,6.50556,0.510628
uHvWwqUZZbWa66I,615,C_63,-0.381173,9.031,-0.0636409
uHvWwqUZZbWa66I,626,C_29,-0.557364,9.41925,-0.125427
uHvWwqUZZbWa66I,646,C_185,-0.120577,8.35242,0.16306
uHvWwqUZZbWa66I,653,C_100,-0.26805,7.99444,0.116279
uHvWwqUZZbWa66I,673,C_23,-0.360379,10.5641,-0.0954677
uHvWwqUZZbWa66I,674,C_66,-0.422085,6.443,-0.0397222
uHvWwqUZZbWa66I,678,C_138,-0.0680416,6.90726,0.514414
uHvWwqUZZbWa66I,693,C_73,-0.282921,7.42183,0.205122
uHvWwqUZZbWa66I,701,C_63,-0.127432,8.71437,0.186507
uHvWwqUZZbWa66I,715,C_148,-0.016759,5.97116,0.304282
uHvWwqUZZbWa66I,719,C_29,-0.276773,9.05562,0.163264
uHvWwqUZZbWa66I,724,C_66,-0.244118,6.35072,0.256289
uHvWwqUZZbWa66I,758,C_138,-0.359889,6.51177,0.140116
uHvWwqUZZbWa66I,765,C_63,-0.0730422,8.53457,0.364357
uHvWwqUZZbWa66I,768,C_185,-0.0236069,8.02941,0.37723
uHvWwqUZZbWa66I,780,C_23,-0.350271,10.2333,-0.000408523
uHvWwqUZZbWa66I,787,C_66,-0.373914,6.08996,0.115186
uHvWwqUZZbWa66I,795,C_29,-0.275744,8.7768,0.208289
uHvWwqUZZbWa66I,810,C_148,-0.120302,5.78503,0.322758
uHvWwqUZZbWa66I,834,C_100,-0.0221044,7.22423,0.081132
uHvWwqUZZbWa66I,843,C_63,-0.0764388,8.28252,0.387709
uHvWwqUZZbWa66I,846,C_73,-0.0798455,6.93409,0.429149
uHvWwqUZZbWa66I,866,C_23,-0.0734379,9.82285,0.257273
uHvWwqUZZbWa66I,866,C_29,-0.12796,8.34952,0.236942
uHvWwqUZZbWa66I,910,C_66,-0.0719633,5.81486,0.577358
uHvWwqUZZbWa66I,911,C_148,-0.160598,5.34964,0.150324
uHvWwqUZZbWa66I,922,C_138,-0.00524361,5.92734,0.365208
uHvWwqUZZbWa66I,939,C_23,-0.341245,9.43059,-0.119107
uHvWwqUZZbWa66I,946,C_29,-0.0262678,8.12463,0.441459
uHvWwqUZZbWa66I,950,C_63,-0.077575,7.81898,0.329006
uHvWwqUZZbWa66I,979,C_100,-0.0401017,7.23989,0.504329
uHvWwqUZZbWa66I,1001,C_148,-0.3162,5.43198,0.399885
uHvWwqUZZbWa66I,1005,C_66,-0.0866174,5.53561,0.547576
uHvWwqUZZbWa66I,1036,C_63,-0.135388,7.46196,0.192966
uHvWwqUZZbWa66I,1041,C_100,-0.202723,6.82232,0.163814
uHvWwqUZZbWa66I,1047,C_29,-0.305405,7.80443,0.238314
uHvWwqUZZbWa66I,1048,C_138,-0.0445344,5.62342,0.501344
uHvWwqUZZbWa66I,1053,C_23,-0.0734639,9.03378,0.211635
uHvWwqUZZbWa66I,1105,C_100,-0.0195789,6.26933,0.0483076
uHvWwqUZZbWa66I,1127,C_63,-0.0486429,6.95482,0.154091
uHvWwqUZZbWa66I,1131,C_66,-0.148997,5.23735,0.539106
uHvWwqUZZbWa66I,1136,C_148,-0.133689,4.95672,0.532673
uHvWwqUZZbWa66I,1142,C_29,-0.156044,7.38432,0.261029
uHvWwqUZZbWa66I,1148,C_138,-0.260481,5.43109,0.415883
uHvWwqUZZbWa66I,1179,C_100,-0.326819,6.44504,0.23471
uHvWwqUZZbWa66I,1192,C_29,-0.102004,7.11915,0.284678
uHvWwqUZZbWa66I,1194,C_138,-0.303923,5.06702,0.204023
uHvWwqUZZbWa66I,1196,C_148,-0.209628,4.74022,0.455449
uHvWwqUZZbWa66I,1225,C_148,-0.38244,4.65185,0.326326
uHvWwqUZZbWa66I,1239,C_63,-0.146322,6.60277,0.178815
uHvWwqUZZbWa66I,1254,C_29,-0.266987,6.84281,0.127047
uHvWwqUZZbWa66I,1258,C_138,-0.398966,5.04027,0.307223
uHvWwqUZZbWa66I,1266,C_66,-0.0680453,4.96038,0.661018
uHvWwqUZZbWa66I,1271,C_148,-0.272594,4.37426,0.364016
uHvWwqUZZbWa66I,1315,C_29,-0.0766161,6.74764,0.466808
uHvWwqUZZbWa66I,1350,C_138,-0.0472405,4.81449,0.68751
uHvWwqUZZbWa66I,1350,C_148,-0.338666,4.2344,0.39775
uHvWwqUZZbWa66I,1393,C_148,-0.100438,4.05814,0.635806
uHvWwqUZZbWa66I,1419,C_29,-0.121982,6.46661,0.512143
uHvWwqUZZbWa66I,1442,C_138,-0.0228064,4.38477,0.546356
uHvWwqUZZbWa66I,1444,C_148,-0.18082,3.82064,0.508681
uHvWwqUZZbWa66I,1472,C_29,-0.228061,6.18969,0.368813
uHvWwqUZZbWa66I,1487,C_138,-0.0787147,4.41169,0.69345
uHvWwqUZZbWa66I,1489,C_148,-0.235374,3.51878,0.338127
uHvWwqUZZbWa66I,1532,C_148,-0.0128309,3.39567,0.613646
uHvWwqUZZbWa66I,1538,C_29,-0.208537,5.74017,0.222509
uHvWwqUZZbWa66I,1545,C_138,-0.17313,4.09755,0.529457
uHvWwqUZZbWa66I,1589,C_29,-0.0520304,5.73995,0.564662
uHvWwqUZZbWa66I,1605,C_138,-0.17078,3.77386,0.433109
uHvWwqUZZbWa66I,1610,C_148,-0.00693589,3.28824,0.746888
uHvWwqUZZbWa66I,1640,C_148,-0.107507,3.23136,0.711724
uHvWwqUZZbWa66I,1645,C_29,-0.0096984,5.39392,0.515309
uHvWwqUZZbWa66I,1677,C_148,-0.00108737,2.95674,0.665804
uHvWwqUZZbWa66I,1691,C_138,-0.116999,3.74362,0.666971
uHvWwqUZZbWa66I,1719,C_148,-0.0145867,2.62157,0.478543
uHvWwqUZZbWa66I,1745,C_138,-0.0111455,3.51092,0.740667
uHvWwqUZZbWa66I,1765,C_29,-0.256371,5.26016,0.438131
uHvWwqUZZbWa66I,1787,C_148,-0.325162,2.73553,0.511812
uHvWwqUZZbWa66I,1841,C_148,-0.0591862,2.29525,0.513592
uHvWwqUZZbWa66I,1864,C_148,-0.0155456,2.31673,0.66187
uHvWwqUZZbWa66I,1884,C_29,-0.0365548,4.69049,0.420878
uHvWwqUZZbWa66I,1915,C_148,-0.0314726,1.98266,0.497737
uHvWwqUZZbWa66I,1923,C_148,-0.0488752,2.02654,0.56334
uHvWwqUZZbWa66I,1924,C_138,-0.272679,3.18209,0.429101
uHvWwqUZZbWa66I,1968,C_148,-0.0256564,2.04319,0.725491
