step_no,equity,k_coef,k_intercept,c_coef,c_intercept,intresses,losses
1,3000.0,12.0,-2.5,12.0,-2.5,0.0,0.0
2,3000.0,12.0,-2.5,12.0,-2.5,0.0,0.0
3,3000.0,12.0,-2.5,12.0,-2.5,0.0,0.0
4,3000.02,12.0,-2.5,12.0,-2.5,0.0206097,0.0
5,3000.91,12.0,-2.5,12.0,-2.5,1.11737,0.0
6,3001.37,12.0,-2.5,12.0,-2.5,0.57936,0.0
7,3001.84,12.0,-2.5,12.0,-2.5,0.585819,0.0
8,3002.32,12.0,-2.5,12.0,-2.5,0.597757,0.0
9,3003.37,12.0,-2.5,12.0,-2.5,1.30723,0.0
10,3004.46,12.0,-2.5,12.0,-2.5,1.40111,0.0314434
11,3004.71,12.0,-2.5,12.0,-2.5,1.3999,1.09509
12,3004.95,12.0,-2.5,12.0,-2.5,1.39875,1.09594
13,3005.19,12.0,-2.5,12.0,-2.5,1.39765,1.09594
14,3005.43,12.0,-2.5,12.0,-2.5,1.39661,1.09594
15,3005.67,12.0,-2.5,12.0,-2.5,1.39563,1.09594
16,3005.91,12.0,-2.5,12.0,-2.5,1.39469,1.09595
17,3006.15,12.0,-2.5,12.0,-2.5,1.3938,1.09595
18,3006.38,12.0,-2.5,12.0,-2.5,1.39295,1.09595
19,3007.46,12.0,-2.5,12.0,-2.5,2.43492,1.09595
20,3009.0,12.0,-2.5,12.0,-2.5,3.45669,1.52492
21,3009.7,12.0,-2.5,12.0,-2.5,3.45596,2.57753
22,3010.06,12.0,-2.5,3.31707,-2.03355,3.02873,2.57922
23,3010.79,12.0,-2.5,3.45744,-2.06925,3.06576,2.15335
24,3012.01,12.0,-2.5,3.5846,-2.10413,3.71274,2.1903
25,3012.84,12.0,-2.5,3.70102,-2.13802,3.74296,2.70505
26,3015.23,12.0,-2.5,3.80849,-2.17086,5.72224,2.73663
27,3012.73,12.0,-2.5,3.90838,-2.20263,3.19894,5.69471
28,3014.98,12.0,-2.5,4.01895,-2.25483,4.96344,2.15688
29,3014.93,12.0,-2.5,4.12282,-2.30549,4.44949,4.49999
30,3016.1,12.0,-2.5,4.25181,-2.41222,4.66233,3.19951
31,3019.16,12.0,-2.5,4.36697,-2.51576,7.03224,3.20361
32,3017.46,12.0,-2.5,4.46314,-2.61559,6.04395,7.74742
33,3016.9,12.0,-2.5,4.58211,-2.74255,5.8985,6.46113
34,3017.84,12.0,-2.5,4.68423,-2.91724,6.01627,4.84167
35,3022.4,12.0,-2.5,4.76413,-3.02406,11.3399,5.63836
36,3018.33,12.0,-2.5,4.94558,-3.10893,9.87626,13.9413
37,3016.89,12.0,-2.5,5.08777,-3.12535,10.2096,11.653
38,3018.82,12.0,-2.5,5.28414,-3.23985,11.0837,8.66692
39,3027.23,12.0,-2.5,5.35762,-3.25623,21.2865,10.7746
40,3026.21,12.0,-2.5,5.56091,-3.40781,19.695,20.7215
41,3030.47,12.0,-2.5,5.74129,-3.60863,22.032,16.7025
42,3036.4,12.0,-2.5,6.01709,-3.77806,25.7447,18.3315
43,3041.58,12.0,-2.5,6.286,-3.9167,28.8881,22.4068
44,3046.13,12.0,-2.5,6.51511,-4.10715,33.7095,28.0256
45,3057.93,12.0,-2.5,6.66516,-4.2124,43.0067,28.262
46,3067.56,12.0,-2.5,6.83032,-4.33474,52.1226,40.0774
47,3064.2,12.0,-2.5,7.02497,-4.46117,53.0475,56.4094
48,3068.15,12.0,-2.5,7.27986,-4.65251,58.058,53.1196
49,3065.51,12.0,-2.5,7.51043,-4.78306,64.718,67.3607
50,3061.15,12.0,-2.5,7.62136,-4.86995,63.9953,68.3587
51,3070.59,12.0,-2.5,7.69266,-4.92834,75.3921,63.5892
52,3072.79,12.0,-2.5,7.86354,-5.0277,82.9157,80.1583
53,3081.44,12.0,-2.5,8.12075,-5.22765,91.0768,80.274
54,3088.89,12.0,-2.5,8.34734,-5.38327,97.982,88.6615
55,3084.86,12.0,-2.5,8.55731,-5.54993,107.241,111.275
56,3079.73,12.0,-2.5,8.68698,-5.64364,120.122,125.247
57,3075.11,12.0,-2.5,8.87338,-5.77822,122.218,126.844
58,3063.38,12.0,-2.5,8.94119,-5.82457,121.393,133.122
59,3052.1,12.0,-2.5,9.09538,-5.94912,126.405,137.683
60,3059.34,12.0,-2.5,9.02075,-5.83727,141.073,132.021
61,3039.48,12.0,-2.5,9.01263,-5.77443,140.058,159.919
62,3035.88,12.0,-2.5,9.02681,-5.79004,146.96,150.557
63,3014.57,12.0,-2.5,9.14866,-5.87994,143.249,164.56
64,3023.01,12.0,-2.5,9.36212,-6.00759,154.158,143.616
65,3018.18,12.0,-2.5,9.30725,-5.92516,159.696,164.517
66,3018.72,12.0,-2.5,9.23124,-5.84064,178.397,177.721
67,2985.14,12.0,-2.5,9.34005,-5.92613,171.626,205.21
68,2974.86,12.0,-2.5,9.29167,-5.84669,176.178,186.463
69,2952.08,12.0,-2.5,9.26562,-5.78948,179.263,202.04
70,2951.79,12.0,-2.5,9.23636,-5.70739,192.879,193.166
71,2952.24,12.0,-2.5,9.2646,-5.71157,208.014,207.46
72,2913.09,12.0,-2.5,9.24181,-5.69457,203.54,242.689
73,2889.66,12.0,-2.5,9.21092,-5.65448,202.457,225.887
74,2896.2,12.0,-2.5,9.23099,-5.6535,226.295,218.119
75,2849.45,12.0,-2.5,9.21273,-5.67251,215.811,262.556
76,2830.41,12.0,-2.5,9.36918,-5.84153,218.867,237.911
77,2810.99,12.0,-2.5,9.4384,-5.96176,229.471,248.889
78,2781.92,12.0,-2.5,9.50315,-6.03357,227.773,256.846
79,2773.72,12.0,-2.5,9.51457,-5.97762,241.281,249.483
80,2750.12,12.0,-2.5,9.49921,-5.97808,247.979,271.577
81,2733.93,12.0,-2.5,9.43671,-5.8797,264.02,280.21
82,2672.4,12.0,-2.5,9.38264,-5.81204,251.538,313.063
83,2620.54,12.0,-2.5,9.24007,-5.62004,236.607,288.466
84,2635.66,12.0,-2.5,9.23272,-5.56403,265.32,246.424
85,2597.29,12.0,-2.5,9.22861,-5.62851,273.538,311.903
86,2552.86,12.0,-2.5,8.92285,-5.34513,265.553,309.989
87,2533.05,12.0,-2.5,8.72688,-5.06716,271.036,290.844
88,2505.52,12.0,-2.5,8.54206,-4.80205,278.712,306.245
89,2471.12,12.0,-2.5,8.51452,-4.7151,289.085,323.479
90,2432.56,12.0,-2.5,8.45626,-4.62036,289.456,328.021
91,2386.38,12.0,-2.5,8.22574,-4.23271,280.559,326.736
92,2366.55,12.0,-2.5,8.32036,-4.26639,281.954,301.78
93,2333.35,12.0,-2.5,8.25309,-4.17842,285.969,319.168
94,2307.6,12.0,-2.5,8.2101,-4.10499,296.799,322.551
95,2252.03,12.0,-2.5,8.13788,-4.00964,292.542,348.113
96,2212.88,12.0,-2.5,8.0529,-3.94268,295.112,334.263
97,2192.85,12.0,-2.5,8.09663,-4.05284,306.451,326.487
98,2140.66,12.0,-2.5,8.10469,-4.08627,302.359,354.546
99,2098.59,12.0,-2.5,8.07626,-4.06559,298.134,340.206
100,2047.05,12.0,-2.5,8.00126,-4.01208,296.835,348.37
101,2027.25,12.0,-2.5,7.88827,-3.90004,306.993,326.796
102,1987.55,12.0,-2.5,7.64317,-3.55469,305.499,345.194
103,1938.92,12.0,-2.5,7.38616,-3.19302,306.438,355.068
104,1883.13,12.0,-2.5,7.20529,-2.89671,298.469,354.263
105,1844.62,12.0,-2.5,7.08101,-2.70826,303.611,342.125
106,1797.2,12.0,-2.5,6.85874,-2.44362,295.927,343.341
107,1757.42,12.0,-2.5,6.63927,-2.21133,300.275,340.053
108,1692.09,12.0,-2.5,6.38088,-1.89104,287.526,352.86
109,1666.72,12.0,-2.5,6.24131,-1.66939,286.568,311.933
110,1638.77,12.0,-2.5,5.90379,-1.22602,288.508,316.462
111,1581.39,12.0,-2.5,5.71596,-0.938874,284.353,341.736
112,1550.66,12.0,-2.5,5.3396,-0.463598,281.743,312.468
113,1485.59,12.0,-2.5,4.90197,0.0691897,273.885,338.957
114,1430.24,12.0,-2.5,4.28243,0.840379,268.788,324.139
115,1370.62,12.0,-2.5,4.29282,0.830258,260.483,320.104
116,1298.7,12.0,-2.5,3.86226,1.3605,255.869,327.793
117,1232.7,12.0,-2.5,4.46309,0.704846,247.518,313.509
118,1186.53,12.0,-2.5,5.01339,0.0236243,238.916,285.089
119,1089.53,12.0,-2.5,5.1994,-0.261817,220.064,317.066
120,1018.43,12.0,-2.5,5.21075,-0.284952,206.837,277.935
121,949.902,12.0,-2.5,5.16892,-0.254727,193.129,261.658
122,882.846,12.0,-2.5,5.33929,-0.420499,180.145,247.2
123,821.001,12.0,-2.5,5.46394,-0.548177,168.231,230.076
124,757.006,12.0,-2.5,5.45701,-0.479947,155.68,219.675
125,694.608,12.0,-2.5,5.43701,-0.435298,143.071,205.469
126,649.779,12.0,-2.5,5.57468,-0.562768,134.191,179.021
127,593.362,12.0,-2.5,5.28523,-0.347,122.818,179.235
128,558.568,12.0,-2.5,4.89583,-0.290257,116.1,150.895
129,478.901,12.0,-2.5,4.53465,-0.389583,100.264,179.931
130,428.793,12.0,-2.5,4.12513,-0.802986,91.164,141.272
131,360.469,12.0,-2.5,4.07141,-1.3456,78.5074,146.832
132,299.01,12.0,-2.5,4.68478,-2.43848,67.3959,128.855
133,240.215,12.0,-2.5,5.03082,-3.26177,57.169,115.963
134,176.76,12.0,-2.5,6.00975,-4.60686,46.6344,110.09
135,103.177,12.0,-2.5,6.3579,-5.23955,35.4151,108.997
136,48.381,12.0,-2.5,5.94185,-5.04514,25.9705,80.767
137,-17.9103,12.0,-2.5,5.03296,-4.34699,19.3074,85.5987
138,-106.799,12.0,-2.5,4.16852,-3.49072,13.4588,102.348
139,-154.86,12.0,-2.5,3.63246,-2.92285,11.2852,59.3463
140,-237.97,12.0,-2.5,3.14074,-2.36791,8.24477,91.3544
141,-285.23,12.0,-2.5,3.06345,-2.09188,6.49408,53.7547
142,-344.192,12.0,-2.5,3.01547,-1.87099,5.2694,64.2314
143,-411.719,12.0,-2.5,2.98786,-1.6064,4.1622,71.6892
144,-470.674,12.0,-2.5,3.19895,-1.49338,3.43327,62.388
145,-530.296,12.0,-2.5,3.29339,-1.2931,3.0626,62.6841
146,-599.08,12.0,-2.5,3.32892,-1.12142,2.31692,71.1016
147,-660.261,12.0,-2.5,3.28203,-0.91906,1.94643,63.1268
148,-714.562,12.0,-2.5,3.2033,-0.707349,1.368,55.6698
149,-782.343,12.0,-2.5,3.18913,-0.541662,1.15969,68.9402
150,-837.921,12.0,-2.5,3.29284,-0.478686,0.796042,56.3737
151,-893.187,12.0,-2.5,3.24097,-0.299989,0.673306,55.9401
152,-953.784,12.0,-2.5,3.16345,-0.110627,0.519686,61.1161
153,-1011.82,12.0,-2.5,3.18085,0.0358316,0.493702,58.5289
154,-1075.19,12.0,-2.5,3.18992,0.185607,0.469017,63.8408
155,-1133.51,12.0,-2.5,3.23087,0.291665,0.445566,58.7619
156,-1201.39,12.0,-2.5,3.26444,0.384217,0.256442,68.1431
157,-1238.82,12.0,-2.5,3.31681,0.501596,0.24362,37.6675
158,-1304.77,12.0,-2.5,3.35861,0.630692,0.231439,66.1858
159,-1364.01,12.0,-2.5,3.47066,0.722441,0.133868,59.3759
160,-1409.99,12.0,-2.5,3.47709,0.847555,0.127175,46.1018
161,-1454.49,12.0,-2.5,3.50357,0.955818,0.0711609,44.5709
162,-1533.4,12.0,-2.5,3.53594,1.0058,0.0676029,78.9821
163,-1596.14,12.0,-2.5,3.5327,1.08747,0.0642227,62.8062
164,-1655.85,12.0,-2.5,3.53731,1.19293,0.0610116,59.7631
165,-1713.79,12.0,-2.5,3.52033,1.28393,0.057961,58.0049
166,-1757.01,12.0,-2.5,3.49595,1.37502,0.055063,43.2691
167,-1830.64,12.0,-2.5,3.50275,1.3943,0.0523098,73.6868
168,-1882.05,12.0,-2.5,3.48555,1.43007,0.0496943,51.4575
169,-1949.33,12.0,-2.5,3.4656,1.49863,0.0472096,67.3223
170,-2000.37,12.0,-2.5,3.47021,1.52898,0.0448491,51.0849
171,-2054.95,12.0,-2.5,3.40868,1.63571,0.0426067,54.6303
172,-2115.2,12.0,-2.5,3.34827,1.71973,0.0404763,60.2882
173,-2151.74,12.0,-2.5,3.32554,1.7775,0.0384525,36.5756
174,-2228.85,12.0,-2.5,3.2923,1.84854,0.0365299,77.1475
175,-2284.32,12.0,-2.5,3.28998,1.87023,0.0347034,55.5056
176,-2344.32,12.0,-2.5,3.28695,1.90997,0.0283479,60.0323
177,-2418.26,12.0,-2.5,3.25737,1.94509,0.0269305,73.9589
178,-2499.38,12.0,-2.5,3.20642,2.00056,0.025584,81.1468
179,-2574.54,12.0,-2.5,3.22196,1.99868,0.0243048,75.1895
180,-2638.55,12.0,-2.5,3.20696,2.02307,0.0230896,64.0325
181,-2701.14,12.0,-2.5,3.17273,2.06416,0.0219351,62.6111
182,-2781.11,12.0,-2.5,3.15254,2.09298,0.0208383,79.9944
183,-2838.55,12.0,-2.5,3.09962,2.16466,0.00373124,57.4423
184,-2926.34,12.0,-2.5,3.06461,2.22072,0.00354468,87.786
185,-2997.85,12.0,-2.5,2.99492,2.30759,0.00336744,71.5182
186,-3061.68,12.0,-2.5,2.93682,2.38549,0.00319907,63.8331
187,-3131.97,12.0,-2.5,2.90311,2.44368,0.00303912,70.2964
188,-3208.92,12.0,-2.5,2.84877,2.52144,0.00288716,76.9516
189,-3276.45,12.0,-2.5,2.78403,2.61037,0.0027428,67.5281
190,-3359.59,12.0,-2.5,2.77798,2.61612,0.00260566,83.1494
191,-3432.89,12.0,-2.5,2.62285,2.82419,0.00247538,73.3006
192,-3530.96,12.0,-2.5,2.58568,2.87808,0.00235161,98.0661
193,-3619.19,12.0,-2.5,2.53782,2.94236,0.00223403,88.232
194,-3711.36,12.0,-2.5,2.51951,2.98209,0.00212233,92.1756
195,-3822.54,12.0,-2.5,2.45644,3.0624,0.00201621,111.183
196,-3909.13,12.0,-2.5,2.10449,3.18282,0.0019154,86.5881
197,-4005.39,12.0,-2.5,2.04234,3.25723,0.00181963,96.2642
198,-4092.23,12.0,-2.5,1.99816,3.32242,0.00172865,86.8438
199,-4169.58,12.0,-2.5,1.98939,3.32806,0.00164222,77.3553
200,-4273.29,12.0,-2.5,1.97862,3.33586,0.00156011,103.706
201,-4374.48,12.0,-2.5,1.91738,3.41631,0.00020048,101.186
202,-4450.77,12.0,-2.5,1.86728,3.49023,0.000190456,76.2949
203,-4573.77,12.0,-2.5,1.80625,3.57591,0.000180933,123.003
204,-4670.52,12.0,-2.5,1.66063,3.7776,0.000171886,96.7459
205,-4768.72,12.0,-2.5,1.69007,3.7532,0.000163292,98.2041
206,-4889.97,12.0,-2.5,1.50335,4.00938,0.000155127,121.246
207,-4996.66,12.0,-2.5,1.39789,4.15876,0.000147371,106.693
208,-5067.83,12.0,-2.5,1.26158,4.34462,0.000140002,71.1649
209,-5154.6,12.0,-2.5,1.26952,4.33799,0.000133002,86.7725
210,-5237.37,12.0,-2.5,1.12996,4.54127,0.000126352,82.7734
211,-5346.42,12.0,-2.5,0.961651,4.78995,0.000120035,109.05
212,-5454.66,12.0,-2.5,1.27639,4.89419,0.000114033,108.234
213,-5535.23,12.0,-2.5,1.10113,5.2421,0.000108331,80.5748
214,-5622.78,12.0,-2.5,0.858827,5.74559,0.000102915,87.5518
215,-5697.64,12.0,-2.5,0.517576,6.6026,9.77689e-05,74.8591
216,-5797.56,12.0,-2.5,0.517576,6.6026,9.28805e-05,99.9218
217,-5895.05,12.0,-2.5,0.517576,6.6026,8.82365e-05,97.4896
218,-5993.4,12.0,-2.5,0.517576,6.6026,8.38247e-05,98.3472
219,-6087.45,12.0,-2.5,0.517576,6.6026,7.96334e-05,94.0482
220,-6205.5,12.0,-2.5,0.517576,6.6026,7.56517e-05,118.049
221,-6316.42,12.0,-2.5,0.517576,6.6026,7.18692e-05,110.927
222,-6436.24,12.0,-2.5,0.517576,6.6026,6.82757e-05,119.819
223,-6566.56,12.0,-2.5,0.517576,6.6026,6.48619e-05,130.323
224,-6662.59,12.0,-2.5,0.517576,6.6026,6.16188e-05,96.0305
225,-6790.46,12.0,-2.5,0.517576,6.6026,5.85379e-05,127.865
226,-6895.65,12.0,-2.5,0.517576,6.6026,5.5611e-05,105.187
227,-7018.0,12.0,-2.5,0.517576,6.6026,5.28304e-05,122.353
228,-7104.42,12.0,-2.5,0.517576,6.6026,5.01889e-05,86.4233
229,-7209.32,12.0,-2.5,0.517576,6.6026,4.76795e-05,104.897
230,-7321.99,12.0,-2.5,0.517576,6.6026,4.52955e-05,112.667
231,-7413.04,12.0,-2.5,0.517576,6.6026,4.30307e-05,91.0503
232,-7559.6,12.0,-2.5,0.517576,6.6026,4.08792e-05,146.566
233,-7637.35,12.0,-2.5,0.517576,6.6026,3.88352e-05,77.7428
234,-7755.83,12.0,-2.5,0.517576,6.6026,3.68935e-05,118.482
235,-7867.64,12.0,-2.5,0.517576,6.6026,3.50488e-05,111.811
236,-8020.56,12.0,-2.5,0.517576,6.6026,3.32964e-05,152.919
237,-8152.0,12.0,-2.5,0.517576,6.6026,3.16315e-05,131.439
238,-8307.46,12.0,-2.5,0.517576,6.6026,3.005e-05,155.464
239,-8427.2,12.0,-2.5,0.517576,6.6026,2.85475e-05,119.734
240,-8591.27,12.0,-2.5,0.517576,6.6026,2.71201e-05,164.077
241,-8697.35,12.0,-2.5,0.517576,6.6026,2.57641e-05,106.073
242,-8850.0,12.0,-2.5,0.517576,6.6026,2.44759e-05,152.649
243,-8990.09,12.0,-2.5,0.517576,6.6026,2.32521e-05,140.091
244,-9140.13,12.0,-2.5,0.517576,6.6026,2.20895e-05,150.041
245,-9259.62,12.0,-2.5,0.517576,6.6026,2.0985e-05,119.493
246,-9425.27,12.0,-2.5,0.517576,6.6026,1.99358e-05,165.655
247,-9578.95,12.0,-2.5,0.517576,6.6026,1.8939e-05,153.679
248,-9676.56,12.0,-2.5,0.517576,6.6026,1.7992e-05,97.6037
249,-9799.21,12.0,-2.5,0.517576,6.6026,1.70924e-05,122.653
250,-9949.51,12.0,-2.5,0.517576,6.6026,1.62378e-05,150.297
251,-10083.1,12.0,-2.5,0.517576,6.6026,1.54259e-05,133.545
252,-10277.8,12.0,-2.5,0.517576,6.6026,1.46546e-05,194.77
253,-10425.7,12.0,-2.5,0.517576,6.6026,1.39219e-05,147.852
254,-10580.2,12.0,-2.5,0.517576,6.6026,1.32258e-05,154.538
255,-10721.7,12.0,-2.5,0.517576,6.6026,1.25645e-05,141.503
256,-10897.5,12.0,-2.5,0.517576,6.6026,1.19363e-05,175.792
257,-11046.5,12.0,-2.5,0.517576,6.6026,1.13395e-05,148.954
258,-11252.8,12.0,-2.5,0.517576,6.6026,1.07725e-05,206.36
259,-11418.3,12.0,-2.5,0.517576,6.6026,1.02339e-05,165.439
260,-11578.8,12.0,-2.5,0.517576,6.6026,9.72217e-06,160.5
261,-11732.9,12.0,-2.5,0.517576,6.6026,9.23606e-06,154.124
262,-11878.1,12.0,-2.5,0.517576,6.6026,8.77426e-06,145.261
263,-12038.0,12.0,-2.5,0.517576,6.6026,8.33555e-06,159.905
264,-12166.6,12.0,-2.5,0.517576,6.6026,7.91877e-06,128.523
265,-12311.9,12.0,-2.5,0.517576,6.6026,7.52283e-06,145.305
266,-12460.3,12.0,-2.5,0.517576,6.6026,7.14669e-06,148.451
267,-12575.7,12.0,-2.5,0.517576,6.6026,6.78935e-06,115.349
268,-12727.0,12.0,-2.5,0.517576,6.6026,6.44989e-06,151.337
269,-12856.8,12.0,-2.5,0.517576,6.6026,6.12739e-06,129.782
270,-13065.2,12.0,-2.5,0.517576,6.6026,5.82102e-06,208.354
271,-13228.1,12.0,-2.5,0.517576,6.6026,5.52997e-06,162.968
272,-13412.3,12.0,-2.5,0.517576,6.6026,5.25347e-06,184.201
273,-13595.2,12.0,-2.5,0.517576,6.6026,4.9908e-06,182.93
274,-13759.8,12.0,-2.5,0.517576,6.6026,4.74126e-06,164.58
275,-14008.4,12.0,-2.5,0.517576,6.6026,4.5042e-06,248.578
276,-14184.0,12.0,-2.5,0.517576,6.6026,4.27899e-06,175.625
277,-14332.3,12.0,-2.5,0.517576,6.6026,4.06504e-06,148.317
278,-14543.7,12.0,-2.5,0.517576,6.6026,3.86178e-06,211.359
279,-14730.3,12.0,-2.5,0.517576,6.6026,3.6687e-06,186.572
280,-14864.5,12.0,-2.5,0.517576,6.6026,3.48526e-06,134.196
281,-15039.3,12.0,-2.5,0.517576,6.6026,3.311e-06,174.817
282,-15183.0,12.0,-2.5,0.517576,6.6026,3.14545e-06,143.744
283,-15347.7,12.0,-2.5,0.517576,6.6026,2.98818e-06,164.692
284,-15494.3,12.0,-2.5,0.517576,6.6026,2.83877e-06,146.575
285,-15633.1,12.0,-2.5,0.517576,6.6026,2.69683e-06,138.811
286,-15787.6,12.0,-2.5,0.517576,6.6026,2.56199e-06,154.513
287,-16049.3,12.0,-2.5,0.517576,6.6026,2.43389e-06,261.674
288,-16190.5,12.0,-2.5,0.517576,6.6026,2.31219e-06,141.168
289,-16398.6,12.0,-2.5,0.517576,6.6026,2.19658e-06,208.169
290,-16567.2,12.0,-2.5,0.517576,6.6026,2.08675e-06,168.575
291,-16767.4,12.0,-2.5,0.517576,6.6026,1.98242e-06,200.208
292,-16962.5,12.0,-2.5,0.517576,6.6026,1.8833e-06,195.03
293,-17163.5,12.0,-2.5,0.517576,6.6026,1.78913e-06,201.055
294,-17398.0,12.0,-2.5,0.517576,6.6026,1.69967e-06,234.526
295,-17591.2,12.0,-2.5,0.517576,6.6026,1.61469e-06,193.176
296,-17794.7,12.0,-2.5,0.517576,6.6026,1.53396e-06,203.504
297,-17971.4,12.0,-2.5,0.517576,6.6026,1.45726e-06,176.702
298,-18187.3,12.0,-2.5,0.517576,6.6026,1.3844e-06,215.907
299,-18454.3,12.0,-2.5,0.517576,6.6026,1.31518e-06,267.021
300,-18679.0,12.0,-2.5,0.517576,6.6026,1.24942e-06,224.681
301,-18888.9,12.0,-2.5,0.517576,6.6026,1.18695e-06,209.89
302,-19160.6,12.0,-2.5,0.517576,6.6026,1.1276e-06,271.71
303,-19401.3,12.0,-2.5,0.517576,6.6026,1.07122e-06,240.715
304,-19654.4,12.0,-2.5,0.517576,6.6026,1.01766e-06,253.045
305,-19876.3,12.0,-2.5,0.517576,6.6026,9.66775e-07,221.919
306,-20107.6,12.0,-2.5,0.517576,6.6026,9.18436e-07,231.335
307,-20439.4,12.0,-2.5,0.517576,6.6026,8.72514e-07,331.805
308,-20632.6,12.0,-2.5,0.517576,6.6026,8.28889e-07,193.18
309,-20827.8,12.0,-2.5,0.517576,6.6026,7.87444e-07,195.176
310,-21082.2,12.0,-2.5,0.517576,6.6026,7.48072e-07,254.384
311,-21351.8,12.0,-2.5,0.517576,6.6026,7.10668e-07,269.599
312,-21673.1,12.0,-2.5,0.517576,6.6026,6.75135e-07,321.297
313,-21887.0,12.0,-2.5,0.517576,6.6026,6.41378e-07,213.928
314,-22198.6,12.0,-2.5,0.517576,6.6026,6.09309e-07,311.582
315,-22454.9,12.0,-2.5,0.517576,6.6026,5.78844e-07,256.346
316,-22772.8,12.0,-2.5,0.517576,6.6026,5.49902e-07,317.826
317,-23017.3,12.0,-2.5,0.517576,6.6026,5.22407e-07,244.557
318,-23271.3,12.0,-2.5,0.517576,6.6026,4.96286e-07,253.96
319,-23563.3,12.0,-2.5,0.517576,6.6026,4.71472e-07,292.056
320,-23832.7,12.0,-2.5,0.517576,6.6026,4.47898e-07,269.4
321,-24037.1,12.0,-2.5,0.517576,6.6026,4.25503e-07,204.403
322,-24297.3,12.0,-2.5,0.517576,6.6026,4.04228e-07,260.173
323,-24555.2,12.0,-2.5,0.517576,6.6026,3.84017e-07,257.91
324,-24835.6,12.0,-2.5,0.517576,6.6026,3.64816e-07,280.349
325,-25094.2,12.0,-2.5,0.517576,6.6026,3.46575e-07,258.672
326,-25374.4,12.0,-2.5,0.517576,6.6026,3.29246e-07,280.136
327,-25643.4,12.0,-2.5,0.517576,6.6026,3.12784e-07,269.028
328,-25917.9,12.0,-2.5,0.517576,6.6026,2.97145e-07,274.539
329,-26183.7,12.0,-2.5,0.517576,6.6026,2.82288e-07,265.714
330,-26397.1,12.0,-2.5,0.517576,6.6026,2.68173e-07,213.456
331,-26658.6,12.0,-2.5,0.517576,6.6026,2.54765e-07,261.454
332,-26995.5,12.0,-2.5,0.517576,6.6026,2.42026e-07,336.961
333,-27303.8,12.0,-2.5,0.517576,6.6026,2.29925e-07,308.234
334,-27579.4,12.0,-2.5,0.517576,6.6026,2.18429e-07,275.667
335,-27847.2,12.0,-2.5,0.517576,6.6026,2.07507e-07,267.73
336,-28131.2,12.0,-2.5,0.517576,6.6026,1.97132e-07,284.071
337,-28451.8,12.0,-2.5,0.517576,6.6026,1.87275e-07,320.538
338,-28791.5,12.0,-2.5,0.517576,6.6026,1.77912e-07,339.766
339,-29121.5,12.0,-2.5,0.517576,6.6026,1.69016e-07,329.991
340,-29421.2,12.0,-2.5,0.517576,6.6026,1.60565e-07,299.623
341,-29688.8,12.0,-2.5,0.517576,6.6026,1.52537e-07,267.607
342,-29982.3,12.0,-2.5,0.517576,6.6026,1.4491e-07,293.577
343,-30345.6,12.0,-2.5,0.517576,6.6026,1.37665e-07,363.309
344,-30579.2,12.0,-2.5,0.517576,6.6026,1.30781e-07,233.516
345,-30845.9,12.0,-2.5,0.517576,6.6026,1.24242e-07,266.702
346,-31094.4,12.0,-2.5,0.517576,6.6026,1.1803e-07,248.588
347,-31405.2,12.0,-2.5,0.517576,6.6026,1.12129e-07,310.73
348,-31733.2,12.0,-2.5,0.517576,6.6026,1.06522e-07,328.014
349,-32133.9,12.0,-2.5,0.517576,6.6026,1.01196e-07,400.754
350,-32442.8,12.0,-2.5,0.517576,6.6026,9.61364e-08,308.844
351,-32748.4,12.0,-2.5,0.517576,6.6026,9.13295e-08,305.567
352,-33110.1,12.0,-2.5,0.517576,6.6026,8.67631e-08,361.773
353,-33445.2,12.0,-2.5,0.517576,6.6026,8.24249e-08,335.088
354,-33774.9,12.0,-2.5,0.517576,6.6026,7.83037e-08,329.733
355,-34106.9,12.0,-2.5,0.517576,6.6026,7.43885e-08,331.983
356,-34394.8,12.0,-2.5,0.517576,6.6026,7.06691e-08,287.838
357,-34782.5,12.0,-2.5,0.517576,6.6026,6.71356e-08,387.7
358,-35131.0,12.0,-2.5,0.517576,6.6026,6.37788e-08,348.575
359,-35513.8,12.0,-2.5,0.517576,6.6026,6.05899e-08,382.707
360,-35856.7,12.0,-2.5,0.517576,6.6026,5.75604e-08,342.964
361,-36227.6,12.0,-2.5,0.517576,6.6026,5.46824e-08,370.911
362,-36600.7,12.0,-2.5,0.517576,6.6026,5.19483e-08,373.027
363,-37000.5,12.0,-2.5,0.517576,6.6026,4.93508e-08,399.862
364,-37419.8,12.0,-2.5,0.517576,6.6026,4.68833e-08,419.307
365,-37842.5,12.0,-2.5,0.517576,6.6026,4.45391e-08,422.675
366,-38259.5,12.0,-2.5,0.517576,6.6026,4.23122e-08,417.026
367,-38651.1,12.0,-2.5,0.517576,6.6026,4.01966e-08,391.614
368,-39015.7,12.0,-2.5,0.517576,6.6026,3.81867e-08,364.587
369,-39480.0,12.0,-2.5,0.517576,6.6026,3.62774e-08,464.299
370,-39812.2,12.0,-2.5,0.517576,6.6026,3.44635e-08,332.211
371,-40148.0,12.0,-2.5,0.517576,6.6026,3.27404e-08,335.752
372,-40570.8,12.0,-2.5,0.517576,6.6026,3.11033e-08,422.779
373,-40938.6,12.0,-2.5,0.517576,6.6026,2.95482e-08,367.86
374,-41309.3,12.0,-2.5,0.517576,6.6026,2.80708e-08,370.669
375,-41716.3,12.0,-2.5,0.517576,6.6026,2.66672e-08,406.955
376,-42098.3,12.0,-2.5,0.517576,6.6026,2.53339e-08,382.074
377,-42438.6,12.0,-2.5,0.517576,6.6026,2.40672e-08,340.262
378,-42918.6,12.0,-2.5,0.517576,6.6026,2.28638e-08,479.967
379,-43270.4,12.0,-2.5,0.517576,6.6026,2.17206e-08,351.796
380,-43707.5,12.0,-2.5,0.517576,6.6026,2.06346e-08,437.143
381,-44187.4,12.0,-2.5,0.517576,6.6026,1.96029e-08,479.94
382,-44680.1,12.0,-2.5,0.517576,6.6026,1.86227e-08,492.634
383,-45040.9,12.0,-2.5,0.517576,6.6026,1.76916e-08,360.792
384,-45514.6,12.0,-2.5,0.517576,6.6026,1.6807e-08,473.774
385,-46010.1,12.0,-2.5,0.517576,6.6026,1.59667e-08,495.495
386,-46409.1,12.0,-2.5,0.517576,6.6026,1.51683e-08,399.006
387,-46846.8,12.0,-2.5,0.517576,6.6026,1.44099e-08,437.658
388,-47241.5,12.0,-2.5,0.517576,6.6026,1.36894e-08,394.722
389,-47682.7,12.0,-2.5,0.517576,6.6026,1.30049e-08,441.224
390,-48092.3,12.0,-2.5,0.517576,6.6026,1.23547e-08,409.515
391,-48527.6,12.0,-2.5,0.517576,6.6026,1.1737e-08,435.317
392,-49029.5,12.0,-2.5,0.517576,6.6026,1.11501e-08,501.947
393,-49497.5,12.0,-2.5,0.517576,6.6026,1.05926e-08,467.937
394,-50047.2,12.0,-2.5,0.517576,6.6026,1.0063e-08,549.764
395,-50501.8,12.0,-2.5,0.517576,6.6026,9.55982e-09,454.571
396,-50995.2,12.0,-2.5,0.517576,6.6026,9.08183e-09,493.42
397,-51471.0,12.0,-2.5,0.517576,6.6026,8.62774e-09,475.8
398,-52076.3,12.0,-2.5,0.517576,6.6026,8.19635e-09,605.312
399,-52497.8,12.0,-2.5,0.517576,6.6026,7.78654e-09,421.48
400,-53142.3,12.0,-2.5,0.517576,6.6026,7.39721e-09,644.538
401,-53552.3,12.0,-2.5,0.517576,6.6026,7.02735e-09,409.985
402,-54183.3,12.0,-2.5,0.517576,6.6026,6.67598e-09,630.949
403,-54627.4,12.0,-2.5,0.517576,6.6026,6.34218e-09,444.14
404,-54968.5,12.0,-2.5,0.517576,6.6026,6.02507e-09,341.047
405,-55496.3,12.0,-2.5,0.517576,6.6026,5.72382e-09,527.86
406,-55935.8,12.0,-2.5,0.517576,6.6026,5.43763e-09,439.456
407,-56441.9,12.0,-2.5,0.517576,6.6026,5.16575e-09,506.098
408,-56993.1,12.0,-2.5,0.517576,6.6026,4.90746e-09,551.207
409,-57403.6,12.0,-2.5,0.517576,6.6026,4.66209e-09,410.553
410,-57792.8,12.0,-2.5,0.517576,6.6026,4.42898e-09,389.177
411,-58309.1,12.0,-2.5,0.517576,6.6026,4.20753e-09,516.266
412,-58687.5,12.0,-2.5,0.517576,6.6026,3.99716e-09,378.45
413,-59035.2,12.0,-2.5,0.517576,6.6026,3.7973e-09,347.694
414,-59602.9,12.0,-2.5,0.517576,6.6026,3.60743e-09,567.685
415,-60092.2,12.0,-2.5,0.517576,6.6026,3.42706e-09,489.278
416,-60812.8,12.0,-2.5,0.517576,6.6026,3.25571e-09,720.566
417,-61347.6,12.0,-2.5,0.517576,6.6026,3.09292e-09,534.891
418,-61949.5,12.0,-2.5,0.517576,6.6026,2.93828e-09,601.85
419,-62504.0,12.0,-2.5,0.517576,6.6026,2.79136e-09,554.507
420,-63202.6,12.0,-2.5,0.517576,6.6026,2.6518e-09,698.594
421,-63662.0,12.0,-2.5,0.517576,6.6026,2.51921e-09,459.392
422,-64282.9,12.0,-2.5,0.517576,6.6026,2.39325e-09,620.928
423,-64806.6,12.0,-2.5,0.517576,6.6026,2.27358e-09,523.715
424,-65336.4,12.0,-2.5,0.517576,6.6026,2.1599e-09,529.79
425,-65782.8,12.0,-2.5,0.517576,6.6026,2.05191e-09,446.356
426,-66358.7,12.0,-2.5,0.517576,6.6026,1.94931e-09,575.908
427,-66921.1,12.0,-2.5,0.517576,6.6026,1.85185e-09,562.466
428,-67448.7,12.0,-2.5,0.517576,6.6026,1.75926e-09,527.547
429,-68082.5,12.0,-2.5,0.517576,6.6026,1.67129e-09,633.841
430,-68663.1,12.0,-2.5,0.517576,6.6026,1.58773e-09,580.552
431,-69334.4,12.0,-2.5,0.517576,6.6026,1.50834e-09,671.29
432,-69982.7,12.0,-2.5,0.517576,6.6026,1.43292e-09,648.358
433,-70589.4,12.0,-2.5,0.517576,6.6026,1.36128e-09,606.657
434,-71155.9,12.0,-2.5,0.517576,6.6026,1.29321e-09,566.491
435,-71781.3,12.0,-2.5,0.517576,6.6026,1.22855e-09,625.379
436,-72582.8,12.0,-2.5,0.517576,6.6026,1.16713e-09,801.556
437,-73118.0,12.0,-2.5,0.517576,6.6026,1.10877e-09,535.131
438,-73888.1,12.0,-2.5,0.517576,6.6026,1.05333e-09,770.149
439,-74596.6,12.0,-2.5,0.517576,6.6026,1.00066e-09,708.497
440,-75224.8,12.0,-2.5,0.517576,6.6026,9.50631e-10,628.165
441,-75789.4,12.0,-2.5,0.517576,6.6026,9.031e-10,564.677
442,-76439.3,12.0,-2.5,0.517576,6.6026,8.57945e-10,649.901
443,-76983.6,12.0,-2.5,0.517576,6.6026,8.15048e-10,544.299
444,-77897.2,12.0,-2.5,0.517576,6.6026,7.74295e-10,913.545
445,-78620.2,12.0,-2.5,0.517576,6.6026,7.3558e-10,723.024
446,-79201.6,12.0,-2.5,0.517576,6.6026,6.98801e-10,581.349
447,-79864.8,12.0,-2.5,0.517576,6.6026,6.63861e-10,663.238
448,-80540.8,12.0,-2.5,0.517576,6.6026,6.30668e-10,675.993
449,-81274.0,12.0,-2.5,0.517576,6.6026,5.99135e-10,733.205
450,-81846.3,12.0,-2.5,0.517576,6.6026,5.69178e-10,572.321
451,-82400.9,12.0,-2.5,0.517576,6.6026,5.40719e-10,554.63
452,-83294.6,12.0,-2.5,0.517576,6.6026,5.13683e-10,893.611
453,-83945.2,12.0,-2.5,0.517576,6.6026,4.87999e-10,650.667
454,-84751.8,12.0,-2.5,0.517576,6.6026,4.63599e-10,806.596
455,-85575.9,12.0,-2.5,0.517576,6.6026,4.40419e-10,824.037
456,-86202.9,12.0,-2.5,0.517576,6.6026,4.18398e-10,627.084
457,-86981.6,12.0,-2.5,0.517576,6.6026,3.97478e-10,778.697
458,-87630.1,12.0,-2.5,0.517576,6.6026,3.77604e-10,648.416
459,-88350.9,12.0,-2.5,0.517576,6.6026,3.58724e-10,720.8
460,-89151.1,12.0,-2.5,0.517576,6.6026,3.40788e-10,800.211
461,-89952.7,12.0,-2.5,0.517576,6.6026,3.23749e-10,801.618
462,-90537.1,12.0,-2.5,0.517576,6.6026,3.07561e-10,584.386
463,-91271.8,12.0,-2.5,0.517576,6.6026,2.92183e-10,734.685
464,-91978.3,12.0,-2.5,0.517576,6.6026,2.77574e-10,706.544
465,-92970.2,12.0,-2.5,0.517576,6.6026,2.63695e-10,991.946
466,-93935.9,12.0,-2.5,0.517576,6.6026,2.5051e-10,965.634
467,-94833.2,12.0,-2.5,0.517576,6.6026,2.37985e-10,897.308
468,-95837.7,12.0,-2.5,0.517576,6.6026,2.26086e-10,1004.53
469,-96717.1,12.0,-2.5,0.517576,6.6026,2.14781e-10,879.391
470,-97774.5,12.0,-2.5,0.517576,6.6026,2.04042e-10,1057.4
471,-98399.0,12.0,-2.5,0.517576,6.6026,1.9384e-10,624.455
472,-99560.7,12.0,-2.5,0.517576,6.6026,1.84148e-10,1161.77
473,-100283.0,12.0,-2.5,0.517576,6.6026,1.74941e-10,722.324
474,-101296.0,12.0,-2.5,0.517576,6.6026,1.66194e-10,1012.83
475,-102101.0,12.0,-2.5,0.517576,6.6026,1.57884e-10,804.927
476,-102839.0,12.0,-2.5,0.517576,6.6026,1.4999e-10,737.768
477,-103716.0,12.0,-2.5,0.517576,6.6026,1.4249e-10,877.411
478,-104874.0,12.0,-2.5,0.517576,6.6026,1.35366e-10,1157.56
479,-105702.0,12.0,-2.5,0.517576,6.6026,1.28598e-10,828.174
480,-106745.0,12.0,-2.5,0.517576,6.6026,1.22168e-10,1043.4
481,-107616.0,12.0,-2.5,0.517576,6.6026,1.16059e-10,870.572
482,-108474.0,12.0,-2.5,0.517576,6.6026,1.10256e-10,858.065
483,-109311.0,12.0,-2.5,0.517576,6.6026,1.04744e-10,836.973
484,-110503.0,12.0,-2.5,0.517576,6.6026,9.95063e-11,1191.97
485,-111452.0,12.0,-2.5,0.517576,6.6026,9.4531e-11,949.59
486,-112206.0,12.0,-2.5,0.517576,6.6026,8.98045e-11,753.482
487,-113287.0,12.0,-2.5,0.517576,6.6026,8.53143e-11,1081.5
488,-114397.0,12.0,-2.5,0.517576,6.6026,8.10485e-11,1109.65
489,-115336.0,12.0,-2.5,0.517576,6.6026,7.69961e-11,939.142
490,-116355.0,12.0,-2.5,0.517576,6.6026,7.31463e-11,1019.22
491,-117333.0,12.0,-2.5,0.517576,6.6026,6.9489e-11,977.759
492,-118342.0,12.0,-2.5,0.517576,6.6026,6.60145e-11,1008.7
493,-119312.0,12.0,-2.5,0.517576,6.6026,6.27138e-11,970.156
494,-120249.0,12.0,-2.5,0.517576,6.6026,5.95781e-11,936.617
495,-121257.0,12.0,-2.5,0.517576,6.6026,5.65992e-11,1008.49
496,-122220.0,12.0,-2.5,0.517576,6.6026,5.37693e-11,962.725
497,-123136.0,12.0,-2.5,0.517576,6.6026,5.10808e-11,915.915
498,-124146.0,12.0,-2.5,0.517576,6.6026,4.85268e-11,1010.3
499,-125182.0,12.0,-2.5,0.517576,6.6026,4.61004e-11,1035.58
500,-126188.0,12.0,-2.5,0.517576,6.6026,4.37954e-11,1006.56
501,-127033.0,12.0,-2.5,0.517576,6.6026,4.16056e-11,845.269
502,-128066.0,12.0,-2.5,0.517576,6.6026,3.95253e-11,1033.06
503,-129174.0,12.0,-2.5,0.517576,6.6026,3.75491e-11,1107.17
504,-130144.0,12.0,-2.5,0.517576,6.6026,3.56716e-11,970.093
505,-131101.0,12.0,-2.5,0.517576,6.6026,3.3888e-11,957.634
506,-132099.0,12.0,-2.5,0.517576,6.6026,3.21936e-11,997.866
507,-133025.0,12.0,-2.5,0.517576,6.6026,3.0584e-11,926.098
508,-133820.0,12.0,-2.5,0.517576,6.6026,2.90548e-11,794.315
509,-134342.0,12.0,-2.5,0.517576,6.6026,2.7602e-11,522.239
510,-135444.0,12.0,-2.5,0.517576,6.6026,2.62219e-11,1102.57
511,-136231.0,12.0,-2.5,0.517576,6.6026,2.49108e-11,786.446
512,-137211.0,12.0,-2.5,0.517576,6.6026,2.36653e-11,980.374
513,-138283.0,12.0,-2.5,0.517576,6.6026,2.2482e-11,1071.37
514,-139673.0,12.0,-2.5,0.517576,6.6026,2.13579e-11,1389.97
515,-140936.0,12.0,-2.5,0.517576,6.6026,2.029e-11,1263.5
516,-142361.0,12.0,-2.5,0.517576,6.6026,1.92755e-11,1424.98
517,-143650.0,12.0,-2.5,0.517576,6.6026,1.83117e-11,1288.79
518,-145304.0,12.0,-2.5,0.517576,6.6026,1.73962e-11,1654.2
519,-146833.0,12.0,-2.5,0.517576,6.6026,1.65263e-11,1529.17
520,-147942.0,12.0,-2.5,0.517576,6.6026,1.57e-11,1108.53
521,-149195.0,12.0,-2.5,0.517576,6.6026,1.4915e-11,1253.39
522,-150718.0,12.0,-2.5,0.517576,6.6026,1.41693e-11,1522.55
523,-151940.0,12.0,-2.5,0.517576,6.6026,1.34608e-11,1221.93
524,-153121.0,12.0,-2.5,0.517576,6.6026,1.27878e-11,1181.17
525,-154158.0,12.0,-2.5,0.517576,6.6026,1.21484e-11,1036.8
526,-155215.0,12.0,-2.5,0.517576,6.6026,1.1541e-11,1056.99
527,-156209.0,12.0,-2.5,0.517576,6.6026,1.09639e-11,994.595
528,-157270.0,12.0,-2.5,0.517576,6.6026,1.04157e-11,1060.84
529,-158565.0,12.0,-2.5,0.517576,6.6026,9.89494e-12,1294.92
530,-159573.0,12.0,-2.5,0.517576,6.6026,9.40019e-12,1007.66
531,-160718.0,12.0,-2.5,0.517576,6.6026,8.93018e-12,1145.89
532,-162019.0,12.0,-2.5,0.517576,6.6026,8.48367e-12,1300.88
533,-163699.0,12.0,-2.5,0.517576,6.6026,8.05949e-12,1679.74
534,-165021.0,12.0,-2.5,0.517576,6.6026,7.65651e-12,1321.99
535,-166258.0,12.0,-2.5,0.517576,6.6026,7.27369e-12,1236.76
536,-168299.0,12.0,-2.5,0.517576,6.6026,6.91e-12,2040.8
537,-170008.0,12.0,-2.5,0.517576,6.6026,6.5645e-12,1709.3
538,-171783.0,12.0,-2.5,0.517576,6.6026,6.23628e-12,1775.29
539,-173304.0,12.0,-2.5,0.517576,6.6026,5.92446e-12,1520.4
540,-174917.0,12.0,-2.5,0.517576,6.6026,5.62824e-12,1613.85
541,-176743.0,12.0,-2.5,0.517576,6.6026,5.34683e-12,1825.94
542,-178491.0,12.0,-2.5,0.517576,6.6026,5.07949e-12,1747.32
543,-180118.0,12.0,-2.5,0.517576,6.6026,4.82551e-12,1627.41
544,-181795.0,12.0,-2.5,0.517576,6.6026,4.58424e-12,1676.85
545,-183394.0,12.0,-2.5,0.517576,6.6026,4.35503e-12,1599.05
546,-185267.0,12.0,-2.5,0.517576,6.6026,4.13727e-12,1872.89
547,-187027.0,12.0,-2.5,0.517576,6.6026,3.93041e-12,1760.08
548,-188807.0,12.0,-2.5,0.517576,6.6026,3.73389e-12,1780.23
549,-190604.0,12.0,-2.5,0.517576,6.6026,3.5472e-12,1796.61
550,-191955.0,12.0,-2.5,0.517576,6.6026,3.36984e-12,1350.78
551,-193507.0,12.0,-2.5,0.517576,6.6026,3.20134e-12,1552.82
552,-194971.0,12.0,-2.5,0.517576,6.6026,3.04128e-12,1464.03
553,-196188.0,12.0,-2.5,0.517576,6.6026,2.88921e-12,1216.06
554,-197644.0,12.0,-2.5,0.517576,6.6026,2.74475e-12,1456.19
555,-198993.0,12.0,-2.5,0.517576,6.6026,2.60751e-12,1349.08
556,-200831.0,12.0,-2.5,0.517576,6.6026,2.47714e-12,1837.79
557,-202551.0,12.0,-2.5,0.517576,6.6026,2.35328e-12,1720.63
558,-204024.0,12.0,-2.5,0.517576,6.6026,2.23562e-12,1472.61
559,-205936.0,12.0,-2.5,0.517576,6.6026,2.12384e-12,1911.97
560,-207652.0,12.0,-2.5,0.517576,6.6026,2.01765e-12,1715.83
561,-209312.0,12.0,-2.5,0.517576,6.6026,1.91676e-12,1660.32
562,-211079.0,12.0,-2.5,0.517576,6.6026,1.82092e-12,1767.42
563,-212517.0,12.0,-2.5,0.517576,6.6026,1.72988e-12,1437.74
564,-214592.0,12.0,-2.5,0.517576,6.6026,1.64338e-12,2075.23
565,-216599.0,12.0,-2.5,0.517576,6.6026,1.56122e-12,2006.94
566,-218501.0,12.0,-2.5,0.517576,6.6026,1.48315e-12,1901.29
567,-220388.0,12.0,-2.5,0.517576,6.6026,1.409e-12,1887.62
568,-222344.0,12.0,-2.5,0.517576,6.6026,1.33855e-12,1955.4
569,-224372.0,12.0,-2.5,0.517576,6.6026,1.27162e-12,2028.75
570,-226442.0,12.0,-2.5,0.517576,6.6026,1.20804e-12,2069.67
571,-228272.0,12.0,-2.5,0.517576,6.6026,1.14764e-12,1829.77
572,-230106.0,12.0,-2.5,0.517576,6.6026,1.09025e-12,1834.44
573,-232150.0,12.0,-2.5,0.517576,6.6026,1.03574e-12,2044.13
574,-234022.0,12.0,-2.5,0.517576,6.6026,9.83955e-13,1871.42
575,-235302.0,12.0,-2.5,0.517576,6.6026,9.34757e-13,1279.8
576,-236822.0,12.0,-2.5,0.517576,6.6026,8.88019e-13,1520.83
577,-238539.0,12.0,-2.5,0.517576,6.6026,8.43618e-13,1716.92
578,-240540.0,12.0,-2.5,0.517576,6.6026,8.01438e-13,2000.79
579,-242381.0,12.0,-2.5,0.517576,6.6026,7.61366e-13,1840.93
580,-244447.0,12.0,-2.5,0.517576,6.6026,7.23297e-13,2065.93
581,-246551.0,12.0,-2.5,0.517576,6.6026,6.87132e-13,2104.4
582,-249464.0,12.0,-2.5,0.517576,6.6026,6.52776e-13,2912.32
583,-251657.0,12.0,-2.5,0.517576,6.6026,6.20137e-13,2193.12
584,-254211.0,12.0,-2.5,0.517576,6.6026,5.8913e-13,2554.34
585,-256723.0,12.0,-2.5,0.517576,6.6026,5.59674e-13,2511.7
586,-258705.0,12.0,-2.5,0.517576,6.6026,5.3169e-13,1981.88
587,-260979.0,12.0,-2.5,0.517576,6.6026,5.05106e-13,2274.07
588,-262846.0,12.0,-2.5,0.517576,6.6026,4.7985e-13,1867.07
589,-264834.0,12.0,-2.5,0.517576,6.6026,4.55858e-13,1988.15
590,-267120.0,12.0,-2.5,0.517576,6.6026,4.33065e-13,2285.63
591,-268715.0,12.0,-2.5,0.517576,6.6026,4.11412e-13,1595.07
592,-270890.0,12.0,-2.5,0.517576,6.6026,3.90841e-13,2175.62
593,-272641.0,12.0,-2.5,0.517576,6.6026,3.71299e-13,1751.05
594,-275107.0,12.0,-2.5,0.517576,6.6026,3.52734e-13,2465.95
595,-277429.0,12.0,-2.5,0.517576,6.6026,3.35097e-13,2321.9
596,-280021.0,12.0,-2.5,0.517576,6.6026,3.18342e-13,2592.14
597,-282132.0,12.0,-2.5,0.517576,6.6026,3.02425e-13,2110.13
598,-284515.0,12.0,-2.5,0.517576,6.6026,2.87304e-13,2383.57
599,-286830.0,12.0,-2.5,0.517576,6.6026,2.72939e-13,2315.04
600,-289150.0,12.0,-2.5,0.517576,6.6026,2.59292e-13,2319.8
