run_id,step_no,qty,amount,bought_amount_w,bought_amount_c
iB8xYOSiOINRRhg,1,600.0,1440.000057220459,1332.6000529527664,107.40000426769257
iB8xYOSiOINRRhg,2,642.0,1540.800061225891,1424.7111925338395,116.08880730718374
iB8xYOSiOINRRhg,3,725.4555428028107,1741.0933719115774,1598.4103295076638,142.68298158049583
iB8xYOSiOINRRhg,4,811.6669795513153,1943.9877083937627,1787.2984997667372,156.6891568414867
iB8xYOSiOINRRhg,5,869.0697996616364,2083.3143658453546,1908.6604205779731,174.6538735255599
iB8xYOSiOINRRhg,6,913.6806135177612,2186.2466084066855,1993.4516807924956,192.7948434650898
iB8xYOSiOINRRhg,7,932.9421234130859,2239.293900280324,2036.665796700865,202.62802970409393
iB8xYOSiOINRRhg,8,958.8341798782349,2390.4769736520857,2184.7013147622347,205.7756738960743
iB8xYOSiOINRRhg,9,990.888375878334,2515.5475707423875,2301.7789582097903,213.7686259523034
iB8xYOSiOINRRhg,10,985.681454539299,2547.6590550825913,2338.168494327925,209.49056611955166
iB8xYOSiOINRRhg,11,993.499671459198,2613.39712189486,2440.9681055806577,172.42901482712477
iB8xYOSiOINRRhg,12,1023.89640802145,2744.036749298127,2565.3106107153,178.72614945238456
iB8xYOSiOINRRhg,13,1028.6755034923553,2801.981363648344,2601.1198499663733,200.86151390522718
iB8xYOSiOINRRhg,14,1048.6521306037903,2896.9661937064893,2683.5630076155066,213.4031833857298
iB8xYOSiOINRRhg,15,1044.8068208694458,2922.7433442244387,2712.143691859208,210.59965148195624
iB8xYOSiOINRRhg,16,1046.7420893907547,2976.38506913584,2760.154916636646,216.23014809377491
iB8xYOSiOINRRhg,17,1067.363111257553,3088.993122556631,2847.6254331497476,241.3676806986332
iB8xYOSiOINRRhg,18,1044.562942147255,3079.201415426672,2825.908541382989,253.2928664982319
iB8xYOSiOINRRhg,19,1073.2681902647018,3211.1750624268684,2941.017947435379,270.15711453557014
iB8xYOSiOINRRhg,20,1072.9434387683868,3245.041858650792,2950.1038946658373,294.93796345591545
iB8xYOSiOINRRhg,21,1074.8431918025017,3301.9045030615293,2996.1434477567673,305.76106856390834
iB8xYOSiOINRRhg,22,1073.1653431653976,3364.750519152105,3045.0871573004406,319.6633457839489
iB8xYOSiOINRRhg,23,1067.2292828559875,3383.3604276213096,3050.190115507692,333.17030724533834
iB8xYOSiOINRRhg,24,1070.6001152396202,3427.645800748347,3101.41888256371,326.22693787515163
iB8xYOSiOINRRhg,25,1055.3146125674248,3429.2676812291434,3090.127373866737,339.14031095802784
iB8xYOSiOINRRhg,26,1068.3468708097935,3504.9181265568564,3161.1424521061126,343.77568873763084
iB8xYOSiOINRRhg,27,1055.2361790835857,3518.293873174328,3161.155302166939,357.1385626196861
iB8xYOSiOINRRhg,28,1053.903424859047,3553.6786451642974,3188.3208371698856,365.3577837049961
iB8xYOSiOINRRhg,29,1062.5729586184025,3614.5461200175514,3231.5794110894203,382.9667110443115
iB8xYOSiOINRRhg,30,1037.3370119333267,3582.3984739455136,3190.589871700853,391.80859541893005
iB8xYOSiOINRRhg,31,1052.0292440652847,3650.6383204553727,3252.9078444838524,397.73047107458115
iB8xYOSiOINRRhg,32,1053.78910446167,3662.108449691787,3262.789904102683,399.3185446858406
iB8xYOSiOINRRhg,33,1039.036739885807,3642.6170706056064,3259.529954701662,383.0871112421155
iB8xYOSiOINRRhg,34,1025.5971918702126,3641.2787933940926,3279.250601194799,362.02819077298045
iB8xYOSiOINRRhg,35,1018.9009457230568,3638.4496906327417,3280.063593991101,358.3861059397459
iB8xYOSiOINRRhg,36,1002.5038235485554,3615.9103420921174,3264.9984619766474,350.9118764102459
iB8xYOSiOINRRhg,37,995.5201023221016,3631.9695051557583,3289.5683502554893,342.4011633619666
iB8xYOSiOINRRhg,38,985.7014841139317,3618.8532177971642,3266.380131199956,352.4731021821499
iB8xYOSiOINRRhg,39,966.2227952182293,3588.7829003701313,3249.638580173254,339.14430290460587
iB8xYOSiOINRRhg,40,976.0007161200047,3640.9586123155345,3294.0572319999337,346.90137135982513
iB8xYOSiOINRRhg,41,974.7220294475555,3659.7587475576697,3305.7741712108254,353.9845727607608
iB8xYOSiOINRRhg,42,952.8550571203232,3613.3330130154413,3260.5101624578238,352.8228472387418
iB8xYOSiOINRRhg,43,948.8312002718449,3621.257303147786,3290.4259030222893,330.83140676654875
iB8xYOSiOINRRhg,44,944.4039853997529,3618.4674393280156,3286.2495255321264,332.2179104294628
iB8xYOSiOINRRhg,45,943.8362276554108,3632.9834600115646,3289.2224591970444,343.7610097527504
iB8xYOSiOINRRhg,46,931.6832451224327,3612.1175702826367,3278.9350214600563,333.18255242705345
iB8xYOSiOINRRhg,47,920.6978712677956,3589.2145631801554,3277.3026084005833,311.9119548932649
iB8xYOSiOINRRhg,48,906.5142679214478,3564.4308774889073,3252.653002589941,311.7778768520802
iB8xYOSiOINRRhg,49,906.0893940031528,3569.322631455476,3280.1962200403214,289.12642070651054
iB8xYOSiOINRRhg,50,905.3948990702629,3579.8146436054694,3281.1854131519794,298.62923193722963
iB8xYOSiOINRRhg,51,891.2920358777046,3536.94717733836,3222.3968614800833,314.55030803382397
iB8xYOSiOINRRhg,52,898.7977578416467,3565.2849495904584,3268.961500942707,296.32344036269933
iB8xYOSiOINRRhg,53,886.2264296263456,3536.23306946747,3216.144805163145,320.0882682465017
iB8xYOSiOINRRhg,54,884.0812460333109,3538.149416431107,3250.9987429976463,287.1506748497486
iB8xYOSiOINRRhg,55,871.8190702646971,3506.8733825958566,3229.6956131905317,277.1777936044382
iB8xYOSiOINRRhg,56,865.3596593663096,3482.1207112007232,3235.2782845795155,246.8424196653068
iB8xYOSiOINRRhg,57,866.6709621250629,3471.267480303484,3237.994731903076,233.27275543892756
iB8xYOSiOINRRhg,58,860.8740709163249,3466.2445746635976,3230.7832349836826,235.46134171262383
iB8xYOSiOINRRhg,59,847.0762175172567,3428.7289522153505,3199.1523708850145,229.57656519766897
iB8xYOSiOINRRhg,60,849.5797032364644,3432.19151655593,3205.937951654196,226.25354178924044
iB8xYOSiOINRRhg,61,836.1518363133073,3393.6754653397284,3173.9002733677626,219.77519804239273
iB8xYOSiOINRRhg,62,845.1880344450474,3418.3213244236026,3185.888253778219,232.4330717213452
iB8xYOSiOINRRhg,63,837.4285025917925,3400.7150171562475,3171.8931407369673,228.82186617702246
iB8xYOSiOINRRhg,64,827.3505788743496,3364.7300969738994,3150.0489251464605,214.68115440011024
iB8xYOSiOINRRhg,65,836.601488634944,3365.688889863688,3148.726910300553,216.96197436144575
iB8xYOSiOINRRhg,66,829.3718852847815,3327.2342313785084,3125.6425568424165,201.5916636637412
iB8xYOSiOINRRhg,67,818.2318703085184,3305.9054997802386,3108.78043024987,197.12505136057734
iB8xYOSiOINRRhg,68,813.5262758284807,3294.160546833448,3102.5833658706397,191.57718114554882
iB8xYOSiOINRRhg,69,813.7914958000183,3295.8974818027204,3094.8885492645204,201.00893107056618
iB8xYOSiOINRRhg,70,819.078133026138,3318.797935931365,3111.687744203955,207.11021147109568
iB8xYOSiOINRRhg,71,797.0057590603828,3263.7509372824175,3066.736208567396,197.0147274285555
iB8xYOSiOINRRhg,72,789.1425771564245,3197.0668104788865,3020.570772798732,176.49603626935277
iB8xYOSiOINRRhg,73,795.9286565184593,3215.14761081863,3035.705562827643,179.44204061385244
iB8xYOSiOINRRhg,74,790.3052310049534,3195.6880117311584,3001.1442966638133,194.54371494054794
iB8xYOSiOINRRhg,75,788.7465627938509,3195.9815371852465,3011.2779180556536,184.70361833833158
iB8xYOSiOINRRhg,76,757.6661433391273,3061.1782363666207,2887.4819713872857,173.6962582329288
iB8xYOSiOINRRhg,77,768.6478989869356,3120.2491069033354,2933.677580209449,186.57152862101793
iB8xYOSiOINRRhg,78,773.0662925802171,3129.278514547265,2941.9744427967817,187.30407946184278
iB8xYOSiOINRRhg,79,760.9744184315205,3101.5687129735074,2914.9211687538773,186.64755764603615
iB8xYOSiOINRRhg,80,732.8954030349851,2979.5986203670145,2803.0240208879113,176.5746013415046
iB8xYOSiOINRRhg,81,750.0692291259766,3073.748503178084,2911.7866678144783,161.96184136159718
iB8xYOSiOINRRhg,82,725.4690730124712,2948.946024167274,2772.879991840571,176.06603921204805
iB8xYOSiOINRRhg,83,756.0549713969231,3099.050092460502,2920.058900119737,178.99119245260954
iB8xYOSiOINRRhg,84,688.5114161767997,2786.6622010719493,2629.2940424601547,157.36817373521626
iB8xYOSiOINRRhg,85,732.6137107163668,3022.9102131534646,2878.8923164699227,144.01789804548025
iB8xYOSiOINRRhg,86,617.926337633282,2507.2831631972654,2365.1567746252404,142.12638545164373
iB8xYOSiOINRRhg,87,729.0186982750893,3000.6204719326165,2851.1134199001826,149.50706270337105
iB8xYOSiOINRRhg,88,614.9367740098387,2499.579796661478,2348.045934508904,151.53385216207244
iB8xYOSiOINRRhg,89,703.5657586455345,2917.971076270874,2782.7260073740035,135.24506813287735
iB8xYOSiOINRRhg,90,558.9672386401216,2273.8590336878206,2127.4700065646903,146.38902626000345
