step_no,K_prod,K_inventory
1,150.0,0.0
2,400.0,1.6951351165771484
3,644.0,34.71018895506859
4,800.5,282.7328041791916
5,533.5,343.75257033109665
6,302.5,350.7162884771824
7,161.0,135.39332056045532
8,219.0,124.3872278034687
9,158.5,68.81149062514305
10,184.5,75.22838467359543
11,171.5,66.0720474421978
12,149.5,85.76753270626068
13,133.5,80.51973557472229
14,124.5,54.50668823719025
15,123.5,47.88704150915146
16,152.0,121.32179963588715
17,55.0,67.86624306440353
18,102.0,59.734680116176605
19,131.0,95.96326658502221
20,81.0,99.74219062924385
21,50.5,63.620677292346954
22,65.5,85.96078190207481
23,35.5,64.42853659391403
24,64.0,68.58441108465195
25,56.5,66.16676366329193
26,31.5,70.16295862197876
27,22.5,55.562550604343414
28,36.5,73.19325607083738
29,16.5,61.47977402806282
30,15.5,63.009910851716995
31,14.5,46.88850390911102
32,10.5,47.028503090143204
33,6.5,40.536040902137756
34,8.5,42.68675497174263
35,7.5,41.41575890779495
36,3.5,43.176022589206696
37,3.5,41.47813355922699
38,3.5,39.551478147506714
39,4.5,34.895697236061096
40,4.5,34.86501044034958
41,4.5,29.9200119972229
42,4.5,31.83002018928528
43,4.5,32.20901703834534
44,4.5,22.52364158630371
45,4.5,26.483169078826904
46,4.5,22.757137537002563
47,4.5,26.711994767189026
48,4.5,23.394150614738464
49,4.5,16.040427148342133
50,4.5,20.12961834669113
51,4.5,22.725046038627625
52,4.5,15.384704351425171
53,4.5,19.4870103597641
54,4.5,22.09529024362564
55,4.5,14.76754355430603
56,4.5,18.88219255208969
57,4.5,21.502569019794464
58,4.5,14.186676740646362
59,4.5,18.31294322013855
60,4.5,20.944704473018646
61,4.5,13.63996958732605
62,4.5,17.777170181274414
63,4.5,20.419646620750427
64,4.5,13.125413119792938
65,4.5,17.272904872894287
66,4.5,19.9254669547081
67,4.5,12.641116738319397
68,4.5,16.79829430580139
69,4.5,19.46034836769104
70,4.5,12.185300827026367
71,4.5,16.351594865322113
72,4.5,19.022582948207855
73,4.5,11.75629049539566
74,4.5,15.931164681911469
75,4.5,18.6105614900589
76,4.5,11.352509558200836
77,4.5,15.535459280014038
78,4.5,18.222770035266876
79,4.5,10.972473919391632
80,4.5,15.163024544715881
81,4.5,17.857784032821655
82,4.5,10.614787578582764
83,4.5,14.812491834163666
84,4.5,17.514262050390244
85,4.5,10.278136074543
86,4.5,14.482573300600052
87,4.5,17.1909419298172
88,4.5,9.961282342672348
89,4.5,14.172056674957275
90,4.5,16.88663560152054
91,4.5,9.663062125444412
92,4.5,13.879800856113434
93,4.5,16.600224882364273
94,4.5,9.382379651069641
95,4.5,13.604732006788254
96,4.5,16.330657452344894
97,4.5,9.11820363998413
98,4.5,13.345839381217957
99,4.5,16.076942712068558
100,4.5,8.869563102722168
101,4.5,13.102171868085861
102,4.5,15.838148444890976
103,4.5,8.635544687509537
104,4.5,12.87283381819725
105,4.5,15.613397181034088
106,4.5,8.41528856754303
107,4.5,12.656982690095901
108,4.5,15.401863098144531
109,4.5,8.20798510313034
110,4.5,12.45382535457611
111,4.5,15.20276889204979
112,4.5,8.012872785329819
113,4.5,12.262615323066711
114,4.5,15.015383064746857
115,4.5,7.829234629869461
116,4.5,12.082649976015091
117,4.5,14.83901697397232
118,4.5,7.6563959419727325
119,4.5,11.913267970085144
120,4.5,14.673022627830505
121,4.5,7.493721500039101
122,4.5,11.753847062587738
123,4.5,14.516790121793747
124,4.5,7.340613633394241
125,4.5,11.60380133986473
126,4.5,14.369745284318924
127,4.5,7.196509689092636
128,4.5,11.46257945895195
129,4.5,14.231347918510437
130,4.5,7.060880243778229
131,4.5,11.32966260612011
132,4.5,14.101089358329773
133,4.5,6.9332268834114075
134,4.5,11.204562321305275
135,4.5,13.978491097688675
136,4.5,6.813080534338951
137,4.5,11.086818918585777
138,4.5,13.863102570176125
139,4.5,6.6999997943639755
140,4.5,10.975999802350998
141,4.5,13.754499807953835
142,4.5,6.593569099903107
143,4.5,10.871697664260864
144,4.5,13.652283772826195
145,4.5,6.493397369980812
146,4.5,10.77352936565876
147,4.5,13.55607882142067
148,4.5,6.399116545915604
149,4.5,10.681134134531021
150,4.5,13.465531513094902
151,4.5,6.310380175709724
152,4.5,10.594172552227974
153,4.5,13.380309112370014
154,4.5,6.226862229406834
155,4.5,10.512324936687946
156,4.5,13.300098471343517
157,4.5,6.148255810141563
158,4.5,10.435290649533272
159,4.5,13.224604859948158
160,4.5,6.074272058904171
161,4.5,10.362786583602428
162,4.5,13.153550885617733
163,4.5,6.004639163613319
164,4.5,10.294546335935593
165,4.5,13.086675435304642
166,4.5,5.939101219177246
167,4.5,10.230319157242775
168,4.5,13.0237328261137
169,4.5,5.8774174451828
170,4.5,10.169869050383568
171,4.5,12.964491695165634
172,4.5,5.819361157715321
173,4.5,10.112973898649216
174,4.5,12.90873446315527
175,4.5,5.764719046652317
176,4.5,10.059424623847008
177,4.5,12.856256179511547
178,4.5,5.713290348649025
179,4.5,10.009024515748024
180,4.5,12.80686403810978
181,4.5,5.664886049926281
182,4.5,9.9615882858634
183,4.5,12.760376565158367
184,4.5,5.619328312575817
185,4.5,9.916941709816456
186,4.5,12.716622926294804
187,4.5,5.576449736952782
188,4.5,9.874920707195997
189,4.5,12.675442334264517
190,4.5,5.536092769354582
191,4.5,9.835370879620314
192,4.5,12.636683493852615
193,4.5,5.498109120875597
194,4.5,9.798146892338991
195,4.5,12.60020399838686
196,4.5,5.462359204888344
197,4.5,9.763111978769302
198,4.5,12.565869778394699
199,4.5,5.428711663931608
200,4.5,9.730137400329113
201,4.5,12.533554680645466
202,4.5,5.397042889147997
203,4.5,9.699101984500885
204,4.5,12.503139976412058
205,4.5,5.367236472666264
206,4.5,9.669891700148582
207,4.5,12.47451389953494
208,4.5,5.339182913303375
209,4.5,9.642399217933416
210,4.5,12.447571258991957
211,4.5,5.3127791322767735
212,4.5,9.616523504257202
213,4.5,12.422213066369295
214,4.5,5.287928104400635
215,4.5,9.592169500887394
216,4.5,12.39834614470601
217,4.5,5.264538515359163
218,4.5,9.56924770027399
219,4.5,12.375882782042027
220,4.5,5.242524418979883
221,4.5,9.547673888504505
222,4.5,12.354740450158715
223,4.5,5.221804924309254
224,4.5,9.527368789538741
225,4.5,12.334841446951032
226,4.5,5.202303912490606
227,4.5,9.50825778953731
228,4.5,12.31611267104745
229,4.5,5.183949710801244
230,4.5,9.490270676091313
231,4.5,12.298485295847058
232,4.5,5.166674878448248
233,4.5,9.473341338336468
234,4.5,12.281894547864795
235,4.5,5.1504159569740295
236,4.5,9.457407590001822
237,4.5,12.266279477626085
238,4.5,5.135113172233105
239,4.5,9.442410865798593
240,4.5,12.251582691445947
241,4.5,5.120710322633386
242,4.5,9.428296079859138
243,4.5,12.237750193104148
244,4.5,5.107154481112957
245,4.5,9.415011348202825
246,4.5,12.224731156602502
247,4.5,5.094395825639367
248,4.5,9.402507862076163
249,4.5,12.212477749213576
250,4.5,5.082387484610081
251,4.5,9.390739688649774
252,4.5,12.200944932177663
253,4.5,5.071085320785642
254,4.5,9.379663575440645
255,4.5,12.190090341493487
256,4.5,5.060447824187577
257,4.5,9.369238827377558
258,4.5,12.179874086752534
259,4.5,5.050435894168913
260,4.5,9.359427135437727
261,4.5,12.17025863006711
262,4.5,5.041012748144567
263,4.5,9.35019244812429
264,4.5,12.161208637058735
265,4.5,5.032143757678568
266,4.5,9.341500839218497
267,4.5,12.152690860442817
268,4.5,5.023796333000064
269,4.5,9.333320364356041
270,4.5,11.103433570824564
271,4.5,5.0159398056566715
272,4.5,9.32562096696347
273,4.5,12.137128584086895
274,8.5,8.928545379079878
275,6.5,11.273010689765215
276,4.5,12.1300269048661
277,4.5,5.001585654914379
278,4.5,9.295214623212814
279,4.5,12.089615880511701
280,10.5,9.858172573149204
281,8.0,14.432795119471848
282,8.0,17.239763212390244
283,7.0,10.530526174232364
284,8.0,17.34959180559963
285,8.0,17.318859757855535
286,8.0,13.65834426227957
287,8.0,18.209873735904694
288,8.0,17.485165785066783
289,10.0,16.72365696914494
290,10.0,21.301558668725193
291,11.0,24.129013614729047
292,10.0,18.615613028407097
293,8.0,14.611317758448422
294,8.5,16.676106363534927
295,10.0,20.82510255277157
296,9.0,15.775113105773926
297,11.5,16.666890040040016
298,9.5,19.222315460443497
299,11.0,17.185222283005714
300,12.5,20.344690218567848
301,13.5,26.996653884649277
302,14.0,22.291882928460836
303,16.5,22.537923336029053
304,14.5,23.9987074136734
305,13.5,20.713155657052994
306,22.0,26.25099539011717
307,17.0,25.132300585508347
308,17.0,28.821774005889893
309,14.0,27.59926848113537
310,16.5,26.028223305940628
311,17.0,27.844941794872284
312,14.5,27.443334080278873
313,17.5,27.922046959400177
314,14.5,23.713352871127427
315,23.5,26.216295033693314
316,17.5,25.614432513713837
317,22.0,29.5568934828043
318,22.5,26.63888912461698
319,25.5,23.904527304694057
320,22.0,20.09772726148367
321,22.0,21.422467648983
322,18.0,17.018735961057246
323,25.0,19.978397607803345
324,26.5,25.857302144169807
325,20.0,18.002437978982925
326,26.0,24.323732882738113
327,28.5,24.908852707594633
328,28.5,23.191912531852722
329,31.0,16.962997443974018
330,31.0,13.364995613694191
331,34.5,18.5028243586421
332,47.0,33.22136873006821
333,47.5,38.67660426348448
334,35.5,12.94257926940918
335,67.5,42.99915784597397
336,57.5,40.000295377802104
337,37.5,16.80086413025856
338,65.0,35.145823299884796
339,35.5,12.998227953910828
340,32.5,12.384413599967957
341,66.0,25.220741629600525
342,66.5,17.586307629942894
343,85.5,35.87982042878866
344,46.5,15.231768012046814
345,78.0,34.457276344299316
346,36.0,4.596198558807373
347,63.5,20.24535483121872
348,54.5,33.38939690589905
349,72.0,28.734035968780518
350,40.0,8.559220552444458
351,53.5,0.0
352,147.0,25.862174421548843
353,210.5,60.66187334060669
354,198.5,73.51296412944794
355,188.0,131.3925884962082
356,107.5,86.49726605415344
357,116.5,67.44403585791588
358,104.0,54.404691994190216
359,104.5,13.16126498579979
360,178.0,42.47760650515556
361,165.5,52.150375336408615
362,180.5,60.89206099510193
363,168.5,97.90226829051971
364,144.5,56.71034938097
365,161.5,68.78647965192795
366,150.5,41.63846668601036
367,179.5,44.229077994823456
368,197.5,64.48273956775665
369,148.5,64.26406906545162
370,175.5,61.87735462188721
371,216.0,78.41077128052711
372,163.5,42.338231563568115
373,198.0,75.4455189704895
374,182.5,56.8745733499527
375,232.5,114.067697763443
376,187.0,66.4592701792717
377,204.5,104.86765694618225
378,156.5,87.41083478927612
379,191.0,79.76878464221954
380,201.5,85.23583647608757
381,221.0,89.5886096470058
382,181.0,102.21865451335907
383,159.0,88.06386595964432
384,180.5,79.72332048416138
385,187.5,70.69744033366442
386,215.5,80.83060371875763
387,212.5,69.94050872325897
388,257.0,143.7675566226244
389,138.5,95.35427463054657
390,148.0,91.51410984992981
391,144.5,73.81161344051361
392,166.5,46.564578503370285
393,209.5,110.24449825286865
394,177.0,123.84350791573524
395,145.5,106.37982285022736
396,117.5,33.30676543712616
397,201.0,58.73727011680603
398,201.0,63.647338569164276
399,234.0,157.3888899087906
400,145.5,95.56872892379761
401,179.5,94.58058822154999
402,172.5,80.24519500136375
403,185.5,77.22686111927032
404,171.5,105.10040917247534
405,148.5,109.58326071500778
406,110.0,76.00506898760796
407,116.5,62.71734008938074
408,124.0,61.295951560139656
409,125.5,56.94153422117233
410,130.0,86.81945323944092
411,99.5,62.82492297887802
412,133.5,89.18127512931824
413,114.0,80.80848835036159
414,108.5,101.22826179862022
415,81.0,35.43055400252342
416,114.5,26.110975682735443
417,128.0,50.95528495311737
418,106.0,72.10629117488861
419,88.5,69.7192325592041
420,84.5,47.772594541311264
421,107.0,50.24335554242134
422,110.0,51.60528302192688
423,127.0,66.06213092803955
424,111.0,92.53416192531586
425,58.5,52.0464471578598
426,77.0,33.511308431625366
427,90.5,34.22185277938843
428,108.0,36.04194337129593
429,108.5,71.80590200424194
430,75.5,50.51860785484314
431,89.0,51.60176688991487
432,93.5,46.24583858251572
433,124.5,74.34054636955261
434,105.5,100.664968252182
435,94.5,93.53159806132317
436,69.5,68.07835114002228
437,73.5,38.126773081719875
438,65.0,47.77946996688843
439,69.0,64.95811539888382
440,33.0,42.197290539741516
441,52.5,45.986110866069794
442,50.5,41.35542970895767
443,82.0,57.11751562356949
444,87.5,61.93917874991894
445,80.0,88.00431798025966
446,43.5,69.48205006122589
447,44.0,56.42840687558055
448,52.5,45.757057785987854
449,69.0,71.56733351945877
450,29.0,55.2771737575531
451,26.0,56.342846155166626
452,16.5,37.62330277264118
453,25.5,31.532163590192795
454,49.5,38.87411588430405
455,48.0,58.62155318260193
456,25.0,57.93413931131363
457,36.5,66.74560117721558
458,14.5,54.444425880908966
459,29.0,65.92290073633194
460,11.5,46.53833794593811
461,24.5,49.38332003355026
462,12.0,34.83599656820297
463,29.5,47.942299991846085
464,19.5,37.985363125801086
465,42.5,48.37757754325867
466,22.0,52.086571395397186
467,19.0,46.8478629887104
468,20.5,50.484725438058376
469,7.5,34.84012061357498
470,20.0,48.598326325416565
471,6.0,48.78964388370514
472,6.5,49.390674352645874
473,7.0,53.36088103055954
474,5.5,48.2105438709259
475,5.5,47.46823227405548
476,5.5,48.10568344593048
477,5.5,47.80801832675934
478,5.5,49.41789722442627
479,5.5,46.27002739906311
480,5.5,46.95987021923065
481,5.5,49.99869281053543
482,5.5,45.916838347911835
483,5.5,46.15256226062775
484,5.5,49.207530438899994
485,5.5,45.14149981737137
486,5.5,45.39272928237915
487,5.5,48.46289414167404
488,5.5,44.41175627708435
489,5.5,44.677580535411835
490,5.5,47.762048959732056
491,5.5,43.724927484989166
492,5.5,44.00448817014694
493,5.5,47.102418541908264
494,5.5,43.07848972082138
495,5.5,43.37097990512848
496,5.5,46.48158001899719
497,5.5,42.47006839513779
498,5.5,42.77472633123398
499,5.5,45.89725184440613
500,5.5,41.897426187992096
501,5.5,42.21353733539581
502,5.5,45.34728717803955
503,5.5,41.358460545539856
504,5.5,41.68535155057907
505,5.5,44.8296634554863
506,5.5,40.85119050741196
507,5.5,41.18822646141052
508,5.5,44.342481672763824
509,5.5,40.37375146150589
510,5.5,40.72033613920212
511,5.5,43.88394916057587
512,5.5,39.9243905544281
513,5.5,40.279961824417114
514,5.5,43.452381908893585
515,5.5,39.50145524740219
516,5.5,39.86548584699631
517,5.5,26.640338599681854
518,5.5,23.025651395320892
519,5.5,23.719197988510132
520,5.5,25.810853958129883
521,5.5,22.212756395339966
522,5.5,22.922560960054398
523,5.5,25.030149549245834
524,5.5,21.447666198015213
525,5.5,22.172772735357285
526,5.5,24.29535698890686
527,5.5,20.72756940126419
528,5.5,21.467077642679214
529,5.5,23.6037760078907
530,5.5,20.049819976091385
531,5.5,20.80288341641426
532,5.5,22.95286563038826
533,5.5,19.411927670240402
534,5.5,20.177748948335648
535,5.5,22.340233862400055
536,5.5,18.81154853105545
537,5.5,19.589377343654633
538,5.5,21.76362970471382
539,5.5,18.246476531028748
540,5.5,18.084811002016068
541,5.5,15.996358513832092
542,5.5,17.2632474899292
543,5.5,22.30798241496086
544,5.5,17.367962300777435
545,5.5,16.762682646512985
546,5.5,21.817429095506668
547,5.5,16.887219965457916
548,5.5,16.29155519604683
549,5.5,21.355724096298218
550,5.5,16.43474906682968
551,5.5,15.848133832216263
552,5.5,20.921171069145203
553,5.5,16.008887201547623
554,5.5,15.430788964033127
555,5.5,20.512173384428024
556,5.5,15.608069345355034
557,5.5,15.037987485527992
558,5.5,20.127227798104286
559,5.5,15.230822741985321
560,5.5,14.66828590631485
561,5.5,19.764920189976692
562,5.5,14.875761359930038
563,5.5,14.32032561302185
564,5.5,12.768347084522247
565,5.5,14.099796161055565
566,5.5,19.207800343632698
567,5.5,14.3297837972641
568,5.5,13.785267725586891
569,5.5,18.899562552571297
570,5.5,14.027710661292076
571,5.5,13.489236071705818
572,5.5,18.609451442956924
573,5.5,13.743401825428009
574,5.5,13.210613459348679
575,5.5,18.336401224136353
576,5.5,13.475812628865242
577,5.5,12.94837599992752
578,5.5,11.423836424946785
579,5.5,16.585359767079353
580,5.5,15.995732337236404
581,5.5,11.181956991553307
582,5.5,12.545133829116821
583,5.5,17.684231266379356
584,5.5,12.83668603003025
585,5.5,12.322031915187836
586,5.5,10.810019344091415
587,5.5,12.180634900927544
588,5.5,17.327022314071655
589,5.5,12.486621290445328
590,5.5,11.97896845638752
591,5.5,10.473817154765129
592,5.5,15.654340773820877
593,5.5,15.083333738148212
594,5.5,10.287806436419487
595,5.5,15.472050346434116
596,5.5,14.904689066112041
597,5.5,10.112734660506248
598,5.5,15.300479955971241
599,5.5,14.736550092697144
600,5.5,9.94795846939087
601,5.5,15.138999320566654
602,5.5,14.578299067914486
603,5.5,9.792872451245785
604,5.5,14.98701499402523
605,5.5,14.42935448139906
606,5.5,9.646906740963459
607,5.5,11.040784560143948
608,5.5,9.554396897554398
609,5.5,10.950124964118004
610,5.5,9.46555045247078
611,5.5,10.86305545270443
612,5.5,16.03579443693161
613,5.5,11.221217960119247
614,5.5,10.738873228430748
615,5.5,9.258523754775524
616,5.5,10.660169295966625
617,5.5,9.181393906474113
618,5.5,14.387766048312187
619,5.5,13.842090502381325
620,5.5,9.07138803601265
621,5.5,14.279960304498672
622,5.5,13.736440859735012
623,5.5,8.967851385474205
624,5.5,14.17849438637495
625,5.5,6.981432165950537
626,5.5,12.231803473085165
627,5.5,6.9184114672243595
628,5.5,12.170043170452118
629,5.5,6.857886381447315
630,5.5,12.110728576779366
631,5.5,6.7997580878436565
632,5.5,12.053762849420309
633,5.5,17.20268775522709
634,5.5,6.716853033751249
635,5.5,11.972515918314457
636,5.5,17.12306573987007
637,5.5,6.638823471963406
638,5.5,11.896046921610832
639,5.5,6.589370064437389
640,5.5,11.847582582384348
641,5.5,6.541875023394823
642,5.5,11.801037441939116
643,5.5,6.496260765939951
644,5.5,11.756335478276014
645,5.5,16.911208909004927
646,5.5,6.431203790009022
647,5.5,11.692579627037048
648,5.5,6.389972131699324
649,5.5,11.652172610163689
650,5.5,6.350373234599829
651,5.5,11.613365691155195
652,5.5,6.312342457473278
653,5.5,11.576095525175333
654,5.5,6.275817696005106
655,5.5,11.540301267057657
656,5.5,6.240739315748215
657,5.5,11.505924463272095
658,5.5,16.665806137025356
659,5.5,6.190709056332707
660,5.5,11.456894800066948
661,5.5,16.617757072672248
662,5.5,6.14362096041441
663,5.5,11.410748457536101
664,5.5,6.11377757973969
665,5.5,11.381501946598291
666,5.5,16.543872077018023
667,5.5,6.071213675662875
668,5.5,11.33978931978345
669,5.5,6.044237611815333
670,5.5,11.313352787867188
671,5.5,6.018329802900553
672,5.5,11.287963137030602
673,5.5,5.993447942659259
674,5.5,11.263578912243247
675,5.5,16.428307503461838
676,5.5,5.957960383966565
677,5.5,11.228801108896732
678,5.5,16.39422524534166
679,5.5,5.924559785053134
680,5.5,11.196068501099944
681,5.5,5.903391217812896
682,5.5,11.175323318690062
683,5.5,5.883060932159424
684,5.5,11.155399637296796
685,5.5,5.8635357189923525
686,5.5,11.136264929547906
687,5.5,5.844783706590533
688,5.5,11.11788795888424
689,5.5,16.285530366003513
690,5.5,5.818038795143366
691,5.5,11.091677943244576
692,5.5,16.259844552725554
693,5.5,5.792866697534919
694,5.5,11.067009279504418
695,5.5,6.72770918533206
696,5.5,10.57117484509945
697,5.5,6.241791416890919
698,5.5,10.55615952052176
699,5.5,15.735036477446556
700,5.5,6.690534885041416
701,5.5,10.534744032658637
702,5.5,6.206089224666357
703,5.5,10.521171365864575
704,5.5,6.192788014188409
705,5.5,10.508136184886098
706,5.5,6.180013528093696
707,5.5,11.446413199417293
708,5.5,15.195505006238818
709,5.5,6.161794010549784
710,5.5,11.428558084182441
711,5.5,15.178006988018751
712,5.5,6.144645960070193
713,5.5,11.411752990446985
714,5.5,15.161537994630635
715,5.5,6.128506347537041
716,5.5,10.445140160620213
717,5.5,6.1182774202898145
718,5.5,10.435115809552372
719,5.5,6.1084535624831915
720,5.5,10.42548842355609
721,5.5,15.60697880666703
722,5.5,6.565038365311921
723,5.5,10.411757443100214
724,5.5,15.593522439710796
725,5.5,6.551851126365364
726,5.5,10.398833947256207
727,5.5,15.5808574128896
728,5.5,6.539439404383302
729,5.5,10.386670458130538
730,5.5,15.568937194067985
731,5.5,6.52775759017095
732,5.5,10.375222278293222
733,5.5,6.04975790111348
734,5.5,10.367966680787504
735,5.5,6.04264741204679
736,5.5,11.311794410459697
737,5.5,15.063578583765775
738,5.5,6.032506130635738
739,5.5,10.351059942971915
740,5.5,15.534038892481476
741,5.5,6.4935572519898415
742,5.5,10.341705947183073
743,5.5,15.524871974717826
744,5.5,5.5337776662781835
745,5.5,10.813102034851909
746,5.5,15.98684016475454
747,5.5,5.525322393979877
748,5.5,10.804815870244056
749,5.5,5.519963630009443
750,5.5,10.799564282875508
751,5.5,15.973573166877031
752,5.5,5.5123207392171025
753,5.5,10.792074245400727
754,5.5,5.50747684109956
755,5.5,10.20274340827018
756,5.5,5.502824761439115
757,5.5,10.78276818851009
758,5.5,5.49835690530017
759,5.5,10.778389688115567
760,5.5,5.494065976236016
761,5.5,10.77418457949534
762,6.5,6.463227912085131
763,9.0,14.193563324632123
764,9.5,22.259292260510847
765,7.5,7.577386677497998
766,6.5,12.320896361488849
767,6.5,18.444478631718084
768,6.5,10.325788110494614
769,6.5,12.070838482584804
770,6.5,8.20146177848801
771,10.5,15.004982804879546
772,11.0,13.115689656231552
773,6.5,14.575374393491074
774,6.5,18.791271501453593
775,6.5,11.349962078267708
776,6.5,14.166934643872082
777,7.5,20.314527000999078
778,6.5,11.646762841613963
779,6.5,14.009071346838027
780,6.5,20.098890052642673
781,6.5,10.045519328676164
782,6.5,14.802628866164014
783,6.5,9.030801536748186
784,7.5,15.672878878191113
785,7.5,10.80986942537129
786,8.5,16.332347416086122
787,8.0,11.143778359284624
788,9.0,18.16206299304031
789,14.0,18.531897987239063
790,15.0,24.885361530119553
791,16.5,25.728232993977144
792,10.0,24.40500053972937
793,17.0,26.282920812023804
794,14.0,30.80175513215363
795,14.5,33.52057942003012
796,13.5,30.381858182139695
797,12.0,36.018292523454875
798,12.0,32.298856271780096
799,14.5,33.316719830967486
800,19.0,35.28734325512778
801,15.5,39.96207990497351
802,14.5,41.69741569145117
803,15.0,41.3242135545006
804,18.0,37.06324215885252
805,20.5,38.080345815746114
806,18.5,36.802660308778286
807,23.0,47.69414106011391
808,17.5,40.391615614295006
809,19.0,41.60285025835037
810,24.5,48.69876690208912
811,22.0,48.43782711401582
812,25.5,49.765787333250046
813,18.5,44.13976493105292
814,20.5,38.5410475730896
815,22.5,40.37445339560509
816,19.0,41.87262609601021
817,21.0,43.350138798356056
818,19.5,29.5701165497303
819,31.5,41.15394241735339
820,26.5,37.04894119501114
821,27.5,38.702538430690765
822,28.0,32.22472970833769
823,26.5,37.52541670948267
824,20.0,39.93569566309452
825,17.0,36.38072491437197
826,18.5,27.18772427365184
827,26.5,31.137408033013344
828,26.5,28.173858497291803
829,27.0,27.152313135564327
830,24.0,25.221829012036324
831,34.5,31.801583349704742
832,29.0,30.152724474668503
833,27.5,27.085713624954224
834,31.5,31.739066779613495
835,36.0,32.44075694307685
836,35.5,31.118019253015518
837,34.5,27.924340844154358
838,34.0,24.507400691509247
839,36.5,30.782888770103455
840,34.5,34.21077319979668
841,30.0,40.094586692750454
842,47.0,35.82849760353565
843,39.0,32.516949221491814
844,27.5,22.33339235931635
845,46.0,32.2601173967123
846,51.0,41.54501032829285
847,39.0,36.58028319478035
848,29.0,18.297741770744324
849,49.5,22.016180515289307
850,60.0,44.09336378052831
851,33.5,34.36954655498266
852,32.0,25.40948861837387
853,57.5,30.304083466529846
854,52.0,28.06095826625824
855,53.0,29.219810217618942
856,56.0,20.11092149466276
857,53.5,26.38401708006859
858,75.0,17.691197015345097
859,62.0,27.853665605187416
860,55.0,37.325563073158264
861,60.0,45.15367388725281
862,43.5,21.769515991210938
863,73.5,37.27839674055576
864,65.5,42.13355603814125
865,54.5,42.985529124736786
866,52.0,24.784616619348526
867,51.5,30.697709165513515
868,70.0,28.534761428833008
869,60.0,28.63192905858159
870,69.0,18.696473568677902
871,71.5,40.74996875226498
872,67.5,21.93113088607788
873,94.5,32.82324716448784
874,87.5,38.975812047719955
875,72.0,31.92449724674225
876,77.0,29.372814297676086
877,56.0,30.27864980697632
878,53.0,18.388486325740814
879,70.0,16.84154038131237
880,71.5,32.303586065769196
881,62.0,19.45555141568184
882,95.0,30.668437957763672
883,68.0,19.056290864944458
884,89.5,21.523012161254883
885,83.0,36.36361598968506
886,93.5,58.83791518211365
887,48.0,13.515531063079834
888,49.0,14.220260262489319
889,87.5,14.00136461853981
890,95.5,19.940054647624493
891,107.0,41.81671464443207
892,77.5,36.358797550201416
893,59.0,31.23498809337616
894,64.0,9.02380719780922
895,113.5,36.30915427207947
896,80.5,46.99004673957825
897,88.0,46.154539465904236
898,67.5,12.46714997291565
899,108.0,20.121508359909058
900,96.5,21.835026264190674
901,101.0,47.571671694517136
902,59.5,36.18559929728508
903,48.5,19.4933954924345
904,49.5,1.3290340304374695
905,110.5,48.351866483688354
906,56.0,15.357297241687775
907,92.0,24.264715399593115
908,96.5,45.277368783950806
909,54.0,25.119178533554077
910,74.0,7.9515533447265625
911,107.5,45.36902463436127
912,66.0,27.572518169879913
913,77.0,21.77205055952072
914,78.0,11.078215599060059
915,101.5,21.26742434501648
916,103.5,36.363769352436066
917,86.0,59.320688128471375
918,68.5,42.89967703819275
919,78.5,55.721439361572266
920,64.5,31.465450644493103
921,61.0,9.805555149912834
922,78.0,21.49555015563965
923,64.5,23.58959412574768
924,68.0,30.83841347694397
925,69.5,27.068621337413788
926,52.5,20.18327671289444
927,72.0,22.0323326587677
928,57.0,24.260801553726196
929,80.0,43.07128220796585
930,64.0,55.14885777235031
931,45.5,28.79119038581848
932,66.5,24.395218431949615
933,67.5,19.18023943901062
934,76.0,35.598595321178436
935,71.5,18.157018452882767
936,83.0,21.196019649505615
937,71.0,34.98809652775526
938,36.0,33.023189663887024
939,29.0,24.39507545530796
940,56.5,22.591435849666595
941,61.0,24.031611442565918
942,52.5,32.51165592670441
943,54.0,28.73795995116234
944,31.5,25.386246919631958
945,48.0,20.30451762676239
946,61.0,20.922457218170166
947,85.5,21.305183578282595
948,79.0,63.43561315536499
949,38.0,33.2090117931366
950,61.5,34.70849171280861
951,53.5,19.65580091625452
952,58.0,35.014061039779335
953,28.5,41.000847578048706
954,31.0,39.134655833244324
955,44.0,45.58154594898224
956,50.0,53.4498473405838
957,14.0,25.980073526501656
958,21.0,22.045574843883514
959,34.0,24.78933244990185
960,24.5,32.602503061294556
961,44.5,46.54681531712413
962,16.0,11.350950419902802
963,39.5,19.15273404121399
964,57.5,50.04617917537689
965,45.5,48.844251185655594
966,39.5,41.65928837656975
967,23.0,31.197387389838696
968,43.0,40.21401181817055
969,19.5,35.33377122879028
970,19.5,32.48040425777435
971,16.5,11.545598027762026
972,52.5,39.93304714560509
973,19.0,32.91985401511192
974,28.0,16.915251649916172
975,32.0,29.798210989683867
976,19.5,24.93439644575119
977,43.0,40.7519371509552
978,39.5,30.588083058595657
979,29.0,28.03576773405075
980,42.0,33.350547432899475
981,32.5,34.11791010200977
982,23.5,35.13273882959038
983,19.0,22.698397547006607
984,37.5,28.65176174044609
985,26.0,33.362887263298035
986,20.5,34.568687915802
987,18.5,17.385047733783722
988,33.0,29.057367146015167
989,17.5,29.59602516144514
990,17.0,28.257508870214224
991,25.5,31.68810498714447
992,22.0,36.37469929456711
993,14.0,24.578518480062485
994,18.0,27.106095910072327
995,21.0,29.596403867006302
996,14.5,27.990424513816833
997,19.5,28.65848560258746
998,22.5,30.47514373064041
999,19.0,30.093703389167786
1000,10.5,28.69781321287155
1001,9.0,23.38344120979309
1002,14.0,29.190153419971466
1003,11.0,25.553697258234024
1004,10.5,19.589412078261375
1005,13.5,26.238373517990112
1006,11.0,24.648732006549835
1007,12.0,22.08182007074356
1008,25.5,32.98061144351959
1009,10.0,31.287151902914047
1010,11.5,30.298356503248215
1011,12.0,34.27037850022316
1012,11.0,32.56153005361557
1013,12.0,35.51351747661829
1014,12.0,46.01511389017105
1015,12.0,41.27342987060547
1016,13.0,39.525862604379654
1017,13.0,41.878831923007965
1018,13.0,42.259042382240295
1019,13.0,41.98638701438904
1020,13.5,42.744124084711075
1021,13.5,47.573206543922424
1022,13.5,45.48263347148895
1023,14.5,49.38408660888672
1024,13.5,49.16626191139221
1025,13.5,51.44037955068052
1026,13.5,51.327938199043274
1027,13.5,53.03381508588791
1028,15.5,56.389713287353516
1029,14.5,58.52335858345032
1030,14.5,58.86314383149147
1031,14.5,61.22067940235138
1032,16.5,60.74178893864155
1033,15.5,63.915558099746704
1034,14.5,62.200171172618866
1035,16.5,67.319564640522
1036,14.5,64.10646080970764
1037,14.5,66.28356850147247
1038,14.5,66.4452623128891
1039,14.5,68.72160422801971
1040,14.5,68.2460286617279
1041,14.5,71.58314764499664
1042,14.5,71.05034106969833
1043,14.5,73.67451918125153
1044,14.5,73.74360364675522
1045,14.5,76.97077131271362
1046,14.5,75.6380331069231
1047,14.5,79.19975882768631
1048,14.5,78.58877167105675
1049,14.5,79.99974274635315
1050,14.5,78.98752644658089
1051,14.5,82.66086408495903
1052,14.5,83.71938568353653
1053,14.5,85.79624247550964
1054,14.5,85.92996835708618
1055,14.5,87.9626128077507
1056,14.5,87.67567771673203
1057,14.5,89.60668045282364
1058,15.5,89.16044628620148
1059,15.5,91.20604401826859
1060,17.0,92.0091073513031
1061,17.0,93.81470483541489
1062,16.0,94.33124840259552
1063,16.0,94.81347870826721
1064,16.0,95.11502149701118
1065,16.5,96.69077920913696
1066,17.5,100.29903453588486
1067,17.5,99.26991659402847
1068,17.5,100.81061409413815
1069,18.0,98.01733273267746
1070,22.5,105.5110382437706
1071,19.0,103.41839644312859
1072,20.0,108.1094822883606
1073,19.0,107.20628425478935
1074,19.0,109.62675321102142
1075,19.0,101.6482360586524
1076,19.0,102.65986922383308
1077,20.0,117.56105664372444
1078,20.0,108.8970683068037
1079,19.0,118.39491014182568
1080,19.0,107.18718004971743
1081,19.5,120.08200918138027
1082,19.5,112.3968854546547
1083,20.0,120.72516171634197
1084,20.0,115.69686132669449
1085,20.0,123.31585595011711
1086,20.0,118.38193961977959
1087,20.0,124.39168500900269
1088,20.5,118.88130602240562
1089,20.5,114.62742274999619
1090,20.5,116.34351509809494
1091,21.0,132.91399484872818
1092,21.0,119.38289231061935
1093,22.5,134.10745729133487
1094,21.5,121.83366963267326
1095,21.5,136.97119814157486
1096,21.5,121.33781215548515
1097,21.5,121.00373181700706
1098,21.5,136.09261202812195
1099,21.5,125.29727819561958
1100,21.5,124.64454561471939
1101,21.5,124.55768241733313
1102,21.5,138.08909726142883
1103,21.5,126.46331417560577
1104,21.5,135.56668560951948
1105,21.5,122.84290667623281
1106,26.5,133.7654037475586
1107,21.5,121.10432517714798
1108,21.5,120.34502936899662
1109,21.5,120.0110302567482
1110,22.0,123.02156500518322
1111,22.0,122.65590672940016
1112,22.5,130.07353077083826
1113,23.5,101.8701601922512
1114,22.5,100.6592136323452
1115,23.0,99.21306668967009
1116,23.0,98.68159588985145
1117,23.0,97.91103944927454
1118,23.0,110.48318864777684
1119,23.0,103.5182222649455
1120,23.5,99.11822482943535
1121,22.5,98.44814969599247
1122,23.5,83.72108683362603
1123,22.5,92.17795172333717
1124,25.0,84.17150831222534
1125,22.5,79.83077178895473
1126,22.5,74.28710836172104
1127,24.0,81.07136500626802
1128,22.5,74.45133648067713
1129,22.5,69.78512439131737
1130,22.5,75.8511233702302
1131,23.5,66.27222360670567
1132,23.5,73.74768891185522
1133,22.5,56.07124247588217
1134,23.5,54.567857187241316
1135,23.5,49.436004063114524
1136,22.5,51.981250543147326
1137,22.5,45.52049317955971
1138,22.5,39.24736151844263
1139,28.0,39.396445631980896
1140,26.0,34.53045042976737
1141,27.5,30.829542338848114
1142,24.0,31.14415043592453
1143,26.5,32.082614094018936
1144,25.0,26.732111994177103
1145,29.5,33.97035957314074
1146,25.5,22.891405064612627
1147,29.5,22.027626549825072
1148,31.5,24.850884025916457
1149,26.5,27.036866158246994
1150,26.5,20.327133491635323
1151,22.0,15.437007308006287
1152,27.5,17.82892830763012
1153,28.5,26.29869195818901
1154,23.5,17.385888651013374
1155,25.0,19.026098534464836
1156,25.0,17.248677913099527
1157,23.0,15.706453019753098
1158,31.5,14.532746478915215
1159,28.0,16.218094799667597
1160,26.5,15.384104128926992
1161,31.0,12.818503271788359
1162,31.5,15.65412374958396
1163,26.0,11.87789785861969
1164,31.5,17.822259014472365
1165,26.0,16.984864762052894
1166,33.0,21.9745404869318
1167,32.0,17.688103169202805
1168,22.0,13.75845580548048
1169,27.0,12.784495674073696
1170,30.0,14.397754199802876
1171,22.5,13.502623193198815
1172,29.5,6.3295580223202705
1173,28.5,7.003935569897294
1174,28.5,7.6201714016497135
1175,26.5,3.3272592425346375
1176,40.5,6.895236402750015
1177,36.0,12.537492834031582
1178,28.5,14.943629384040833
1179,35.5,12.705583095550537
1180,28.5,10.261921145021915
1181,29.0,6.811146229505539
1182,32.5,8.373101115226746
1183,33.0,11.577385783195496
1184,27.5,4.248260871041566
1185,43.0,18.682450391352177
1186,31.5,11.569547414779663
1187,34.0,8.411384858191013
1188,26.0,2.4378883242607117
1189,35.5,6.09889917075634
1190,28.5,10.977633798494935
1191,25.0,2.7207227163016796
1192,35.0,11.823901809751987
1193,30.5,13.425320893526077
1194,33.5,6.525492176413536
1195,37.5,11.50458112359047
1196,27.0,8.427672028541565
1197,29.0,6.595914840698242
1198,34.5,5.554005280137062
1199,31.5,14.032913252711296
1200,29.5,6.8617661371827126
1201,37.0,7.686703324317932
1202,44.0,19.87642800807953
1203,28.0,16.922483921051025
1204,23.5,3.5108134746551514
1205,37.0,11.116658478975296
1206,26.5,7.575146794319153
1207,34.0,10.410769060254097
1208,39.5,9.380386218428612
1209,43.0,14.722156297415495
1210,40.5,20.773453280329704
1211,22.0,11.791538268327713
1212,32.0,7.140482276678085
1213,33.0,10.566411405801773
1214,36.0,3.363884747028351
1215,44.5,8.339961051940918
1216,43.0,15.401311203837395
1217,28.0,4.492364346981049
1218,37.5,9.850185349583626
1219,30.5,4.682123973965645
1220,37.0,8.812387943267822
1221,37.0,4.921230584383011
1222,27.0,7.055186629295349
1223,29.5,6.689631104469299
1224,32.0,0.49000000953674316
1225,37.0,11.558938577771187
1226,32.0,5.670151472091675
1227,27.5,0.0
1228,42.5,4.885630369186401
1229,46.0,4.440014362335205
1230,53.0,15.79841035604477
1231,30.5,3.770456314086914
1232,38.5,10.956172466278076
1233,35.0,0.83130744099617
1234,39.5,1.8989138007164001
1235,31.0,7.965764686930925
1236,22.0,0.5802368074655533
1237,32.0,0.49000000953674316
1238,32.0,3.4679582715034485
1239,32.0,0.9800000190734863
1240,32.0,4.881136417388916
1241,22.0,1.8652688264846802
1242,22.0,1.1349253207445145
1243,27.0,0.49000000953674316
1244,22.0,0.840546727180481
1245,22.0,0.0
1246,32.0,0.49000000953674316
1247,27.0,0.0
1248,27.0,3.7084596157073975
1249,27.0,0.0
1250,22.0,0.9800000190734863
1251,27.0,0.5453466698527336
1252,32.0,2.220519185066223
1253,22.0,0.0
1254,22.0,0.0
1255,29.0,0.4291926324367523
1256,22.0,0.0
1257,27.0,0.49000000953674316
1258,27.0,0.0
1259,27.0,0.0
1260,32.0,0.0
1261,22.0,0.49000000953674316
1262,27.0,0.0
1263,22.0,0.49000000953674316
1264,22.0,0.49000000953674316
1265,27.0,0.49000000953674316
1266,32.0,0.9800000190734863
1267,32.0,0.49000000953674316
1268,22.0,0.49000000953674316
1269,22.0,0.0
1270,22.0,0.0
1271,22.0,0.9067472219467163
1272,42.0,0.0
1273,22.0,1.4700000286102295
1274,32.0,0.0
1275,22.0,0.49000000953674316
1276,22.0,0.9800000190734863
1277,23.0,0.49000000953674316
1278,22.0,0.49000000953674316
1279,27.0,0.0
1280,27.0,0.49000000953674316
1281,31.5,0.9800000190734863
1282,28.5,0.0
1283,22.0,0.49000000953674316
1284,22.0,0.5614207088947296
1285,32.0,1.365487813949585
1286,22.0,0.22115957736968994
1287,32.0,0.49000000953674316
1288,22.0,0.0
1289,27.0,0.0
1290,27.0,0.60817451775074
1291,22.0,0.0
1292,27.0,0.0
1293,32.0,4.254154920578003
1294,32.0,0.49000000953674316
1295,22.0,0.0
1296,27.0,0.0
1297,22.0,0.5237473659217358
1298,32.0,0.0
1299,23.5,0.49000000953674316
1300,22.0,0.49000000953674316
1301,32.0,2.637568712234497
1302,22.0,0.0
1303,27.0,0.9800000190734863
1304,22.0,0.3624408543109894
1305,37.0,0.0
1306,27.0,0.9800000190734863
1307,27.0,0.49000000953674316
1308,22.0,0.49000000953674316
1309,22.0,0.0
1310,27.0,0.49000000953674316
1311,22.0,0.0
1312,37.0,0.0
1313,22.0,0.0
1314,27.0,0.49000000953674316
1315,27.0,0.0
1316,22.0,0.0
1317,22.0,0.0
1318,27.0,0.49000000953674316
1319,27.0,0.49000000953674316
1320,27.0,0.6911392360925674
1321,32.0,1.5133056640625
1322,27.0,0.0
1323,22.0,0.9800000190734863
1324,27.0,0.49000000953674316
1325,27.0,0.09655629843473434
1326,22.0,0.0
1327,32.0,1.4700000286102295
1328,32.0,5.880000114440918
1329,24.0,0.0
1330,22.0,0.0
1331,22.0,0.0
1332,22.0,0.49000000953674316
1333,22.0,0.0
1334,27.0,0.0
1335,42.0,0.0
1336,22.0,0.0
1337,27.0,0.0
1338,22.0,0.49000000953674316
1339,22.0,0.9800000190734863
1340,27.0,5.390000104904175
1341,22.0,0.9800000190734863
1342,32.0,0.7251595258712769
1343,32.0,0.0
1344,22.0,0.0
1345,27.0,0.0
1346,27.0,0.4996336381882429
1347,27.0,0.49000000953674316
1348,22.0,1.4700000286102295
1349,31.5,0.9800000190734863
1350,27.0,0.9800000190734863
1351,22.0,0.0
1352,22.0,0.0
1353,27.0,0.0
1354,27.0,0.49000000953674316
1355,32.0,0.2500017285346985
1356,27.0,1.343335747718811
1357,22.0,0.0
1358,22.0,0.9800000190734863
1359,23.5,0.23080399632453918
1360,22.0,0.3941439688205719
1361,32.0,0.49000000953674316
1362,22.0,0.9800000190734863
1363,22.0,0.49000000953674316
1364,32.0,0.0
1365,32.0,0.9800000190734863
1366,23.5,1.6236005425453186
1367,22.0,0.9800000190734863
1368,27.0,2.964967370033264
1369,22.0,0.11631491780281067
1370,22.0,0.49000000953674316
1371,30.5,0.9800000190734863
1372,22.0,0.0
1373,29.5,1.9600000381469727
1374,27.0,4.084319114685059
1375,27.0,1.4700000286102295
1376,22.0,1.4700000286102295
1377,22.0,1.4700000286102295
1378,27.0,5.390000104904175
1379,22.0,0.28661512210965157
1380,42.0,1.4700000286102295
1381,22.0,1.5246479474008083
1382,22.0,1.2771638631820679
1383,22.0,0.49000000953674316
1384,32.0,1.4700000286102295
1385,32.0,2.6889983415603638
1386,22.0,0.9800000190734863
1387,22.0,0.9800000190734863
1388,27.0,1.9600000381469727
1389,27.0,2.757164865732193
1390,24.0,2.026500031352043
1391,25.5,1.3590371310710907
1392,25.5,0.0
1393,22.0,0.9800000190734863
1394,29.5,0.9800000190734863
1395,22.0,0.0
1396,22.0,0.23626697063446045
1397,27.0,1.1504794359207153
1398,27.0,1.059602901339531
1399,22.0,0.7174723595380783
1400,32.0,4.951007097959518
1401,27.0,0.5999960750341415
1402,27.0,0.0
1403,22.0,0.39513280987739563
1404,26.5,4.957790721207857
1405,22.0,1.2341437339782715
1406,27.0,1.7467637360095978
1407,22.5,1.4700000286102295
1408,22.5,0.9800000190734863
1409,32.5,1.9133410453796387
1410,22.5,0.49580105720087886
1411,27.5,0.8597589954733849
1412,25.0,0.0
1413,22.5,2.2932878136634827
1414,22.5,0.49000000953674316
1415,27.5,1.9600000381469727
1416,27.5,0.0
1417,27.5,0.49000000953674316
1418,27.5,1.9600000381469727
1419,22.5,0.49000000953674316
1420,32.5,4.69808129966259
1421,22.5,0.49000000953674316
1422,22.5,1.1230840533971786
1423,32.0,6.683530330657959
1424,22.5,0.698756605386734
1425,27.5,3.795532003045082
1426,22.5,1.4700000286102295
1427,32.5,6.493698090314865
1428,27.5,1.7227842509746552
1429,22.5,0.5595836564898491
1430,22.5,1.6528018116950989
1431,27.5,1.0702081695199013
1432,22.5,1.4700000286102295
1433,22.5,2.166292996611446
1434,32.5,1.9600000381469727
1435,27.5,1.9338064640760422
1436,22.5,0.8824412673711777
1437,27.5,0.9800000190734863
1438,22.5,0.9800000190734863
1439,22.5,0.9800000190734863
1440,37.0,2.442460536956787
1441,22.5,0.49000000953674316
1442,22.5,1.050535336136818
1443,27.5,0.6086328029632568
1444,22.5,1.5011096857488155
1445,22.5,1.8137739896774292
1446,27.5,0.49000000953674316
1447,27.5,1.3010605573654175
1448,23.0,0.9800000190734863
1449,33.0,1.9600000381469727
1450,23.0,1.8582139909267426
1451,23.0,4.4100000858306885
1452,28.0,3.0867165327072144
1453,23.0,1.3437887132167816
1454,28.0,4.741535544395447
1455,23.0,1.9196531064808369
1456,23.0,2.639979064464569
1457,26.5,1.988133355975151
1458,23.0,0.9800000190734863
1459,23.0,1.9600000381469727
1460,23.0,2.023258253931999
1461,27.0,3.430000066757202
1462,29.5,1.0031802486628294
1463,28.0,1.9600000381469727
1464,23.0,3.2893688082695007
1465,23.0,2.450000047683716
1466,23.0,4.4100000858306885
1467,33.0,2.5386956185102463
1468,23.0,2.0184362679719925
1469,23.0,1.563433825969696
1470,31.0,5.650978326797485
1471,23.0,2.5823478400707245
1472,28.0,1.3829804062843323
1473,28.0,1.6093817949295044
1474,23.0,3.3274949491024017
1475,23.0,2.942085422575474
1476,26.0,2.7352233231067657
1477,23.0,1.9600000381469727
1478,23.0,3.9200000762939453
1479,28.0,7.0083823800086975
1480,28.0,2.2833746490068734
1481,33.0,8.187586337327957
1482,23.0,1.4700000286102295
1483,23.0,2.450000047683716
1484,23.0,2.2034705132246017
1485,27.5,0.9800000190734863
1486,28.0,1.4700000286102295
1487,23.0,2.5859456807374954
1488,23.0,0.9800000190734863
1489,32.0,1.9600000381469727
1490,24.5,3.002213694155216
1491,23.0,3.1490507647395134
1492,28.0,0.7081935256719589
1493,23.0,2.940000057220459
1494,23.0,1.4700000286102295
1495,23.0,0.9800000190734863
1496,31.0,0.9800000190734863
1497,23.0,1.163598507642746
1498,28.0,0.9158371686935425
1499,23.0,1.553317829966545
1500,23.0,0.9800000190734863
1501,28.0,5.748653322458267
1502,28.0,0.49000000953674316
1503,23.0,1.8348464667797089
1504,33.0,0.9800000190734863
1505,23.0,0.995958698913455
1506,23.0,2.348337173461914
1507,29.5,1.3548437058925629
1508,23.0,2.070396065711975
1509,23.0,2.182339683175087
1510,23.0,1.4700000286102295
1511,28.0,4.426074892282486
1512,28.0,2.602657303214073
1513,28.0,2.6676104962825775
1514,23.0,1.8591709434986115
1515,23.0,1.8184434473514557
1516,23.0,1.7549545764923096
1517,33.0,0.9800000190734863
1518,23.0,2.3276192359626293
1519,23.0,0.49000000953674316
1520,33.0,1.0260132551193237
1521,23.0,2.7808790802955627
1522,23.0,0.9800000190734863
1523,28.0,2.0861923368647695
1524,23.0,0.9800000190734863
1525,23.0,2.9994459189474583
1526,28.0,6.5069884061813354
1527,23.0,1.9600000381469727
1528,28.0,3.980320692062378
1529,23.0,1.4700000286102295
1530,33.0,1.0940436720848083
1531,23.5,0.49000000953674316
1532,23.5,2.940000057220459
1533,23.5,2.633431911468506
1534,23.5,2.1561404019594193
1535,28.5,1.4648497402668
1536,28.5,5.760373771190643
1537,24.5,0.8672104775905609
1538,23.5,2.2007024735212326
1539,23.5,0.9472342133522034
1540,23.5,1.898860513116233
1541,23.5,1.7475799126550555
1542,28.5,5.29889240860939
1543,29.0,7.840000152587891
1544,24.0,3.9200000762939453
1545,24.0,1.4700000286102295
1546,24.0,2.5860370493028313
1547,24.0,3.415059357881546
1548,24.0,1.6657712161540985
1549,24.0,1.747587263584137
1550,24.0,1.4700000286102295
1551,34.0,2.423913937062025
1552,24.0,2.1762618124485016
1553,24.0,4.117591679096222
1554,24.0,2.999451592564583
1555,24.0,4.900000095367432
1556,29.0,4.520045518875122
1557,24.0,3.3240129947662354
1558,24.0,4.554155930876732
1559,24.0,2.9059907719492912
1560,25.5,3.0853872150182724
1561,24.0,1.9600000381469727
1562,29.0,8.25718379841419
1563,24.0,3.1625906676054
1564,24.0,3.072136789560318
1565,29.0,4.1123446971178055
1566,24.0,2.920400023460388
1567,24.0,3.4186553210020065
1568,24.0,2.8193118423223495
1569,24.0,4.900000095367432
1570,26.5,5.5730175375938416
1571,29.0,2.7636670023202896
1572,24.0,3.9548652917146683
1573,24.0,2.4402000308036804
1574,24.0,2.5641577634960413
1575,24.0,2.4811026602983475
1576,29.0,2.4762540459632874
1577,24.0,6.128745794296265
1578,29.0,6.183790847659111
1579,24.0,2.940000057220459
1580,24.0,1.4700000286102295
1581,24.0,1.7601936161518097
1582,24.0,3.912682756781578
1583,27.0,5.6022776030004025
1584,24.0,3.790706545114517
1585,24.0,1.9142055213451385
1586,24.0,2.365740031003952
1587,29.0,2.6411076188087463
1588,24.0,1.281380072236061
1589,24.0,1.9205800294876099
1590,29.0,3.9887520521879196
1591,24.0,4.3682568073272705
1592,24.0,3.9562518298625946
1593,24.0,4.433671936392784
1594,24.0,2.940000057220459
1595,29.0,3.430000066757202
1596,24.0,2.342901974916458
1597,24.0,3.430000066757202
1598,24.0,5.725098296999931
1599,24.5,6.2326324209570885
1600,29.5,7.437959849834442
1601,24.5,4.800594165921211
1602,24.5,5.524872601032257
1603,24.5,4.498045429587364
1604,24.5,3.5060731321573257
1605,24.5,1.609549105167389
1606,24.5,3.4908564276993275
1607,28.5,8.242217481136322
1608,24.5,3.430000066757202
1609,24.5,3.9937111362814903
1610,24.5,3.430000066757202
1611,24.5,3.549449861049652
1612,24.5,3.7944978773593903
1613,29.5,4.092973170801997
1614,24.5,3.651823803782463
1615,24.5,3.5526791401207447
1616,24.5,3.686005339026451
1617,24.5,2.447338692843914
1618,24.5,5.547160029411316
1619,24.5,2.569918803870678
1620,24.5,3.3687262535095215
1621,29.5,4.0259160697460175
1622,24.5,1.7364183068275452
1623,24.5,5.390000104904175
1624,24.5,5.008408557623625
1625,24.5,2.450000047683716
1626,24.5,1.680303156375885
1627,24.5,3.430000066757202
1628,24.5,2.940000057220459
1629,24.5,5.770892845466733
1630,28.0,2.220318488776684
1631,24.5,4.586421757936478
1632,24.5,0.9800000190734863
1633,24.5,4.3170294389128685
1634,24.5,3.3161180913448334
1635,24.5,1.4467065036296844
1636,24.5,2.450000047683716
1637,29.5,5.041343927383423
1638,24.5,3.1357019245624542
1639,24.5,2.777784287929535
1640,24.5,3.4952692091464996
1641,24.5,1.4700000286102295
1642,24.5,3.9200000762939453
1643,24.5,1.9600000381469727
1644,24.5,0.7962080985307693
1645,24.5,0.5016503455117345
1646,25.0,3.6719890981912613
1647,25.0,4.593356546014547
1648,25.0,3.5010873675346375
1649,25.0,2.048548072576523
1650,25.0,4.042750537395477
1651,25.0,0.20145249366760254
1652,25.0,1.9600000381469727
1653,25.0,1.3323323540389538
1654,25.0,1.4700000286102295
1655,25.0,0.6949477083981037
1656,25.0,2.450000047683716
1657,25.0,1.4700000286102295
1658,25.0,1.4782520551234484
1659,25.0,2.0715944096446037
1660,25.0,1.9600000381469727
1661,25.0,3.4478612951934338
1662,25.0,3.770494729280472
1663,25.0,1.7086287587881088
1664,25.0,2.9470116458833218
1665,25.0,1.2772786915302277
1666,25.0,1.7744075059890747
1667,25.0,4.4100000858306885
1668,25.0,3.548569183796644
1669,25.0,2.524086207151413
1670,25.0,1.1019881814718246
1671,25.0,2.009693205356598
1672,25.0,2.7336073219776154
1673,25.0,1.423710286617279
1674,25.0,3.1784609402529895
1675,25.0,1.4700000286102295
1676,25.0,1.7359869685024023
1677,25.0,1.4700000286102295
1678,25.0,2.450000047683716
1679,25.0,3.2745584845542908
1680,25.0,0.9146087467670441
1681,25.0,1.7757547199726105
1682,25.0,1.769429326057434
1683,25.0,2.2602910697460175
1684,25.0,0.49000000953674316
1685,25.0,0.771276593208313
1686,25.0,2.4196548014879227
1687,25.0,0.9800000190734863
1688,25.0,2.2406002208590508
1689,25.0,0.011793708428740501
1690,25.0,2.061983536928892
1691,25.0,3.1687412410974503
1692,25.0,2.1883819699287415
1693,25.0,1.9600000381469727
1694,25.0,1.8153815567493439
1695,25.0,2.7757099866867065
1696,25.0,2.513189232442528
1697,25.0,1.4700000286102295
1698,25.0,1.1849321573972702
1699,25.0,2.327896408736706
1700,25.0,1.1818387359380722
1701,25.0,2.450000047683716
1702,25.0,1.9502000212669373
1703,25.0,2.307281384244561
1704,25.0,1.2991604804992676
1705,25.0,1.708589930087328
1706,25.0,0.9800000190734863
1707,25.0,2.622051566839218
1708,25.0,0.9444527924060822
1709,25.0,0.49000000953674316
1710,25.0,0.49000000953674316
1711,25.0,1.4700000286102295
1712,25.0,1.9279976189136505
1713,25.0,2.536955788731575
1714,25.0,0.49000000953674316
1715,25.0,3.9200000762939453
1716,25.0,3.9200000762939453
1717,25.0,2.529714360833168
1718,25.0,2.399927407503128
1719,25.0,2.450000047683716
1720,25.0,1.4700000286102295
1721,25.0,0.49000000953674316
1722,25.0,1.896640457212925
1723,25.0,1.9600000381469727
1724,25.0,3.0113557651638985
1725,25.0,0.29637575149536133
1726,25.0,0.49000000953674316
1727,25.0,1.4700000286102295
1728,25.0,1.220207840204239
1729,25.0,0.8903777003288269
1730,25.0,2.6570925042033195
1731,25.0,2.940000057220459
1732,25.0,1.0322844982147217
1733,25.0,2.450000047683716
1734,25.0,0.9800000190734863
1735,25.0,1.7240713238716125
1736,25.0,3.430000066757202
1737,25.0,1.4700000286102295
1738,25.0,1.1267183721065521
1739,25.0,0.9800000190734863
1740,25.0,1.5942379459738731
1741,25.0,1.9600000381469727
1742,25.0,2.564402885735035
1743,25.0,1.8944810330867767
1744,25.0,0.49000000953674316
1745,25.0,3.353409633040428
1746,25.0,0.9800000190734863
1747,25.0,0.49000000953674316
1748,25.0,1.9600000381469727
1749,25.0,0.49000000953674316
1750,25.0,0.9978772811591625
1751,25.0,2.983114257454872
1752,25.0,3.430000066757202
1753,25.0,3.2031602151691914
1754,25.0,0.9800000190734863
1755,25.0,0.9800000190734863
1756,25.0,1.9600000381469727
1757,25.0,1.8592388033866882
1758,25.0,0.9800000190734863
1759,25.0,0.49000000953674316
1760,25.0,0.3001810312271118
1761,25.0,1.2582067847251892
1762,25.0,0.55404993891716
1763,25.0,0.49000000953674316
1764,25.0,1.401288628578186
1765,25.0,1.4716302379965782
1766,25.0,0.0
1767,25.0,0.3012459874153137
1768,25.0,1.4700000286102295
1769,25.0,0.0
1770,25.0,0.49000000953674316
1771,25.0,0.4964482085779309
1772,25.0,0.0
1773,25.0,0.2968771159648895
1774,25.0,1.100621484220028
1775,25.0,1.4700000286102295
1776,25.0,1.1296766251325607
1777,25.0,1.0732589364051819
1778,25.0,0.0
1779,25.0,1.05588049441576
1780,25.0,1.9600000381469727
1781,25.0,2.7241236940026283
1782,25.0,0.5681665539741516
1783,25.0,1.4700000286102295
1784,25.0,1.7291415631771088
1785,25.0,3.0679852962493896
1786,25.0,2.5408490523695946
1787,25.0,1.4700000286102295
1788,25.0,0.49000000953674316
1789,25.0,0.9800000190734863
1790,25.0,0.9800000190734863
1791,25.0,1.3535957634449005
1792,25.0,0.9800000190734863
1793,25.0,1.4898119773715734
1794,25.0,1.7768898010253906
1795,25.0,1.908696785569191
1796,25.0,2.5606679394841194
1797,25.0,1.2667992413043976
1798,25.0,3.7171396911144257
1799,25.0,2.513565331697464
1800,25.0,0.49000000953674316
1801,25.0,1.1707456558942795
1802,25.0,1.9600000381469727
1803,25.0,2.940000057220459
1804,25.0,0.9783556759357452
1805,25.0,1.4168667644262314
1806,25.0,1.2630910202860832
1807,25.0,2.450000047683716
1808,25.0,2.376928448677063
1809,25.0,2.398655593395233
1810,25.0,0.49000000953674316
1811,25.0,2.450000047683716
1812,25.0,2.256047248840332
1813,25.0,1.878380037844181
1814,25.0,0.9182140827178955
1815,25.0,2.1174413859844208
1816,25.0,1.4700000286102295
1817,25.0,1.4260146617889404
1818,25.0,1.1352135092020035
1819,25.0,3.430000066757202
1820,25.0,2.133262559771538
1821,25.0,2.305651217699051
1822,25.0,1.803482249379158
1823,25.0,0.9800000190734863
1824,25.0,0.49000000953674316
1825,25.0,1.4700000286102295
1826,25.0,1.2185850739479065
1827,25.0,0.9293448328971863
1828,25.0,2.940000057220459
1829,25.0,3.119014322757721
1830,25.0,0.49000000953674316
1831,25.0,2.0363487750291824
1832,25.0,2.0348218083381653
1833,25.0,1.9600000381469727
1834,25.0,1.9600000381469727
1835,25.0,1.4700000286102295
1836,25.0,1.5517343953251839
1837,25.0,1.4700000286102295
1838,25.0,3.1911610066890717
1839,25.0,1.0703022554516792
1840,25.0,1.4700000286102295
1841,25.0,1.4700000286102295
1842,25.0,1.3861089050769806
1843,25.0,1.6276538968086243
1844,25.0,0.49000000953674316
1845,25.0,2.1741873621940613
1846,25.0,0.8725461214780807
1847,25.0,2.8194837272167206
1848,25.0,1.1689846068620682
1849,25.0,0.49000000953674316
1850,25.0,1.9600000381469727
1851,25.0,2.3847172558307648
1852,25.0,1.4700000286102295
1853,25.0,0.9800000190734863
1854,25.0,1.9600000381469727
1855,25.0,2.920400023460388
1856,25.0,1.9600000381469727
1857,25.0,1.4700000286102295
1858,25.0,1.4700000286102295
1859,25.0,0.0
1860,25.0,1.5236645936965942
1861,25.0,0.49000000953674316
1862,25.0,0.9800000190734863
1863,25.0,0.0
1864,25.0,0.0
1865,25.0,0.0
1866,25.0,0.2454332858324051
1867,25.0,0.0
1868,25.0,0.49000000953674316
1869,25.0,0.0
1870,25.0,0.9800000190734863
1871,25.0,1.9600000381469727
1872,25.0,1.4700000286102295
1873,25.0,1.4700000286102295
1874,25.0,0.0
1875,25.0,0.0
1876,25.0,0.49000000953674316
1877,25.0,0.9800000190734863
1878,25.0,0.32791048288345337
1879,25.0,0.9800000190734863
1880,25.0,0.49000000953674316
1881,25.0,1.1390565037727356
1882,25.0,0.2849178910255432
1883,25.0,0.846807450056076
1884,25.0,0.9800000190734863
1885,25.0,2.077151298522949
1886,25.0,0.4929590253159404
1887,25.0,2.450000047683716
1888,25.0,1.0929734334349632
1889,25.0,0.49000000953674316
1890,25.0,1.4700000286102295
1891,25.0,0.49000000953674316
1892,25.0,1.4700000286102295
1893,25.0,0.0
1894,25.0,1.9600000381469727
1895,25.0,1.4700000286102295
1896,25.0,1.4700000286102295
1897,25.0,0.8972692489624023
1898,25.0,0.0
1899,25.0,0.8752819895744324
1900,25.0,0.9080491065979004
1901,25.0,0.0
1902,25.0,0.9800000190734863
1903,25.0,1.460200011730194
1904,25.0,2.3774803578853607
1905,25.0,0.9800000190734863
1906,25.0,0.6513854414224625
1907,25.0,1.326082855463028
1908,25.0,1.3017718195915222
1909,25.0,0.577473945915699
1910,25.0,0.9800000190734863
1911,25.0,0.9800000190734863
1912,25.0,0.9800000190734863
1913,25.0,0.49000000953674316
1914,25.0,1.384516716003418
1915,25.0,1.014309102902189
1916,25.0,1.46647047996521
1917,25.0,0.49000000953674316
1918,25.0,1.7518904209136963
1919,25.0,0.7786935865879059
1920,25.0,1.9502000212669373
1921,25.0,0.9800000190734863
1922,25.0,0.7834048792719841
1923,25.0,0.9800000190734863
1924,25.0,1.6544406861066818
1925,25.0,2.4795478228479624
1926,25.0,1.0586069151759148
1927,25.0,1.4700000286102295
1928,25.0,1.4700000286102295
1929,25.0,0.49000000953674316
1930,25.0,2.129489228129387
1931,25.0,0.9800000190734863
1932,25.0,1.373758465051651
1933,25.0,0.23987750709056854
1934,25.0,0.49000000953674316
1935,25.0,0.0
1936,25.0,1.4700000286102295
1937,25.0,1.9600000381469727
1938,25.0,2.4402000308036804
1939,25.0,2.3537451922893524
1940,25.0,2.450000047683716
1941,25.0,3.890600025653839
1942,25.0,0.6331439539790154
1943,25.0,0.49000000953674316
1944,25.0,1.4700000286102295
1945,25.0,1.7170135229825974
1946,25.0,3.3516537845134735
1947,25.0,2.450000047683716
1948,25.0,1.9600000381469727
1949,25.0,2.450000047683716
1950,25.0,2.357240468263626
1951,25.0,3.136739104986191
1952,25.0,1.2438009530305862
1953,25.0,1.3519838154315948
1954,25.0,0.49000000953674316
1955,25.0,0.6323743909597397
1956,25.0,1.4700000286102295
1957,25.0,1.460200011730194
1958,25.0,1.8027239739894867
1959,25.0,0.0
1960,25.0,1.6350062489509583
1961,25.0,0.5470016226172447
1962,25.0,1.7457486987113953
1963,25.0,0.49000000953674316
1964,25.0,0.9800000190734863
1965,25.0,1.4700000286102295
1966,25.0,1.1856495589017868
1967,25.0,0.9800000190734863
1968,25.0,0.0
1969,25.0,0.49000000953674316
1970,25.0,1.0729997605085373
1971,25.0,0.1815396249294281
1972,25.0,0.49000000953674316
1973,25.0,0.49000000953674316
1974,25.0,1.1729001104831696
1975,25.0,2.5922366827726364
1976,25.0,0.49000000953674316
1977,25.0,0.8070226609706879
1978,25.0,0.9800000190734863
1979,25.0,1.4700000286102295
1980,25.0,0.0
1981,25.0,1.108555406332016
1982,25.0,1.4700000286102295
1983,25.0,1.4700000286102295
1984,25.0,0.8353238999843597
1985,25.0,1.4700000286102295
1986,25.0,0.0
1987,25.0,1.4700000286102295
1988,25.0,1.4700000286102295
1989,25.0,0.9800000190734863
1990,25.0,1.9600000381469727
1991,25.0,0.9800000190734863
1992,25.0,0.49000000953674316
1993,25.0,1.4700000286102295
1994,25.0,1.4700000286102295
1995,25.0,0.9800000190734863
1996,25.0,0.0
1997,25.0,1.4700000286102295
1998,25.0,0.797602653503418
1999,25.0,0.0
2000,25.0,0.9800000190734863
2001,25.0,0.11994800716638565
2002,25.0,1.9600000381469727
2003,25.0,1.4700000286102295
2004,25.0,0.9741229712963104
2005,25.0,0.6679851561784744
2006,25.0,0.49000000953674316
2007,25.0,0.49000000953674316
2008,25.0,0.9800000190734863
2009,25.0,0.02102665975689888
2010,25.0,0.8743637502193451
2011,25.0,0.9800000190734863
2012,25.0,1.9600000381469727
2013,25.0,1.5476466715335846
2014,25.0,0.49000000953674316
2015,25.0,0.5848048999905586
2016,25.0,0.49000000953674316
2017,25.0,0.0
2018,25.0,0.49000000953674316
2019,25.0,0.0
2020,25.0,1.4506807923316956
2021,25.0,0.0
2022,25.0,0.24425756931304932
2023,25.0,0.49000000953674316
2024,25.0,1.4700000286102295
2025,25.0,0.49000000953674316
2026,25.0,0.9800000190734863
2027,25.0,1.738124519586563
2028,25.0,0.0
2029,25.0,1.1865491569042206
2030,25.0,0.6902138590812683
2031,25.0,0.0
2032,25.0,0.49000000953674316
2033,25.0,0.49000000953674316
2034,25.0,0.49000000953674316
2035,25.0,1.9600000381469727
2036,25.0,0.9800000190734863
2037,25.0,1.384792447090149
2038,25.0,0.15203844010829926
2039,25.0,0.7291979938745499
2040,25.0,0.0
2041,25.0,0.9800000190734863
2042,25.0,1.9114024341106415
2043,25.0,0.0
2044,25.0,1.456585168838501
2045,25.0,0.9800000190734863
2046,25.0,1.2288704216480255
2047,25.0,0.49000000953674316
2048,25.0,0.9800000190734863
2049,25.0,0.49000000953674316
2050,25.0,1.9600000381469727
2051,25.0,0.0
2052,25.0,0.0
2053,25.0,0.49000000953674316
2054,25.0,1.2358152866363525
2055,25.0,0.49000000953674316
2056,25.0,0.49000000953674316
2057,25.0,1.4700000286102295
2058,25.0,0.8491504788398743
2059,25.0,0.49000000953674316
2060,25.0,0.49000000953674316
2061,25.0,1.4700000286102295
2062,25.0,1.4700000286102295
2063,25.0,1.4700000286102295
2064,25.0,0.9800000190734863
2065,25.0,2.9302000403404236
2066,25.0,0.6414130628108978
2067,25.0,1.4700000286102295
2068,25.0,0.0
2069,25.0,0.1418747454881668
2070,25.0,0.0
2071,25.0,1.2193696200847626
2072,25.0,0.13954782485961914
2073,25.0,0.0
2074,25.0,0.0
2075,25.0,0.0
2076,25.0,0.9800000190734863
2077,25.0,0.49000000953674316
2078,25.0,0.49000000953674316
2079,25.0,0.49000000953674316
2080,25.0,0.0
2081,25.0,0.9800000190734863
2082,25.0,0.49000000953674316
2083,25.0,0.0
2084,25.0,0.0
2085,25.0,0.9800000190734863
2086,25.0,0.49000000953674316
2087,25.0,0.49000000953674316
2088,25.0,0.49000000953674316
2089,25.0,1.9600000381469727
2090,25.0,1.2647750973701477
2091,25.0,0.9800000190734863
2092,25.0,0.17103540897369385
2093,25.0,0.0
2094,25.0,0.0
2095,25.0,0.49000000953674316
2096,25.0,0.0
2097,25.0,1.3355705440044403
2098,25.0,0.49000000953674316
2099,25.0,0.9800000190734863
2100,25.0,0.0
2101,25.0,1.3659119606018066
2102,25.0,0.8010417520999908
2103,25.0,0.0
2104,25.0,0.9800000190734863
2105,25.0,0.49000000953674316
2106,25.0,0.021873140707612038
2107,25.0,0.49000000953674316
2108,25.0,0.0
2109,25.0,0.49000000953674316
2110,25.0,0.0
2111,25.0,1.815827488899231
2112,25.0,0.7869916260242462
2113,25.0,1.2710517644882202
2114,25.0,1.2022052854299545
2115,25.0,1.276429831981659
2116,25.0,0.9800000190734863
2117,25.0,0.49000000953674316
2118,25.0,0.31490105390548706
2119,25.0,2.450000047683716
2120,25.0,1.4700000286102295
2121,25.0,0.9800000190734863
2122,25.0,0.0
2123,25.0,0.49000000953674316
2124,25.0,0.0
2125,25.0,0.49000000953674316
2126,25.0,1.9600000381469727
2127,25.0,0.49000000953674316
2128,25.0,0.2649183124303818
2129,25.0,0.26447999477386475
2130,25.0,0.9800000190734863
2131,25.0,0.0
2132,25.0,0.9800000190734863
2133,25.0,0.0
2134,25.0,0.0
2135,25.0,0.9800000190734863
2136,25.0,0.0
2137,25.0,1.181956946849823
2138,25.0,0.0
2139,25.0,0.49000000953674316
2140,25.0,0.49000000953674316
2141,25.0,0.0
2142,25.0,0.9800000190734863
2143,25.0,0.9800000190734863
2144,25.0,0.49000000953674316
2145,25.0,0.9800000190734863
2146,25.0,0.9800000190734863
2147,25.0,0.8976715505123138
2148,25.0,0.49000000953674316
2149,25.0,1.4700000286102295
2150,25.0,0.49000000953674316
2151,25.0,0.0
2152,25.0,0.49000000953674316
2153,25.0,0.49000000953674316
2154,25.0,1.444843590259552
2155,25.0,1.4700000286102295
2156,25.0,0.6230565384030342
2157,25.0,0.08814261108636856
2158,25.0,0.0
2159,25.0,1.9600000381469727
2160,25.0,0.49000000953674316
2161,25.0,0.0
2162,25.0,0.321723997592926
2163,25.0,0.9800000190734863
2164,25.0,0.49000000953674316
2165,25.0,0.6228310167789459
2166,25.0,1.089573696255684
2167,25.0,0.49000000953674316
2168,25.0,0.0
2169,25.0,0.0
2170,25.0,0.49000000953674316
2171,25.0,0.49000000953674316
2172,25.0,0.35851746797561646
2173,25.0,1.0016883090138435
2174,25.0,0.0
2175,25.0,0.0
2176,25.0,0.49000000953674316
2177,25.0,0.49000000953674316
2178,25.0,1.041806560009718
2179,25.0,0.9800000190734863
2180,25.0,1.9600000381469727
2181,25.0,0.9800000190734863
2182,25.0,1.9600000381469727
2183,25.0,1.3205708861351013
2184,25.0,0.9800000190734863
2185,25.0,0.947800487279892
2186,25.0,0.49000000953674316
2187,25.0,0.49000000953674316
2188,25.0,0.0
2189,25.0,0.548018142580986
2190,25.0,0.0
2191,25.0,0.0
2192,25.0,1.461956799030304
2193,25.0,0.49000000953674316
2194,25.0,0.896664559841156
2195,25.0,0.49000000953674316
2196,25.0,1.0390732288360596
2197,25.0,0.0
2198,25.0,0.49000000953674316
2199,25.0,0.9800000190734863
2200,25.0,0.49000000953674316
2201,25.0,0.9862529844976962
2202,25.0,0.49000000953674316
2203,25.0,0.0
2204,25.0,0.0
2205,25.0,0.49000000953674316
2206,25.0,0.9800000190734863
2207,25.0,0.0
2208,25.0,0.49000000953674316
2209,25.0,0.49000000953674316
2210,25.0,0.7920105457305908
2211,25.0,0.49000000953674316
2212,25.0,0.027629340067505836
2213,25.0,1.4700000286102295
2214,25.0,0.0
2215,25.0,0.0
2216,25.0,0.9800000190734863
2217,25.0,0.49000000953674316
2218,25.0,0.0
2219,25.0,0.49000000953674316
2220,25.0,0.49000000953674316
2221,25.0,0.0
2222,25.0,0.9800000190734863
2223,25.0,0.49000000953674316
2224,25.0,0.0
2225,25.0,1.2462090253829956
2226,25.0,0.16803131997585297
2227,25.0,0.0
2228,25.0,0.0
2229,25.0,0.8503115177154541
2230,25.0,0.0
2231,25.0,0.9800000190734863
2232,25.0,0.5389817506074905
2233,25.0,0.9800000190734863
2234,25.0,0.0
2235,25.0,0.0
2236,25.0,0.49000000953674316
2237,25.0,0.49000000953674316
2238,25.0,0.0
2239,25.0,0.0
2240,25.0,0.49000000953674316
2241,25.0,0.9800000190734863
2242,25.0,0.0
2243,25.0,0.0
2244,25.0,0.4386500418186188
2245,25.0,0.49000000953674316
2246,25.0,0.9800000190734863
2247,25.0,1.1867888122797012
2248,25.0,0.9800000190734863
2249,25.0,0.0
2250,25.0,1.8347610831260681
2251,25.0,0.0
2252,25.0,0.0
2253,25.0,0.0
2254,25.0,0.9800000190734863
2255,25.0,0.9800000190734863
2256,25.0,0.0
2257,25.0,0.0
2258,25.0,0.49000000953674316
2259,25.0,0.9800000190734863
2260,25.0,0.49000000953674316
2261,25.0,0.49000000953674316
2262,25.0,0.9800000190734863
2263,25.0,0.49000000953674316
2264,25.0,0.49000000953674316
2265,25.0,0.9800000190734863
2266,25.0,0.0
2267,25.0,0.7598018646240234
2268,79.5,5.132698237895966
2269,19.0,0.0
2270,19.0,0.7958000600337982
2271,19.0,2.450000047683716
2272,19.0,0.0
2273,32.0,0.9800000190734863
2274,19.0,0.0
2275,29.0,2.4399594962596893
2276,31.5,0.49000000953674316
2277,39.0,5.880000114440918
2278,19.5,0.49000000953674316
2279,19.5,0.0
2280,24.5,0.49000000953674316
2281,29.5,0.0
2282,34.5,4.900000095367432
2283,29.5,0.0
2284,24.5,0.0
2285,24.5,0.0
2286,29.5,1.6479939818382263
2287,19.5,0.49000000953674316
2288,24.5,5.199345707893372
2289,23.0,0.6632487326860428
2290,24.5,0.9800000190734863
2291,27.5,0.0
2292,29.5,0.7733368873596191
2293,34.5,0.9800000190734863
2294,29.5,3.0559263229370117
2295,19.5,0.49000000953674316
2296,24.5,5.170834720134735
2297,29.5,2.034276470541954
2298,24.5,0.0
2299,55.0,0.6772956699132919
2300,28.0,0.0
2301,28.5,0.0
2302,21.0,0.49000000953674316
2303,29.5,0.0
2304,36.0,4.900000095367432
2305,26.0,0.0
2306,26.0,0.9800000190734863
2307,21.0,0.49000000953674316
2308,26.0,5.390000104904175
2309,65.0,7.725435972213745
2310,22.5,0.15276187658309937
2311,36.5,2.6555912494659424
2312,27.0,2.94307541847229
2313,17.5,2.0781595706939697
2314,22.5,0.0
2315,37.0,0.49000000953674316
2316,28.0,0.0
2317,38.0,0.0
2318,25.5,4.900000095367432
2319,34.5,4.58095121383667
2320,31.0,5.390000104904175
2321,23.0,0.49000000953674316
2322,28.0,0.49000000953674316
2323,36.0,0.0
2324,23.0,0.0
2325,23.0,0.0
2326,38.0,0.9800000190734863
2327,31.0,1.7917201519012451
2328,48.0,6.17625093460083
2329,20.5,1.5812866240739822
2330,21.5,0.09713713079690933
2331,36.5,1.989228367805481
2332,26.5,0.1586725413799286
2333,31.5,3.6754698753356934
2334,29.0,0.07529738545417786
2335,35.0,2.3392174243927
2336,31.5,0.9922243356704712
2337,19.5,0.0
2338,28.0,0.0
2339,30.5,4.226433992385864
2340,26.5,1.9814118146896362
2341,36.5,3.8121821880340576
2342,55.5,5.259101986885071
2343,21.5,1.5682296752929688
2344,11.5,0.0
2345,21.5,1.4700000286102295
2346,28.5,0.9800000190734863
2347,45.0,4.350151896476746
2348,34.0,4.8999998569488525
2349,49.0,0.49000000953674316
2350,16.5,0.0
2351,16.5,0.0
2352,11.5,0.3039914071559906
2353,41.5,4.900000095367432
2354,39.5,0.49000000953674316
2355,57.0,2.02112175244838
2356,24.0,0.0
2357,24.0,1.4646568298339844
2358,27.0,0.0
2359,33.5,3.089826822280884
2360,42.0,4.943578720092773
2361,62.0,8.127445459365845
2362,30.0,3.5474579334259033
2363,32.0,0.0
2364,25.0,0.0
2365,23.0,2.6888809204101562
2366,47.5,0.49000000953674316
2367,45.0,2.002804756164551
2368,29.0,1.9096568822860718
2369,30.0,3.6202640533447266
2370,14.0,0.49000000953674316
2371,40.0,1.2072267532348633
2372,61.0,4.8974692821502686
2373,32.5,0.0
2374,38.5,0.0
2375,36.5,6.6806862354278564
2376,9.5,0.0
2377,31.5,8.133617639541626
2378,31.5,0.0
2379,64.5,2.940000057220459
2380,26.5,1.478031039237976
2381,41.5,6.706535220146179
2382,33.0,5.348037481307983
2383,11.5,0.0
2384,56.5,1.370585560798645
2385,26.5,0.0
2386,44.5,4.900000095367432
2387,34.5,2.3509486317634583
2388,36.5,4.734708774834871
2389,37.0,3.9892873764038086
2390,41.5,6.501562118530273
2391,20.0,0.0
2392,19.5,0.12341687828302383
2393,35.0,2.720028877258301
2394,50.0,4.900000095367432
2395,40.5,0.0
2396,34.5,0.0
2397,20.0,0.0
2398,15.0,4.676035404205322
2399,60.0,0.16402792930603027
2400,29.5,0.0
2401,50.0,1.7896326780319214
2402,30.0,0.0
2403,35.0,0.0
2404,20.0,2.210463285446167
2405,40.0,0.0
2406,35.0,0.0
2407,45.0,4.900000095367432
2408,40.0,0.0
2409,35.0,1.0209808349609375
2410,33.5,0.0
2411,25.0,1.008165717124939
2412,20.0,0.0
2413,60.0,0.0
2414,35.5,2.313483953475952
2415,24.5,0.0
2416,30.0,1.5896236896514893
2417,10.0,0.0
2418,20.0,0.0
2419,43.0,4.900000095367432
2420,45.5,7.37455153465271
2421,45.5,9.448705792427063
2422,35.5,0.0
2423,40.0,1.3296318054199219
2424,35.5,0.0
2425,15.5,0.0
2426,5.5,0.0
2427,73.0,7.151133060455322
2428,53.0,2.2615489959716797
2429,35.0,3.2396936416625977
2430,0.0,0.0
2431,30.0,1.9689154624938965
2432,50.0,2.4457921981811523
2433,30.0,0.0
2434,45.0,4.900000095367432
2435,28.0,3.612699508666992
2436,60.0,0.0
2437,32.0,8.619658708572388
2438,10.5,4.900000095367432
2439,33.5,4.077147364616394
2440,30.5,1.6906853914260864
2441,33.5,0.0
2442,49.0,4.270777702331543
2443,24.5,0.0
2444,55.0,0.0
2445,38.5,3.7400957345962524
2446,26.0,1.5371025800704956
2447,43.0,2.75713849067688
2448,5.0,0.0
2449,11.0,0.0
2450,57.5,2.3985394090414047
2451,40.0,0.638708233833313
2452,45.5,0.8726968169212341
2453,22.5,0.0
2454,25.0,0.4289667010307312
2455,25.5,0.0
2456,40.0,4.900000095367432
2457,25.0,0.0
2458,53.0,5.73387736082077
2459,50.0,7.766129493713379
2460,40.0,0.0
2461,25.0,0.0
2462,11.0,0.0
2463,37.5,0.0
2464,45.0,4.505191326141357
2465,15.0,4.900000095367432
2466,50.0,0.3167383074760437
2467,53.5,2.236326217651367
2468,16.0,0.0
2469,20.0,1.4534770250320435
2470,25.5,1.499718189239502
2471,25.5,0.0
2472,50.0,0.0
2473,26.5,0.0
2474,35.0,6.685379505157471
2475,35.5,0.0
2476,18.5,2.7741565704345703
2477,33.0,7.1660850048065186
2478,42.5,9.887823268771172
2479,20.5,2.6423075199127197
2480,51.5,4.5141825675964355
2481,25.0,1.0197398662567139
2482,34.0,4.900000095367432
2483,34.0,9.246596336364746
2484,5.5,2.2142794132232666
2485,49.5,13.465013444423676
2486,31.0,3.308983325958252
2487,51.0,2.3495798110961914
2488,45.0,9.636837720870972
2489,43.0,4.197326064109802
2490,15.5,0.0
2491,21.0,0.0
2492,28.0,4.900000095367432
2493,40.5,13.59118390083313
2494,66.0,11.29179072380066
2495,18.0,3.1252989768981934
2496,43.5,9.984270095825195
2497,21.5,5.390000104904175
2498,20.5,3.8198375701904297
2499,37.5,6.350341558456421
2500,19.5,3.6829429268836975
2501,40.5,9.252823829650879
2502,41.0,1.85971799492836
2503,28.0,4.934401590377092
2504,20.0,0.5724008083343506
2505,25.5,4.836870193481445
2506,16.0,3.1633834838867188
2507,45.0,7.169458858668804
2508,49.5,0.0
2509,37.5,0.0
2510,31.0,3.6270298957824707
2511,24.5,7.145050764083862
2512,15.5,1.8802058696746826
2513,6.5,0.0
2514,50.5,4.790453949943185
2515,36.0,9.114230155944824
2516,49.5,0.878094494342804
2517,25.0,5.049519419670105
2518,38.0,5.991990447044373
2519,25.5,0.0
2520,32.5,6.192890763282776
2521,15.0,0.9339673519134521
2522,54.5,3.1747368574142456
2523,24.0,0.0
2524,33.0,0.46961188316345215
2525,34.5,0.0
2526,15.0,0.0
2527,42.5,3.651968002319336
2528,45.0,7.929031133651733
2529,37.5,7.745075464248657
2530,27.5,1.5788412392139435
2531,50.0,6.547288179397583
2532,16.5,0.6936749219894409
2533,54.5,9.80448454618454
2534,24.0,1.8450499176979065
2535,27.0,8.811117172241211
2536,30.0,6.158017992973328
2537,26.0,0.0
2538,58.0,23.60531195998192
2539,37.0,0.0
2540,44.5,9.614312715828419
2541,15.0,0.0
2542,25.5,0.0
2543,30.0,6.735580205917358
2544,28.5,3.430000066757202
2545,33.0,9.800000190734863
2546,52.5,7.189546585083008
2547,39.5,5.478162050247192
2548,23.0,0.0
2549,13.5,0.0
2550,31.0,10.426272690296173
2551,26.0,8.174121141433716
2552,42.5,3.523366928100586
2553,64.5,4.956237882375717
2554,30.5,8.273590922355652
2555,15.5,0.0
2556,20.5,3.500986933708191
2557,26.5,0.0
2558,27.0,4.900000095367432
2559,34.5,0.0
2560,48.0,0.0
2561,35.0,4.900000095367432
2562,45.0,4.68215799331665
2563,20.0,4.900000095367432
2564,28.0,2.6560616493225098
2565,35.0,12.330619812011719
2566,47.0,0.0
2567,36.0,6.856167554855347
2568,45.0,9.890296399593353
2569,20.0,1.2273529767990112
2570,18.5,4.900000095367432
2571,25.0,2.322331428527832
2572,21.5,0.0
2573,68.5,1.290989875793457
2574,35.5,0.0
2575,55.0,0.0
2576,15.0,0.0
2577,19.0,0.0
2578,25.0,0.0
2579,38.5,4.119853496551514
2580,40.0,0.0
2581,35.0,0.0
2582,38.0,5.394808769226074
2583,35.5,5.608658075332642
2584,32.0,6.697587966918945
2585,39.0,4.409999847412109
2586,20.0,0.0
2587,54.0,8.107289791107178
2588,44.5,2.304403781890869
2589,22.0,4.900000095367432
2590,25.5,0.0
2591,25.5,0.15678617358207703
2592,43.5,1.0299818515777588
2593,70.0,26.130001544952393
2594,30.0,4.900000095367432
2595,25.0,3.6271162033081055
2596,49.0,0.0
2597,7.0,0.0
2598,47.5,3.426195368170738
2599,19.0,0.0
2600,44.5,14.210000038146973
2601,35.0,0.40292149782180786
2602,55.0,2.5827581882476807
2603,40.0,0.0
2604,73.5,7.12539005279541
2605,52.5,21.01742959022522
2606,42.5,0.0
2607,45.0,0.0
2608,15.0,4.900000095367432
2609,29.0,3.588853120803833
2610,30.0,9.800000190734863
2611,48.0,4.900000095367432
2612,30.0,3.4503207206726074
2613,25.0,9.800000190734863
2614,45.0,0.0
2615,35.0,0.0
2616,40.0,0.0
2617,32.5,1.9085365533828735
2618,30.0,1.3687444925308228
2619,29.5,3.989705979824066
2620,52.5,9.800000190734863
2621,35.0,0.0
2622,35.5,0.0
2623,35.5,2.2999818325042725
2624,25.0,1.6026537418365479
2625,23.0,0.0
2626,57.5,4.900000095367432
2627,40.0,10.259001016616821
2628,27.0,3.8263463973999023
2629,8.5,0.0
2630,41.5,14.37917423248291
2631,19.5,0.0
2632,35.0,5.031190112233162
2633,44.5,0.0
2634,31.5,0.0
2635,44.5,4.900000095367432
2636,35.0,1.0731905698776245
2637,31.0,4.900000095367432
2638,30.0,0.29367345571517944
2639,35.0,1.8810213208198547
2640,20.0,1.8518191576004028
2641,57.0,3.5174503326416016
2642,48.5,2.0667052268981934
2643,30.0,0.0
2644,27.5,0.0
2645,26.0,1.1469063758850098
2646,30.0,5.880000114440918
2647,35.0,1.711211919784546
2648,25.0,0.0
2649,45.0,0.0
2650,35.0,6.886942625045776
2651,42.5,5.8909585028886795
2652,54.5,3.5505426824092865
2653,16.5,0.0
2654,37.5,8.71363353729248
2655,36.0,2.539915084838867
2656,36.0,4.900000095367432
2657,35.0,0.0
2658,45.0,19.49139954894781
2659,38.5,0.0
2660,22.0,4.010382175445557
2661,25.0,0.0
2662,17.0,0.0
2663,38.5,0.8073713183403015
2664,38.5,6.8329126834869385
2665,40.5,5.584826588630676
2666,52.0,0.0
2667,25.0,0.0
2668,25.0,0.0
2669,20.0,0.0
2670,19.5,4.409999847412109
2671,25.0,4.889647334814072
2672,78.0,5.360848069190979
2673,43.5,1.9629067182540894
2674,30.0,1.903772234916687
2675,41.5,5.872727394104004
2676,68.5,8.807126462459564
2677,28.5,0.0
2678,45.0,7.659057140350342
2679,35.0,3.6336676478385925
2680,51.0,0.0
2681,76.5,3.939389228820801
2682,64.0,19.381191968917847
2683,51.0,24.09207534790039
2684,21.0,5.057034969329834
2685,7.5,6.353195667266846
2686,35.0,3.553405284881592
2687,57.0,4.583827972412109
2688,45.0,5.7513346672058105
2689,45.0,4.390437602996826
2690,25.0,1.988938808441162
2691,16.5,0.0
2692,25.0,3.38716721534729
2693,50.5,9.800000190734863
2694,50.5,2.2444888800382614
2695,47.5,5.2087850891985
2696,56.5,7.4305219650268555
2697,39.0,2.611284017562866
2698,56.5,14.369828701019287
2699,20.5,8.32155966758728
2700,45.0,11.03752613067627
2701,37.5,8.868716478347778
2702,55.5,10.369775295257568
2703,40.5,2.726090431213379
2704,67.0,6.125481843948364
2705,37.5,7.006455898284912
2706,31.0,8.086418628692627
2707,21.5,10.839091777801514
2708,35.0,3.7442033290863037
2709,44.5,13.962863445281982
2710,48.5,4.237781524658203
2711,30.0,7.166193008422852
2712,16.5,0.0
2713,26.5,0.0
2714,43.5,0.0
2715,33.5,0.7829428911209106
2716,39.0,16.57969379425049
2717,31.0,0.49000000953674316
2718,30.5,5.870200097560883
2719,46.0,3.134995698928833
2720,26.0,3.39913272857666
2721,26.5,0.24867412447929382
2722,27.0,6.626522064208984
2723,21.0,0.0
2724,44.5,14.589182376861572
2725,62.5,11.984664499759674
2726,17.5,1.866929054260254
2727,16.0,4.900000095367432
2728,46.0,9.062097072601318
2729,50.5,0.0
2730,61.0,17.077115297317505
2731,22.5,8.87886381149292
2732,40.0,4.900000095367432
2733,25.5,7.494886875152588
2734,22.5,0.0
2735,50.5,6.948318749666214
2736,25.0,0.0
2737,35.0,0.0
2738,50.5,1.8490645438432693
2739,24.0,1.2626897096633911
2740,15.0,2.875572443008423
2741,36.5,4.900000095367432
2742,29.5,2.5194649696350098
2743,32.5,0.6977977752685547
2744,31.5,4.900000095367432
2745,45.0,7.674479722976685
2746,16.5,1.964429259300232
2747,45.0,0.0
2748,33.5,13.069006979465485
2749,20.0,3.9200000762939453
2750,37.5,5.910045862197876
2751,47.5,9.309999942779541
2752,19.0,0.0
2753,50.5,2.2664846181869507
2754,5.0,0.0
2755,62.5,1.6693593263626099
2756,47.5,2.2859520316123962
2757,10.5,0.0
2758,30.5,5.390000104904175
2759,39.0,1.5207456350326538
2760,32.0,4.819329917430878
2761,35.5,0.0
2762,29.0,3.309692859649658
2763,40.5,4.160734474658966
2764,42.0,4.900000095367432
2765,28.5,4.672567367553711
2766,25.0,0.0
2767,15.0,3.4164695739746094
2768,32.0,0.0
2769,41.0,4.400558114051819
2770,61.0,6.417018890380859
2771,41.0,2.6157727241516113
2772,44.0,3.675599455833435
2773,42.5,9.324049770832062
2774,40.5,13.285771369934082
2775,40.5,4.907745659351349
2776,20.0,0.0
2777,60.0,0.0
2778,59.5,3.155534565448761
2779,22.5,0.0
2780,33.0,0.45071613788604736
2781,53.0,5.634754300117493
2782,51.0,0.0
2783,74.0,9.154528617858887
2784,82.5,9.040697693824768
2785,79.0,17.80039083957672
2786,43.0,8.00296139717102
2787,40.5,0.11458490043878555
2788,20.5,0.0
2789,50.5,0.0
2790,110.5,15.038032054901123
2791,134.0,23.37345653772354
2792,83.0,25.659337520599365
2793,43.0,4.724578857421875
2794,27.0,0.0
2795,47.0,0.0
2796,81.5,11.784292697906494
2797,150.5,42.13427448272705
2798,51.5,4.900000095367432
2799,26.0,10.289999961853027
2800,60.5,3.1198601722717285
2801,132.0,18.416099160909653
2802,25.0,0.0
2803,73.5,6.739987015724182
2804,76.0,1.7013815641403198
2805,154.5,34.99831485748291
2806,120.0,24.019590377807617
2807,120.5,33.14826920628548
2808,105.5,23.468719005584717
2809,118.0,25.70898723602295
2810,105.0,4.052502632141113
2811,100.5,4.000634670257568
2812,133.5,23.900522708892822
2813,69.5,14.265594482421875
2814,126.5,24.437865734100342
2815,144.5,22.581071853637695
2816,143.5,58.40102577209473
2817,89.5,0.49000000953674316
2818,194.5,14.800225734710693
2819,204.5,29.364131212234497
2820,193.0,40.94076204299927
2821,141.0,49.871923208236694
2822,136.0,14.58793568611145
2823,169.5,19.23073959350586
2824,188.5,59.6111319065094
2825,140.0,26.763641744852066
2826,178.0,34.97591805458069
2827,184.5,46.969566822052
2828,165.5,37.042033195495605
2829,196.0,76.70955514907837
2830,100.5,25.584450721740723
2831,120.0,16.26245903968811
2832,131.5,7.959406137466431
2833,201.0,28.377426505088806
2834,201.0,41.164639949798584
2835,202.0,55.96147847175598
2836,187.5,71.50935733318329
2837,109.0,34.315202474594116
2838,124.0,17.38947868347168
2839,154.5,41.4258451461792
2840,142.5,43.209205627441406
2841,110.0,34.78172302246094
2842,117.5,17.684958428144455
2843,136.5,16.754671096801758
2844,185.5,12.336037866771221
2845,188.5,58.17508065700531
2846,149.0,33.95042449235916
2847,126.5,7.886179089546204
2848,148.5,42.20728254318237
2849,114.5,37.05509066581726
2850,84.0,26.68739014863968
2851,122.0,24.9751877784729
2852,131.5,11.362389951944351
2853,140.5,58.33908009529114
2854,91.5,2.4413418769836426
2855,132.5,18.01338329911232
2856,126.5,16.844013214111328
2857,145.0,35.082560539245605
2858,126.0,39.11871027946472
2859,121.5,27.795222401618958
2860,118.0,28.556798338890076
2861,133.0,19.705508947372437
2862,116.0,21.085007667541504
2863,116.0,36.253559321165085
2864,99.0,32.07257890701294
2865,113.0,7.32625150680542
2866,183.5,43.29319655895233
2867,140.0,17.90832233428955
2868,177.5,26.625415056943893
2869,136.0,30.00799560546875
2870,164.5,43.12858357280493
2871,106.0,27.431877851486206
2872,132.5,28.684743642807007
2873,113.5,25.19952893257141
2874,155.5,28.023540496826172
2875,132.5,32.82516321539879
2876,142.5,32.41354274749756
2877,144.0,48.82632398605347
2878,138.0,36.78608453273773
2879,159.5,47.72351598739624
2880,154.5,83.59670722484589
2881,99.5,80.00636279582977
2882,65.5,23.11495792865753
2883,123.5,16.900512874126434
2884,112.0,51.19119620323181
2885,112.0,62.173381090164185
2886,95.0,18.900561720132828
2887,117.5,23.260334014892578
2888,111.5,47.66843509674072
2889,128.0,36.058327198028564
2890,202.0,84.90854054689407
2891,113.0,85.31343364715576
2892,114.0,47.269742757081985
2893,140.5,72.49344700574875
2894,128.0,46.728550881147385
2895,180.0,111.41318082809448
2896,108.5,69.62736295163631
2897,125.0,91.31032180786133
2898,119.0,73.81136155128479
2899,124.5,87.83652663230896
2900,103.5,69.24778068065643
2901,139.0,96.84712767601013
2902,105.5,121.32016974687576
2903,54.5,90.83204007148743
2904,66.0,88.17144477367401
2905,67.0,114.97937607765198
2906,40.0,88.14350971579552
2907,54.0,69.39601731300354
2908,97.5,108.14922367036343
2909,65.0,116.0566743016243
2910,44.5,98.48322565108538
2911,26.5,56.95885106921196
2912,62.5,77.6993408203125
2913,38.0,56.921412885189056
2914,54.0,82.58413434028625
2915,26.0,30.28232479095459
2916,119.5,115.40244096517563
2917,26.5,58.35722841322422
2918,70.0,104.90797385573387
2919,19.0,82.04967623949051
2920,45.0,78.25081393122673
2921,34.0,68.85036659240723
2922,79.0,121.63547104597092
2923,18.5,55.27520954608917
2924,86.0,107.08491158485413
2925,13.0,63.80878674983978
2926,73.5,77.80691349506378
2927,50.0,94.31884875893593
2928,28.0,100.68048721551895
2929,24.0,98.89502114057541
2930,33.5,111.01950377225876
2931,9.0,76.51151518151164
2932,16.5,66.61175379157066
2933,12.5,70.73831278085709
2934,6.5,65.55149400234222
2935,4.0,63.540374994277954
2936,11.5,59.75393993407488
2937,12.5,56.53900048136711
2938,23.5,72.61935305595398
2939,4.5,64.09364753961563
2940,8.0,67.26276682689786
2941,12.5,70.80575031042099
2942,14.0,83.10963493585587
2943,4.5,74.3962140083313
2944,3.5,71.62823510169983
2945,6.5,68.7174283862114
2946,5.0,60.79410707950592
2947,6.5,65.94822520017624
2948,3.5,66.36542850732803
2949,3.5,63.972990930080414
2950,3.5,61.09328466653824
2951,3.5,58.253633081912994
2952,3.5,60.51856005191803
2953,3.5,60.87424844503403
2954,3.5,59.358882546424866
2955,3.5,57.87382385134697
2956,3.5,54.74265131354332
2957,3.5,57.077798426151276
2958,3.5,59.366241812705994
2959,3.5,61.60891765356064
2960,3.5,63.80673888325691
2961,3.5,54.146143317222595
2962,3.5,56.49322095513344
2963,3.5,58.79335680603981
2964,3.5,53.88112932443619
2965,3.5,56.233507215976715
2966,3.5,58.53883618116379
2967,3.5,60.798059076070786
2968,3.5,50.34687519073486
2969,3.5,50.46307620406151
2970,3.5,50.14288982748985
2971,3.5,51.26898008584976
2972,3.5,53.67360085248947
2973,3.5,56.03012865781784
2974,3.5,56.475585371255875
2975,3.5,43.36992532014847
2976,3.5,45.93252766132355
2977,3.5,48.443876296281815
2978,3.5,49.04105815291405
2979,3.5,51.49023708701134
2980,3.5,42.356124222278595
2981,3.5,43.527022272348404
2982,3.5,46.08648124337196
2983,3.5,48.5947507917881
2984,3.5,51.05285704135895
2985,3.5,41.927490532398224
2986,3.5,44.51894235610962
2987,3.5,47.05856281518936
2988,3.5,42.487491458654404
2989,3.5,45.06774181127548
2990,3.5,43.60467025637627
2991,3.5,46.162576615810394
2992,3.5,48.66932529211044
2993,3.5,51.12593834102154
2994,3.5,37.96485698223114
2995,3.5,40.63555987179279
2996,3.5,43.25284926593304
2997,3.5,37.34591220319271
2998,3.5,40.02899241447449
2999,3.5,42.658414244651794
3000,3.5,45.235245048999786
