step_no,step_id,cf_id,liquidity,price,equity,debt,profit,production,sales,queue,expected_demand,intresses,labour_demand,lmbda,loans,staff,first_step,capital,capital_avg,invested,planned_production,planned_investment,wage_bill,investment_cost,capital_book,desired_capital
1,814646239,C_0,11.133,2.4,34.7676,0.0,0.335135,3.0,3.0,17.5,0.5,0.0,0.66,0.0,[],"[""W_1052"", ""W_2720"", ""W_2395"", ""W_1331"", ""W_1229"", ""W_817""]",0,9.81982,12.5075,0.0,5.0,0.0,6.0,0.0,23.5676,15.0,0.85
2,602282457,C_0,12.0492,2.4,36.5723,0.0,1.41865,3.0,3.0,16.2483,18.5,0.0,0.54,0.0,[],"[""W_1052"", ""W_2720"", ""W_2395"", ""W_1331"", ""W_1229"", ""W_817""]",0,9.63964,37.0345,0.0,18.5,0.0,6.0,0.0,24.2393,15.0,0.85
3,378341341,C_0,13.1187,2.4,37.4015,0.0,0.652947,3.0,3.0,21.2744,19.1735,0.0,0.42,0.0,[],"[""W_1052"", ""W_2720"", ""W_2395"", ""W_1331"", ""W_1229"", ""W_817""]",0,9.45946,47.4187,0.0,19.1735,0.0,6.0,0.0,24.1523,15.0,0.85
4,11902000,C_0,14.2033,2.4,38.3134,0.0,0.57652,3.0,3.0,18.7151,23.7643,0.0,0.3,0.0,[],"[""W_1052"", ""W_2720"", ""W_2395"", ""W_1331"", ""W_1229"", ""W_817""]",0,9.27928,60.1574,0.0,23.7643,0.0,6.0,0.0,23.9947,15.0,0.85
5,953141430,C_0,-57.7907,2.4,29.1223,48.2519,103.501,3.0,3.0,21.312,21.92,8.39666,0.18,0.829418,"[{""amount"": 48.251873296160916, ""rate"": 0.16531651875813652}]","[""W_1052"", ""W_2720"", ""W_2395"", ""W_1331"", ""W_1229"", ""W_817""]",0,51.5991,62.6839,113.049,21.92,70.3662,6.0,184.326,135.165,73.7458,0.85
6,614758898,C_0,21.0198,2.4,23.2207,133.99,-6.77909,5.5,5.5,23.5143,24.0728,9.12811,23.365,0.888476,"[{""amount"": 45.839279631352866, ""rate"": 0.16531651875813652}, {""amount"": 88.15115628581462, ""rate"": 0.012407254804442167}]","[""W_1052"", ""W_2720"", ""W_2395"", ""W_1331"", ""W_1229"", ""W_817"", ""W_71"", ""W_1194"", ""W_523"", ""W_194"", ""W_617""]",0,51.2688,67.8464,0.0,24.0728,0.0,11.0,0.0,136.191,73.7458,0.85
7,31688985,C_0,21.4103,2.4,16.9932,140.572,-7.35326,7.0,7.0,17.5103,28.5201,8.9912,20.145,0.938147,"[{""amount"": 43.547315649785226, ""rate"": 0.16531651875813652}, {""amount"": 83.7435984715239, ""rate"": 0.012407254804442167}, {""amount"": 13.281225784238698, ""rate"": 0.02285355657390961}]","[""W_1052"", ""W_2720"", ""W_2395"", ""W_1331"", ""W_1229"", ""W_817"", ""W_71"", ""W_1194"", ""W_523"", ""W_194"", ""W_617"", ""W_2755"", ""W_1691"", ""W_520""]",0,50.8483,77.4882,0.0,28.5201,0.0,14.0,0.0,136.155,73.7458,0.85
8,477952206,C_0,20.7339,2.40331,11.9024,145.504,-6.47688,8.5,8.5,12.031,24.9113,9.03608,16.865,0.980855,"[{""amount"": 41.369949867295965, ""rate"": 0.16531651875813652}, {""amount"": 79.5564185479477, ""rate"": 0.012407254804442167}, {""amount"": 12.617164495026763, ""rate"": 0.02285355657390961}, {""amount"": 11.960249029069663, ""rate"": 0.03927332004024708}]","[""W_1052"", ""W_2720"", ""W_2395"", ""W_1331"", ""W_1229"", ""W_817"", ""W_71"", ""W_1194"", ""W_523"", ""W_194"", ""W_617"", ""W_2755"", ""W_1691"", ""W_520"", ""W_2141"", ""W_2186"", ""W_564""]",0,50.3378,75.5464,0.0,24.9113,0.0,17.0,0.0,136.672,73.7458,0.85
9,404967271,C_0,12.5075,2.56994,8.70343,140.282,-4.84695,10.0,10.0,0.951302,20.969,8.70387,13.525,0.991942,"[{""amount"": 39.30145237393117, ""rate"": 0.16531651875813652}, {""amount"": 75.57859762055031, ""rate"": 0.012407254804442167}, {""amount"": 11.986306270275426, ""rate"": 0.02285355657390961}, {""amount"": 11.36223657761618, ""rate"": 0.03927332004024708}, {""amount"": 2.0531866451505976, ""rate"": 0.05533562274975521}]","[""W_1052"", ""W_2720"", ""W_2395"", ""W_1331"", ""W_1229"", ""W_817"", ""W_71"", ""W_1194"", ""W_523"", ""W_194"", ""W_617"", ""W_2755"", ""W_1691"", ""W_520"", ""W_2141"", ""W_2186"", ""W_564"", ""W_375"", ""W_449"", ""W_1985""]",0,49.7372,68.6005,0.0,20.969,0.0,20.0,0.0,136.478,73.7458,0.85
10,1337186,C_0,-38.4349,2.56994,3.9066,133.268,34.9033,10.0,10.0,8.29664,11.9531,8.26868,3.90615,0.9999,"[{""amount"": 37.33637975523461, ""rate"": 0.16531651875813652}, {""amount"": 71.79966773952279, ""rate"": 0.012407254804442167}, {""amount"": 11.386990956761654, ""rate"": 0.02285355657390961}, {""amount"": 10.79412474873537, ""rate"": 0.03927332004024708}, {""amount"": 1.9505273128930676, ""rate"": 0.05533562274975521}]","[""W_1052"", ""W_2720"", ""W_2395"", ""W_1331"", ""W_1229"", ""W_817"", ""W_71"", ""W_1194"", ""W_523"", ""W_194"", ""W_617"", ""W_2755"", ""W_1691"", ""W_520"", ""W_2141"", ""W_2186"", ""W_564"", ""W_375"", ""W_449"", ""W_1985""]",0,63.5766,50.7436,41.3591,11.9531,14.737,20.0,40.7061,175.609,59.6984,0.721695
11,562344371,C_0,-15.5173,2.57118,-3.11902,163.118,34.9033,10.5,10.5,9.30552,17.6623,12.9295,14.3246,0.9999,"[{""amount"": 35.46956076747288, ""rate"": 0.16531651875813652}, {""amount"": 68.20968435254665, ""rate"": 0.012407254804442167}, {""amount"": 10.81764140892357, ""rate"": 0.02285355657390961}, {""amount"": 10.254418511298603, ""rate"": 0.03927332004024708}, {""amount"": 1.8530009472484141, ""rate"": 0.05533562274975521}, {""amount"": 36.513196323491655, ""rate"": 0.13202269082490858}]","[""W_1052"", ""W_2720"", ""W_2395"", ""W_1331"", ""W_1229"", ""W_817"", ""W_71"", ""W_1194"", ""W_523"", ""W_194"", ""W_617"", ""W_2755"", ""W_1691"", ""W_520"", ""W_2141"", ""W_2186"", ""W_564"", ""W_375"", ""W_449"", ""W_1985"", ""W_232""]",0,62.946,52.8442,41.3591,17.6623,0.0,21.0,0.0,175.516,59.6984,0.834267
12,608807633,C_0,41.5557,2.74911,181.728,38.0,4.4179,10.5,9.43415,0.0,19.5912,0.49629,18.1824,0.193836,"[{""amount"": 38.0, ""rate"": 0.012407254804442167}]","[""W_1052"", ""W_2720"", ""W_2395"", ""W_1331"", ""W_1229"", ""W_817"", ""W_71"", ""W_1194"", ""W_523"", ""W_194"", ""W_617"", ""W_2755"", ""W_1691"", ""W_520"", ""W_2141"", ""W_2186"", ""W_564"", ""W_375"", ""W_449"", ""W_1985"", ""W_232""]",0,62.3154,56.1601,0.0,19.5912,0.0,21.0,0.0,177.289,59.6984,0.934649
13,459919605,C_0,45.6985,2.72446,188.12,36.1,5.4622,10.5,10.5,6.93079,10.4499,0.471476,0.0,0.181327,"[{""amount"": 36.1, ""rate"": 0.012407254804442167}]","[""W_1052"", ""W_2720"", ""W_2395"", ""W_1331"", ""W_1229"", ""W_817"", ""W_71"", ""W_1194"", ""W_523"", ""W_194"", ""W_617"", ""W_2755"", ""W_1691"", ""W_520"", ""W_2141"", ""W_2186"", ""W_564"", ""W_375"", ""W_449"", ""W_1985"", ""W_232""]",0,61.6847,43.8458,0.0,10.4499,0.0,21.0,0.0,177.429,59.6984,0.503583
14,384386387,C_0,34.5492,2.85637,176.425,34.295,-12.5981,11.5,4.9376,3.88684e-17,16.7327,0.447902,10.4654,0.16817,"[{""amount"": 34.295, ""rate"": 0.012407254804442167}]","[""W_1052"", ""W_2720"", ""W_2395"", ""W_1331"", ""W_1229"", ""W_817"", ""W_71"", ""W_1194"", ""W_523"", ""W_194"", ""W_617"", ""W_2755"", ""W_1691"", ""W_520"", ""W_2141"", ""W_2186"", ""W_564"", ""W_375"", ""W_449"", ""W_1985"", ""W_232"", ""W_1323"", ""W_1327""]",0,60.9941,48.0953,0.0,16.7327,0.0,23.0,0.0,176.171,59.6984,0.814599
15,541111328,C_0,36.5355,2.76193,181.695,32.5802,4.13018,6.5,6.5,17.6435,6.11711,0.425507,0.0,0.168101,"[{""amount"": 32.58025, ""rate"": 0.012407254804442167}]","[""W_1052"", ""W_2720"", ""W_1331"", ""W_71"", ""W_523"", ""W_617"", ""W_2755"", ""W_1691"", ""W_2141"", ""W_564"", ""W_1985"", ""W_232"", ""W_1323""]",0,60.6037,41.3149,0.0,6.11711,0.0,13.0,0.0,176.913,59.6984,0.301172
16,415185379,C_0,34.883,2.83379,187.334,68.0828,39.4365,7.0,7.0,11.1563,22.3408,0.889179,26.362,0.290822,"[{""amount"": 30.951237499999998, ""rate"": 0.012407254804442167}, {""amount"": 37.13151511828521, ""rate"": 0.012407254804442167}]","[""W_1052"", ""W_2720"", ""W_1331"", ""W_71"", ""W_523"", ""W_617"", ""W_2755"", ""W_1691"", ""W_2141"", ""W_564"", ""W_1985"", ""W_232"", ""W_1323"", ""W_2263""]",0,71.8874,56.9089,34.2151,22.3408,11.7041,14.0,34.6213,212.646,66.9517,0.301172
17,734368185,C_0,33.3224,2.964,180.736,67.6398,-0.157395,8.0,5.31908,0.0,18.5747,0.883394,21.1495,0.291874,"[{""amount"": 29.403675624999998, ""rate"": 0.012407254804442167}, {""amount"": 35.274939362370944, ""rate"": 0.012407254804442167}, {""amount"": 2.9611730241643515, ""rate"": 0.012407254804442167}]","[""W_1052"", ""W_2720"", ""W_1331"", ""W_71"", ""W_523"", ""W_617"", ""W_2755"", ""W_1691"", ""W_2141"", ""W_564"", ""W_1985"", ""W_232"", ""W_1323"", ""W_2263"", ""W_2042"", ""W_1554""]",0,71.4069,55.7161,0.0,18.5747,0.0,16.0,0.0,215.053,66.9517,0.775936
18,306751376,C_0,34.7431,2.94818,186.989,64.2578,4.97645,7.0,7.0,6.69703,6.64465,0.839224,0.0,0.280333,"[{""amount"": 27.933491843749998, ""rate"": 0.012407254804442167}, {""amount"": 33.5111923942524, ""rate"": 0.012407254804442167}, {""amount"": 2.813114372956134, ""rate"": 0.012407254804442167}]","[""W_1052"", ""W_2720"", ""W_71"", ""W_523"", ""W_617"", ""W_2755"", ""W_1691"", ""W_2141"", ""W_564"", ""W_232"", ""W_1323"", ""W_2263"", ""W_2042"", ""W_1554""]",0,70.9865,39.8701,0.0,6.64465,0.0,14.0,0.0,215.508,66.9517,0.279439
19,106300456,C_0,34.9604,3.07736,191.778,61.0449,4.21231,8.5,7.17171,0.0,12.9918,0.797263,8.98358,0.261955,"[{""amount"": 26.536817251562496, ""rate"": 0.012407254804442167}, {""amount"": 31.83563277453978, ""rate"": 0.012407254804442167}, {""amount"": 2.6724586543083273, ""rate"": 0.012407254804442167}]","[""W_1052"", ""W_2720"", ""W_71"", ""W_523"", ""W_617"", ""W_2755"", ""W_1691"", ""W_2141"", ""W_564"", ""W_232"", ""W_1323"", ""W_2263"", ""W_2042"", ""W_1554"", ""W_2465"", ""W_2271"", ""W_375""]",0,70.476,40.5011,0.0,12.9918,0.0,17.0,0.0,217.02,47.6484,0.549603
20,354879055,C_0,36.8766,2.84454,197.582,57.9927,5.15227,8.0,8.0,18.1128,7.75372,0.7574,0.0,0.246706,"[{""amount"": 25.209976388984373, ""rate"": 0.012407254804442167}, {""amount"": 30.24385113581279, ""rate"": 0.012407254804442167}, {""amount"": 2.538835721592911, ""rate"": 0.012407254804442167}]","[""W_1052"", ""W_2720"", ""W_71"", ""W_523"", ""W_617"", ""W_2755"", ""W_1691"", ""W_2141"", ""W_564"", ""W_232"", ""W_1323"", ""W_2263"", ""W_2042"", ""W_1554"", ""W_2465"", ""W_2271""]",0,69.9955,33.0133,0.0,7.75372,0.0,16.0,0.0,217.667,47.6484,0.330388
21,544701029,C_0,51.9388,3.05982,208.941,67.0977,12.6054,11.0,11.0,4.91877,24.2769,0.876314,24.617,0.268612,"[{""amount"": 23.949477569535155, ""rate"": 0.012407254804442167}, {""amount"": 28.73165857902215, ""rate"": 0.012407254804442167}, {""amount"": 2.4118939355132656, ""rate"": 0.012407254804442167}, {""amount"": 12.004694013458451, ""rate"": 0.012407254804442167}]","[""W_1052"", ""W_2720"", ""W_71"", ""W_523"", ""W_617"", ""W_2755"", ""W_1691"", ""W_2141"", ""W_564"", ""W_232"", ""W_1323"", ""W_2263"", ""W_2042"", ""W_1554"", ""W_2465"", ""W_2271"", ""W_1625"", ""W_770"", ""W_1510"", ""W_2611"", ""W_2223"", ""W_2985""]",0,70.1302,55.715,2.3035,24.2769,0.795414,22.0,2.51313,221.578,65.5471,0.330388
22,861875200,C_0,51.6981,3.21397,209.688,63.7428,1.06544,11.5,8.45054,0.0,16.7546,0.832499,10.5092,0.249164,"[{""amount"": 22.7520036910584, ""rate"": 0.012407254804442167}, {""amount"": 27.29507565007104, ""rate"": 0.012407254804442167}, {""amount"": 2.291299238737602, ""rate"": 0.012407254804442167}, {""amount"": 11.404459312785528, ""rate"": 0.012407254804442167}]","[""W_1052"", ""W_2720"", ""W_71"", ""W_523"", ""W_617"", ""W_2755"", ""W_1691"", ""W_2141"", ""W_564"", ""W_232"", ""W_1323"", ""W_2263"", ""W_2042"", ""W_1554"", ""W_2465"", ""W_2271"", ""W_1625"", ""W_770"", ""W_1510"", ""W_2611"", ""W_2223"", ""W_2985"", ""W_999""]",0,69.4395,51.7596,0.0,16.7546,0.0,23.0,0.0,221.52,65.5471,0.717438
23,511885353,C_0,56.1923,2.97856,215.41,60.5557,4.12051,9.5,9.5,17.0438,9.28094,0.790874,0.0,0.235132,"[{""amount"": 21.61440350650548, ""rate"": 0.012407254804442167}, {""amount"": 25.93032186756749, ""rate"": 0.012407254804442167}, {""amount"": 2.176734276800722, ""rate"": 0.012407254804442167}, {""amount"": 10.834236347146252, ""rate"": 0.012407254804442167}]","[""W_2720"", ""W_71"", ""W_523"", ""W_617"", ""W_2755"", ""W_1691"", ""W_2141"", ""W_564"", ""W_2263"", ""W_2042"", ""W_2465"", ""W_2271"", ""W_1625"", ""W_770"", ""W_1510"", ""W_2611"", ""W_2223"", ""W_2985"", ""W_999""]",0,68.869,43.1471,0.0,9.28094,0.0,19.0,0.0,218.949,65.5471,0.401366
24,565829056,C_0,47.2591,3.00853,228.366,75.9718,40.1152,13.5,13.5,13.9495,24.8175,0.992212,18.8667,0.270567,"[{""amount"": 20.533683331180203, ""rate"": 0.012407254804442167}, {""amount"": 24.633805774189113, ""rate"": 0.012407254804442167}, {""amount"": 2.067897562960686, ""rate"": 0.012407254804442167}, {""amount"": 10.29252452978894, ""rate"": 0.012407254804442167}, {""amount"": 18.443903745736097, ""rate"": 0.012407254804442167}]","[""W_2720"", ""W_71"", ""W_523"", ""W_617"", ""W_2755"", ""W_1691"", ""W_2141"", ""W_564"", ""W_2263"", ""W_2042"", ""W_2465"", ""W_2271"", ""W_1625"", ""W_770"", ""W_1510"", ""W_2611"", ""W_2223"", ""W_2985"", ""W_999"", ""W_1067"", ""W_1544"", ""W_2379"", ""W_1667"", ""W_2111"", ""W_2280"", ""W_252"", ""W_655""]",0,77.2402,61.429,28.9492,24.8175,9.18206,27.0,29.6069,249.056,72.2695,0.401366
25,592735614,C_0,51.796,3.27235,222.341,76.6771,-0.821448,14.5,10.339,0.0,27.1863,1.00142,22.442,0.267661,"[{""amount"": 19.50699916462119, ""rate"": 0.012407254804442167}, {""amount"": 23.40211548547966, ""rate"": 0.012407254804442167}, {""amount"": 1.9645026848126517, ""rate"": 0.012407254804442167}, {""amount"": 9.777898303299493, ""rate"": 0.012407254804442167}, {""amount"": 17.521708558449294, ""rate"": 0.012407254804442167}, {""amount"": 4.503845426580504, ""rate"": 0.012407254804442167}]","[""W_2720"", ""W_71"", ""W_523"", ""W_617"", ""W_2755"", ""W_1691"", ""W_2141"", ""W_564"", ""W_2263"", ""W_2042"", ""W_2465"", ""W_2271"", ""W_1625"", ""W_770"", ""W_1510"", ""W_2611"", ""W_2223"", ""W_2985"", ""W_999"", ""W_1067"", ""W_1544"", ""W_2379"", ""W_1667"", ""W_2111"", ""W_2280"", ""W_252"", ""W_655"", ""W_2069"", ""W_2998""]",0,76.3693,71.93,0.0,27.1863,0.0,29.0,0.0,247.222,72.2695,0.401366
26,124920116,C_0,59.4281,3.13282,233.489,72.8432,8.71401,12.5,12.5,17.3745,12.0238,0.951352,0.0,0.254235,"[{""amount"": 18.53164920639013, ""rate"": 0.012407254804442167}, {""amount"": 22.232009711205677, ""rate"": 0.012407254804442167}, {""amount"": 1.866277550572019, ""rate"": 0.012407254804442167}, {""amount"": 9.289003388134518, ""rate"": 0.012407254804442167}, {""amount"": 16.64562313052683, ""rate"": 0.012407254804442167}, {""amount"": 4.2786531552514795, ""rate"": 0.012407254804442167}]","[""W_2720"", ""W_71"", ""W_523"", ""W_617"", ""W_2755"", ""W_1691"", ""W_2141"", ""W_2263"", ""W_2042"", ""W_2465"", ""W_2271"", ""W_1625"", ""W_770"", ""W_1510"", ""W_2611"", ""W_2223"", ""W_2985"", ""W_999"", ""W_1067"", ""W_2379"", ""W_1667"", ""W_2111"", ""W_252"", ""W_655"", ""W_2998""]",0,75.6186,57.7368,0.0,12.0238,0.0,25.0,0.0,245.161,72.2695,0.4728
27,811366584,C_0,40.7236,3.40463,215.427,69.2011,-19.1606,14.5,4.35918,0.0,28.0894,0.903784,21.362,0.234901,"[{""amount"": 17.605066746070626, ""rate"": 0.012407254804442167}, {""amount"": 21.120409225645393, ""rate"": 0.012407254804442167}, {""amount"": 1.7729636730434182, ""rate"": 0.012407254804442167}, {""amount"": 8.824553218727791, ""rate"": 0.012407254804442167}, {""amount"": 15.813341974000487, ""rate"": 0.012407254804442167}, {""amount"": 4.0647204974889055, ""rate"": 0.012407254804442167}]","[""W_2720"", ""W_71"", ""W_523"", ""W_617"", ""W_2755"", ""W_1691"", ""W_2141"", ""W_2263"", ""W_2042"", ""W_2465"", ""W_2271"", ""W_1625"", ""W_770"", ""W_1510"", ""W_2611"", ""W_2223"", ""W_2985"", ""W_999"", ""W_1067"", ""W_2379"", ""W_1667"", ""W_2111"", ""W_252"", ""W_655"", ""W_2998"", ""W_1603"", ""W_718"", ""W_1168"", ""W_612""]",0,74.7477,73.725,0.0,28.0894,0.0,29.0,0.0,243.904,72.2695,0.4728
28,391308600,C_0,43.4167,3.1635,222.469,65.741,5.66406,7.0,7.0,16.9136,6.7322,0.858595,0.0,0.237005,"[{""amount"": 16.724813408767094, ""rate"": 0.012407254804442167}, {""amount"": 20.064388764363123, ""rate"": 0.012407254804442167}, {""amount"": 1.6843154893912473, ""rate"": 0.012407254804442167}, {""amount"": 8.383325557791402, ""rate"": 0.012407254804442167}, {""amount"": 15.022674875300462, ""rate"": 0.012407254804442167}, {""amount"": 3.8614844726144604, ""rate"": 0.012407254804442167}]","[""W_523"", ""W_1691"", ""W_2141"", ""W_2042"", ""W_2465"", ""W_2271"", ""W_1510"", ""W_999"", ""W_2379"", ""W_1667"", ""W_2111"", ""W_2998"", ""W_1603"", ""W_612""]",0,74.3273,58.6343,0.0,6.7322,0.0,14.0,0.0,243.661,72.2695,0.270467
29,704438144,C_0,53.2931,3.18906,232.571,63.9581,8.87042,12.0,12.0,12.678,22.1955,0.83531,20.3909,0.226046,"[{""amount"": 15.88857273832874, ""rate"": 0.012407254804442167}, {""amount"": 19.061169326144967, ""rate"": 0.012407254804442167}, {""amount"": 1.600099714921685, ""rate"": 0.012407254804442167}, {""amount"": 7.964159279901832, ""rate"": 0.012407254804442167}, {""amount"": 14.27154113153544, ""rate"": 0.012407254804442167}, {""amount"": 3.6684102489837374, ""rate"": 0.012407254804442167}, {""amount"": 1.5041701559677592, ""rate"": 0.012407254804442167}]","[""W_523"", ""W_1691"", ""W_2141"", ""W_2042"", ""W_2465"", ""W_2271"", ""W_1510"", ""W_999"", ""W_2379"", ""W_1667"", ""W_2111"", ""W_2998"", ""W_1603"", ""W_612"", ""W_158"", ""W_1200"", ""W_2144"", ""W_1201"", ""W_5"", ""W_2370"", ""W_2783"", ""W_28"", ""W_897"", ""W_1211""]",0,73.6066,65.2235,0.0,22.1955,0.0,24.0,0.0,241.462,72.2695,0.896751
30,357091452,C_0,70.2942,3.31619,245.31,103.449,41.8196,13.0,13.0,10.0427,24.4297,1.35107,22.8595,0.309557,"[{""amount"": 15.094144101412303, ""rate"": 0.012407254804442167}, {""amount"": 18.10811085983772, ""rate"": 0.012407254804442167}, {""amount"": 1.5200947291756006, ""rate"": 0.012407254804442167}, {""amount"": 7.56595131590674, ""rate"": 0.012407254804442167}, {""amount"": 13.557964074958667, ""rate"": 0.012407254804442167}, {""amount"": 3.4849897365345504, ""rate"": 0.012407254804442167}, {""amount"": 1.4289616481693712, ""rate"": 0.012407254804442167}, {""amount"": 42.688498757635756, ""rate"": 0.012407254804442167}]","[""W_523"", ""W_1691"", ""W_2141"", ""W_2042"", ""W_2465"", ""W_2271"", ""W_1510"", ""W_999"", ""W_2379"", ""W_1667"", ""W_2111"", ""W_2998"", ""W_1603"", ""W_612"", ""W_158"", ""W_1200"", ""W_2144"", ""W_1201"", ""W_5"", ""W_2370"", ""W_2783"", ""W_28"", ""W_897"", ""W_1211"", ""W_547"", ""W_184""]",0,81.8058,69.6657,29.8849,24.4297,14.9099,26.0,49.2284,270.1,81.9597,0.996685
31,352034182,C_0,81.4015,3.42132,255.069,98.2763,15.2297,14.5,14.5,9.47321,23.1814,1.28351,17.3629,0.291461,"[{""amount"": 14.339436896341688, ""rate"": 0.012407254804442167}, {""amount"": 17.202705316845833, ""rate"": 0.012407254804442167}, {""amount"": 1.4440899927168207, ""rate"": 0.012407254804442167}, {""amount"": 7.187653750111403, ""rate"": 0.012407254804442167}, {""amount"": 12.880065871210734, ""rate"": 0.012407254804442167}, {""amount"": 3.310740249707823, ""rate"": 0.012407254804442167}, {""amount"": 1.3575135657609025, ""rate"": 0.012407254804442167}, {""amount"": 40.55407381975397, ""rate"": 0.012407254804442167}]","[""W_523"", ""W_1691"", ""W_2141"", ""W_2042"", ""W_2465"", ""W_2271"", ""W_1510"", ""W_999"", ""W_2379"", ""W_1667"", ""W_2111"", ""W_2998"", ""W_1603"", ""W_612"", ""W_158"", ""W_1200"", ""W_2144"", ""W_1201"", ""W_5"", ""W_2370"", ""W_2783"", ""W_28"", ""W_897"", ""W_1211"", ""W_547"", ""W_184"", ""W_2273"", ""W_442"", ""W_2886""]",0,80.9349,69.4316,0.0,23.1814,0.0,29.0,0.0,268.898,81.9597,0.850966
32,527414248,C_0,96.0203,3.42456,269.057,93.3625,13.7663,16.5,16.5,6.83492,23.894,1.21934,14.7881,0.268873,"[{""amount"": 13.622465051524603, ""rate"": 0.012407254804442167}, {""amount"": 16.34257005100354, ""rate"": 0.012407254804442167}, {""amount"": 1.3718854930809796, ""rate"": 0.012407254804442167}, {""amount"": 6.828271062605833, ""rate"": 0.012407254804442167}, {""amount"": 12.236062577650197, ""rate"": 0.012407254804442167}, {""amount"": 3.145203237222432, ""rate"": 0.012407254804442167}, {""amount"": 1.2896378874728573, ""rate"": 0.012407254804442167}, {""amount"": 38.52637012876627, ""rate"": 0.012407254804442167}]","[""W_523"", ""W_1691"", ""W_2141"", ""W_2042"", ""W_2465"", ""W_2271"", ""W_1510"", ""W_999"", ""W_2379"", ""W_1667"", ""W_2111"", ""W_2998"", ""W_1603"", ""W_612"", ""W_158"", ""W_1200"", ""W_2144"", ""W_1201"", ""W_5"", ""W_2370"", ""W_2783"", ""W_28"", ""W_897"", ""W_1211"", ""W_547"", ""W_184"", ""W_2273"", ""W_442"", ""W_2886"", ""W_2050"", ""W_1113"", ""W_2505"", ""W_2802""]",0,79.9439,70.7116,0.0,23.894,0.0,33.0,0.0,263.646,81.9597,0.886562
33,311494233,C_0,96.5529,3.55148,267.842,88.6943,-1.92565,17.5,11.6456,0.0,23.3908,1.15837,11.7817,0.247171,"[{""amount"": 12.941341798948374, ""rate"": 0.012407254804442167}, {""amount"": 15.525441548453363, ""rate"": 0.012407254804442167}, {""amount"": 1.3032912184269307, ""rate"": 0.012407254804442167}, {""amount"": 6.486857509475541, ""rate"": 0.012407254804442167}, {""amount"": 11.624259448767686, ""rate"": 0.012407254804442167}, {""amount"": 2.98794307536131, ""rate"": 0.012407254804442167}, {""amount"": 1.2251559930992144, ""rate"": 0.012407254804442167}, {""amount"": 36.60005162232795, ""rate"": 0.012407254804442167}]","[""W_523"", ""W_1691"", ""W_2141"", ""W_2042"", ""W_2465"", ""W_2271"", ""W_1510"", ""W_999"", ""W_2379"", ""W_1667"", ""W_2111"", ""W_2998"", ""W_1603"", ""W_612"", ""W_158"", ""W_1200"", ""W_2144"", ""W_1201"", ""W_5"", ""W_2370"", ""W_2783"", ""W_28"", ""W_897"", ""W_1211"", ""W_547"", ""W_184"", ""W_2273"", ""W_442"", ""W_2886"", ""W_2050"", ""W_1113"", ""W_2505"", ""W_2802"", ""W_595"", ""W_2707""]",0,78.8929,70.3932,0.0,23.3908,0.0,35.0,0.0,259.983,81.9597,0.87865
34,550124078,C_0,65.0178,3.87528,238.004,84.2596,-32.4089,13.0,0.0,0.0,12.8201,1.10045,0.0,0.235207,"[{""amount"": 12.294274709000955, ""rate"": 0.012407254804442167}, {""amount"": 14.749169471030696, ""rate"": 0.012407254804442167}, {""amount"": 1.2381266575055843, ""rate"": 0.012407254804442167}, {""amount"": 6.162514634001765, ""rate"": 0.012407254804442167}, {""amount"": 11.043046476329302, ""rate"": 0.012407254804442167}, {""amount"": 2.8385459215932447, ""rate"": 0.012407254804442167}, {""amount"": 1.1638981934442536, ""rate"": 0.012407254804442167}, {""amount"": 34.77004904121156, ""rate"": 0.012407254804442167}]","[""W_523"", ""W_1691"", ""W_2042"", ""W_2465"", ""W_2271"", ""W_2379"", ""W_1667"", ""W_2111"", ""W_2998"", ""W_158"", ""W_1200"", ""W_2144"", ""W_5"", ""W_2370"", ""W_1211"", ""W_547"", ""W_184"", ""W_2273"", ""W_442"", ""W_2886"", ""W_2050"", ""W_1113"", ""W_2505"", ""W_2802"", ""W_595"", ""W_2707""]",0,78.1121,61.4729,0.0,12.8201,0.0,26.0,0.0,257.246,81.9597,0.487989
35,125985963,C_0,62.3192,3.70656,235.911,80.0466,-2.38582,1.5,1.5,2.82368,1.28201,1.04543,0.0,0.243792,"[{""amount"": 11.679560973550908, ""rate"": 0.012407254804442167}, {""amount"": 14.011710997479161, ""rate"": 0.012407254804442167}, {""amount"": 1.1762203246303051, ""rate"": 0.012407254804442167}, {""amount"": 5.854388902301676, ""rate"": 0.012407254804442167}, {""amount"": 10.490894152512837, ""rate"": 0.012407254804442167}, {""amount"": 2.6966186255135827, ""rate"": 0.012407254804442167}, {""amount"": 1.1057032837720409, ""rate"": 0.012407254804442167}, {""amount"": 33.03154658915098, ""rate"": 0.012407254804442167}]","[""W_2111"", ""W_2886"", ""W_2505""]",0,78.022,50.256,0.0,1.28201,0.0,3.0,0.0,253.639,81.9597,0.0492866
36,964288222,C_0,60.3802,3.70656,238.085,76.0443,1.78308,2.0,2.0,7.32915,4.01951,0.993159,4.03903,0.232131,"[{""amount"": 11.095582924873362, ""rate"": 0.012407254804442167}, {""amount"": 13.311125447605203, ""rate"": 0.012407254804442167}, {""amount"": 1.11740930839879, ""rate"": 0.012407254804442167}, {""amount"": 5.561669457186593, ""rate"": 0.012407254804442167}, {""amount"": 9.966349444887195, ""rate"": 0.012407254804442167}, {""amount"": 2.5617876942379034, ""rate"": 0.012407254804442167}, {""amount"": 1.0504181195834388, ""rate"": 0.012407254804442167}, {""amount"": 31.37996925969343, ""rate"": 0.012407254804442167}]","[""W_2111"", ""W_2886"", ""W_2505"", ""W_2292""]",0,77.9019,31.62,0.0,4.01951,0.0,4.0,0.0,253.393,37.2,0.154708
37,904624275,C_0,61.0995,3.70656,240.949,72.2421,2.54001,3.5,3.5,5.94617,8.79819,0.943501,10.5964,0.220438,"[{""amount"": 10.540803778629694, ""rate"": 0.012407254804442167}, {""amount"": 12.645569175224942, ""rate"": 0.012407254804442167}, {""amount"": 1.0615388429788504, ""rate"": 0.012407254804442167}, {""amount"": 5.283585984327263, ""rate"": 0.012407254804442167}, {""amount"": 9.468031972642835, ""rate"": 0.012407254804442167}, {""amount"": 2.433698309526008, ""rate"": 0.012407254804442167}, {""amount"": 0.9978972136042669, ""rate"": 0.012407254804442167}, {""amount"": 29.81097079670876, ""rate"": 0.012407254804442167}]","[""W_2111"", ""W_2886"", ""W_2505"", ""W_2292"", ""W_1864"", ""W_2123"", ""W_2822""]",0,77.6917,29.8177,0.0,8.79819,0.0,7.0,0.0,251.584,37.2,0.339157
38,938815231,C_0,64.769,3.70656,243.173,68.63,1.77446,5.0,5.0,4.49597,9.38138,0.896326,8.76275,0.207515,"[{""amount"": 10.01376358969821, ""rate"": 0.012407254804442167}, {""amount"": 12.013290716463695, ""rate"": 0.012407254804442167}, {""amount"": 1.0084619008299078, ""rate"": 0.012407254804442167}, {""amount"": 5.0194066851109, ""rate"": 0.012407254804442167}, {""amount"": 8.994630374010693, ""rate"": 0.012407254804442167}, {""amount"": 2.312013394049708, ""rate"": 0.012407254804442167}, {""amount"": 28.32042225687332, ""rate"": 0.012407254804442167}, {""amount"": 0.9480023529240535, ""rate"": 0.012407254804442167}]","[""W_2111"", ""W_2886"", ""W_2505"", ""W_2292"", ""W_1864"", ""W_2123"", ""W_2822"", ""W_2722"", ""W_1501"", ""W_2621""]",0,77.3914,29.0923,0.0,9.38138,0.0,10.0,0.0,246.679,34.2262,0.362617
39,542860928,C_0,54.89,4.07186,236.586,65.1985,-7.19374,5.0,1.08158,0.0,9.48452,0.85151,8.96903,0.195081,"[{""amount"": 9.513075410213299, ""rate"": 0.012407254804442167}, {""amount"": 11.41262618064051, ""rate"": 0.012407254804442167}, {""amount"": 0.9580388057884124, ""rate"": 0.012407254804442167}, {""amount"": 4.768436350855355, ""rate"": 0.012407254804442167}, {""amount"": 8.544898855310159, ""rate"": 0.012407254804442167}, {""amount"": 2.1964127243472227, ""rate"": 0.012407254804442167}, {""amount"": 26.904401144029656, ""rate"": 0.012407254804442167}, {""amount"": 0.9006022352778509, ""rate"": 0.012407254804442167}]","[""W_2111"", ""W_2886"", ""W_2505"", ""W_2292"", ""W_1864"", ""W_2123"", ""W_2822"", ""W_2722"", ""W_1501"", ""W_2621""]",0,77.0911,28.8044,0.0,9.48452,0.0,10.0,0.0,246.895,33.8875,0.368026
40,905142162,C_0,54.1117,3.94621,239.981,61.9386,3.00935,2.0,2.0,0.821317,1.92188,0.808934,0.0,0.189208,"[{""amount"": 9.037421639702634, ""rate"": 0.012407254804442167}, {""amount"": 10.841994871608485, ""rate"": 0.012407254804442167}, {""amount"": 4.530014533312587, ""rate"": 0.012407254804442167}, {""amount"": 8.11765391254465, ""rate"": 0.012407254804442167}, {""amount"": 2.0865920881298616, ""rate"": 0.012407254804442167}, {""amount"": 25.559181086828172, ""rate"": 0.012407254804442167}, {""amount"": 1.76570898901295, ""rate"": 0.012407254804442167}]","[""W_2123"", ""W_2822"", ""W_2722"", ""W_1501""]",0,76.971,21.9097,0.0,1.92188,0.0,4.0,0.0,247.206,25.7761,0.0748647
41,597083120,C_0,52.7879,3.94621,240.98,58.8416,1.21481,2.0,1.71927,0.0,2.73137,0.768488,1.46275,0.179049,"[{""amount"": 8.585550557717502, ""rate"": 0.012407254804442167}, {""amount"": 10.29989512802806, ""rate"": 0.012407254804442167}, {""amount"": 4.303513806646958, ""rate"": 0.012407254804442167}, {""amount"": 7.711771216917418, ""rate"": 0.012407254804442167}, {""amount"": 1.9822624837233684, ""rate"": 0.012407254804442167}, {""amount"": 24.281222032486763, ""rate"": 0.012407254804442167}, {""amount"": 1.6774235395623025, ""rate"": 0.012407254804442167}]","[""W_2123"", ""W_2822"", ""W_2722"", ""W_1501""]",0,76.8508,15.1911,0.0,2.73137,0.0,4.0,0.0,246.791,25.7761,0.106564
42,679360902,C_0,52.861,3.87263,240.579,55.8996,-0.538924,2.0,2.0,6.17456,1.82048,0.730063,0.0,0.169969,"[{""amount"": 8.156273029831627, ""rate"": 0.012407254804442167}, {""amount"": 9.784900371626657, ""rate"": 0.012407254804442167}, {""amount"": 4.08833811631461, ""rate"": 0.012407254804442167}, {""amount"": 7.326182656071547, ""rate"": 0.012407254804442167}, {""amount"": 1.8831493595372, ""rate"": 0.012407254804442167}, {""amount"": 23.067160930862425, ""rate"": 0.012407254804442167}, {""amount"": 1.5935523625841874, ""rate"": 0.012407254804442167}]","[""W_2123"", ""W_2822"", ""W_2722"", ""W_1501""]",0,76.7307,10.5985,0.0,1.82048,0.0,4.0,0.0,243.618,25.7761,0.0711366
43,682549310,C_0,55.0698,3.87263,245.531,53.1046,4.28431,3.5,3.5,6.28134,7.53915,0.69356,8.0783,0.16072,"[{""amount"": 7.748459378340046, ""rate"": 0.012407254804442167}, {""amount"": 9.295655353045325, ""rate"": 0.012407254804442167}, {""amount"": 3.883921210498879, ""rate"": 0.012407254804442167}, {""amount"": 6.959873523267969, ""rate"": 0.012407254804442167}, {""amount"": 1.78899189156034, ""rate"": 0.012407254804442167}, {""amount"": 21.913802884319303, ""rate"": 0.012407254804442167}, {""amount"": 1.513874744454978, ""rate"": 0.012407254804442167}]","[""W_2123"", ""W_2822"", ""W_2722"", ""W_1501"", ""W_2326"", ""W_921"", ""W_2962""]",0,76.5205,17.5734,0.0,7.53915,0.0,7.0,0.0,242.708,25.7761,0.295059
44,549455856,C_0,47.5649,4.06599,237.041,50.4493,-8.48298,4.5,1.1828,0.0,9.55712,0.658882,10.1142,0.15098,"[{""amount"": 7.361036409423043, ""rate"": 0.012407254804442167}, {""amount"": 8.830872585393058, ""rate"": 0.012407254804442167}, {""amount"": 3.689725149973935, ""rate"": 0.012407254804442167}, {""amount"": 6.6118798471045706, ""rate"": 0.012407254804442167}, {""amount"": 1.699542296982323, ""rate"": 0.012407254804442167}, {""amount"": 20.818112740103338, ""rate"": 0.012407254804442167}, {""amount"": 1.4381810072322292, ""rate"": 0.012407254804442167}]","[""W_2123"", ""W_2822"", ""W_2722"", ""W_1501"", ""W_2326"", ""W_921"", ""W_2962"", ""W_1441"", ""W_1356""]",0,76.2502,23.4734,0.0,9.55712,0.0,9.0,0.0,239.926,25.7761,0.375064
45,881498327,C_0,49.12,3.92922,238.106,47.9269,0.597822,2.5,2.5,3.78655,2.02023,0.625938,0.0,0.146673,"[{""amount"": 6.992984588951892, ""rate"": 0.012407254804442167}, {""amount"": 8.389328956123405, ""rate"": 0.012407254804442167}, {""amount"": 3.5052388924752385, ""rate"": 0.012407254804442167}, {""amount"": 6.281285854749342, ""rate"": 0.012407254804442167}, {""amount"": 1.614565182133207, ""rate"": 0.012407254804442167}, {""amount"": 19.77720710309817, ""rate"": 0.012407254804442167}, {""amount"": 1.3662719568706176, ""rate"": 0.012407254804442167}]","[""W_2123"", ""W_1501"", ""W_2326"", ""W_2962"", ""W_1356""]",0,76.1001,18.4935,0.0,2.02023,0.0,5.0,0.0,236.793,25.7761,0.0795638
46,883508833,C_0,52.3469,3.92922,241.307,45.5305,2.67192,3.5,3.5,7.9001,5.85991,0.594641,4.71983,0.138285,"[{""amount"": 6.643335359504297, ""rate"": 0.012407254804442167}, {""amount"": 7.9698625083172345, ""rate"": 0.012407254804442167}, {""amount"": 3.3299769478514767, ""rate"": 0.012407254804442167}, {""amount"": 5.967221562011875, ""rate"": 0.012407254804442167}, {""amount"": 1.5338369230265467, ""rate"": 0.012407254804442167}, {""amount"": 18.78834674794326, ""rate"": 0.012407254804442167}, {""amount"": 1.2979583590270867, ""rate"": 0.012407254804442167}]","[""W_2123"", ""W_1501"", ""W_2326"", ""W_2962"", ""W_1356"", ""W_1842"", ""W_623""]",0,75.8899,18.686,0.0,5.85991,0.0,7.0,0.0,233.956,21.9835,0.231239
47,9047175,C_0,49.6203,4.03582,237.535,43.254,-4.33963,6.0,3.00181,0.0,10.8461,0.564909,9.69216,0.129536,"[{""amount"": 6.311168591529082, ""rate"": 0.012407254804442167}, {""amount"": 7.571369382901373, ""rate"": 0.012407254804442167}, {""amount"": 3.163478100458903, ""rate"": 0.012407254804442167}, {""amount"": 5.668860483911281, ""rate"": 0.012407254804442167}, {""amount"": 1.4571450768752194, ""rate"": 0.012407254804442167}, {""amount"": 17.8489294105461, ""rate"": 0.012407254804442167}, {""amount"": 1.2330604410757324, ""rate"": 0.012407254804442167}]","[""W_2123"", ""W_1501"", ""W_2326"", ""W_2962"", ""W_1356"", ""W_1842"", ""W_623"", ""W_14"", ""W_1486"", ""W_1662"", ""W_2691"", ""W_452""]",0,75.5295,26.4603,0.0,10.8461,0.0,12.0,0.0,231.169,21.9835,0.429185
48,713015093,C_0,53.6111,3.67256,238.01,41.0913,-0.24521,4.0,4.0,22.4793,3.78624,0.536664,0.0,0.123811,"[{""amount"": 5.995610161952628, ""rate"": 0.012407254804442167}, {""amount"": 7.192800913756304, ""rate"": 0.012407254804442167}, {""amount"": 3.005304195435958, ""rate"": 0.012407254804442167}, {""amount"": 5.385417459715717, ""rate"": 0.012407254804442167}, {""amount"": 1.3842878230314584, ""rate"": 0.012407254804442167}, {""amount"": 16.956482940018795, ""rate"": 0.012407254804442167}, {""amount"": 1.171407419021946, ""rate"": 0.012407254804442167}]","[""W_2123"", ""W_1356"", ""W_1842"", ""W_623"", ""W_14"", ""W_1486"", ""W_2691"", ""W_452""]",0,75.2893,22.2391,0.0,3.78624,0.0,8.0,0.0,225.49,26.1637,0.150538
49,667179252,C_0,71.0559,3.80631,257.703,39.0367,17.3642,13.0,13.0,8.3925,24.21,0.50983,22.42,0.115999,"[{""amount"": 5.695829653854997, ""rate"": 0.012407254804442167}, {""amount"": 6.8331608680684885, ""rate"": 0.012407254804442167}, {""amount"": 2.85503898566416, ""rate"": 0.012407254804442167}, {""amount"": 5.116146586729932, ""rate"": 0.012407254804442167}, {""amount"": 1.3150734318798853, ""rate"": 0.012407254804442167}, {""amount"": 16.108658793017856, ""rate"": 0.012407254804442167}, {""amount"": 1.1128370480708485, ""rate"": 0.012407254804442167}]","[""W_2123"", ""W_1356"", ""W_1842"", ""W_623"", ""W_14"", ""W_1486"", ""W_2691"", ""W_452"", ""W_394"", ""W_543"", ""W_2938"", ""W_2156"", ""W_208"", ""W_169"", ""W_1138"", ""W_1627"", ""W_2397"", ""W_2348"", ""W_1113"", ""W_357"", ""W_1321"", ""W_2497"", ""W_731"", ""W_1678"", ""W_817"", ""W_1453""]",0,74.5085,50.8783,0.0,24.21,0.0,26.0,0.0,222.211,59.8568,0.965645
50,182856870,C_0,89.9819,3.92145,273.042,37.0849,15.5267,18.5,15.6747,0.0,21.6742,0.484339,6.3485,0.105525,"[{""amount"": 5.411038171162247, ""rate"": 0.012407254804442167}, {""amount"": 6.491502824665064, ""rate"": 0.012407254804442167}, {""amount"": 2.712287036380952, ""rate"": 0.012407254804442167}, {""amount"": 4.860339257393435, ""rate"": 0.012407254804442167}, {""amount"": 1.249319760285891, ""rate"": 0.012407254804442167}, {""amount"": 15.303225853366964, ""rate"": 0.012407254804442167}, {""amount"": 1.057195195667306, ""rate"": 0.012407254804442167}]","[""W_2123"", ""W_1356"", ""W_1842"", ""W_623"", ""W_14"", ""W_1486"", ""W_2691"", ""W_452"", ""W_394"", ""W_543"", ""W_2938"", ""W_2156"", ""W_208"", ""W_169"", ""W_1138"", ""W_1627"", ""W_2397"", ""W_2348"", ""W_1113"", ""W_357"", ""W_1321"", ""W_2497"", ""W_731"", ""W_1678"", ""W_817"", ""W_1453"", ""W_2614"", ""W_2864"", ""W_441"", ""W_1710"", ""W_874"", ""W_1592"", ""W_2383"", ""W_2415"", ""W_2845"", ""W_0"", ""W_238""]",0,73.3974,57.56,0.0,21.6742,0.0,37.0,0.0,217.04,59.8568,0.873562
51,636311766,C_0,61.2641,4.23432,237.489,35.2307,-35.3419,16.5,1.55787,0.0,16.2747,0.460122,0.0,0.0963389,"[{""amount"": 5.140486262604134, ""rate"": 0.012407254804442167}, {""amount"": 6.166927683431811, ""rate"": 0.012407254804442167}, {""amount"": 2.5766726845619043, ""rate"": 0.012407254804442167}, {""amount"": 4.617322294523763, ""rate"": 0.012407254804442167}, {""amount"": 1.1868537722715964, ""rate"": 0.012407254804442167}, {""amount"": 14.538064560698615, ""rate"": 0.012407254804442167}, {""amount"": 1.0043354358839407, ""rate"": 0.012407254804442167}]","[""W_2123"", ""W_1356"", ""W_1842"", ""W_623"", ""W_14"", ""W_1486"", ""W_2691"", ""W_452"", ""W_394"", ""W_543"", ""W_2938"", ""W_208"", ""W_169"", ""W_1138"", ""W_1627"", ""W_2397"", ""W_2348"", ""W_1113"", ""W_357"", ""W_1321"", ""W_2497"", ""W_731"", ""W_817"", ""W_2614"", ""W_2864"", ""W_441"", ""W_1710"", ""W_1592"", ""W_2383"", ""W_2415"", ""W_2845"", ""W_0"", ""W_238""]",0,72.4064,56.5578,0.0,16.2747,0.0,33.0,0.0,211.455,59.8568,0.665866
52,258789671,C_0,64.7748,4.03237,245.127,33.4691,7.0197,3.5,3.5,3.28202,3.02954,0.437116,0.0,0.0999948,"[{""amount"": 4.8834619494739275, ""rate"": 0.012407254804442167}, {""amount"": 5.85858129926022, ""rate"": 0.012407254804442167}, {""amount"": 2.447839050333809, ""rate"": 0.012407254804442167}, {""amount"": 4.386456179797575, ""rate"": 0.012407254804442167}, {""amount"": 1.1275110836580167, ""rate"": 0.012407254804442167}, {""amount"": 13.811161332663684, ""rate"": 0.012407254804442167}, {""amount"": 0.9541186640897437, ""rate"": 0.012407254804442167}]","[""W_1356"", ""W_1842"", ""W_1486"", ""W_2691"", ""W_394"", ""W_208"", ""W_2383""]",0,72.1962,53.0537,0.0,3.02954,0.0,7.0,0.0,212.417,62.4161,0.125648
53,495620983,C_0,70.1859,4.23466,246.282,31.7957,1.86651,4.0,3.7484,0.0,6.40677,0.41526,4.81354,0.0939757,"[{""amount"": 4.639288852000231, ""rate"": 0.012407254804442167}, {""amount"": 5.565652234297209, ""rate"": 0.012407254804442167}, {""amount"": 2.325447097817119, ""rate"": 0.012407254804442167}, {""amount"": 4.167133370807696, ""rate"": 0.012407254804442167}, {""amount"": 1.071135529475116, ""rate"": 0.012407254804442167}, {""amount"": 13.1206032660305, ""rate"": 0.012407254804442167}, {""amount"": 0.9064127308852565, ""rate"": 0.012407254804442167}]","[""W_1356"", ""W_1842"", ""W_1486"", ""W_2691"", ""W_394"", ""W_208"", ""W_2383"", ""W_2633""]",0,71.9559,36.71,0.0,6.40677,0.0,8.0,0.0,207.519,43.1883,0.26649
54,459994952,C_0,66.3893,4.18183,241.305,30.2059,-5.29106,4.0,1.47964,0.0,4.01423,0.394497,0.0284686,0.0878489,"[{""amount"": 4.4073244094002195, ""rate"": 0.012407254804442167}, {""amount"": 5.287369622582348, ""rate"": 0.012407254804442167}, {""amount"": 2.209174742926263, ""rate"": 0.012407254804442167}, {""amount"": 3.9587767022673113, ""rate"": 0.012407254804442167}, {""amount"": 1.01757875300136, ""rate"": 0.012407254804442167}, {""amount"": 12.464573102728975, ""rate"": 0.012407254804442167}, {""amount"": 0.8610920943409937, ""rate"": 0.012407254804442167}]","[""W_1356"", ""W_1842"", ""W_1486"", ""W_2691"", ""W_394"", ""W_208"", ""W_2383"", ""W_2633""]",0,71.7157,24.361,0.0,4.01423,0.0,8.0,0.0,205.122,43.1883,0.16753
55,940841644,C_0,68.6079,4.05185,240.458,28.6956,-1.18322,2.0,2.0,10.6175,1.7331,0.374772,0.0,0.0841732,"[{""amount"": 4.186958188930209, ""rate"": 0.012407254804442167}, {""amount"": 5.023001141453231, ""rate"": 0.012407254804442167}, {""amount"": 2.09871600577995, ""rate"": 0.012407254804442167}, {""amount"": 3.7608378671539455, ""rate"": 0.012407254804442167}, {""amount"": 0.966699815351292, ""rate"": 0.012407254804442167}, {""amount"": 11.841344447592526, ""rate"": 0.012407254804442167}, {""amount"": 0.818037489623944, ""rate"": 0.012407254804442167}]","[""W_1356"", ""W_1486"", ""W_2691"", ""W_394""]",0,71.5956,18.1865,0.0,1.7331,0.0,4.0,0.0,200.546,43.1883,0.0725715
56,39226833,C_0,78.0386,4.06823,247.386,27.2608,5.93931,6.0,6.0,8.09621,11.5291,0.356034,11.0582,0.0794592,"[{""amount"": 3.9776102794836987, ""rate"": 0.012407254804442167}, {""amount"": 4.77185108438057, ""rate"": 0.012407254804442167}, {""amount"": 1.9937802054909524, ""rate"": 0.012407254804442167}, {""amount"": 3.5727959737962482, ""rate"": 0.012407254804442167}, {""amount"": 11.2492772252129, ""rate"": 0.012407254804442167}, {""amount"": 1.6955004397264741, ""rate"": 0.012407254804442167}]","[""W_1356"", ""W_1486"", ""W_2691"", ""W_394"", ""W_2273"", ""W_1217"", ""W_1501"", ""W_831"", ""W_1856"", ""W_923"", ""W_358"", ""W_725""]",0,71.2352,28.0385,0.0,11.5291,0.0,12.0,0.0,195.421,32.9865,0.483575
57,475284470,C_0,70.5573,4.16352,235.813,25.8978,-11.9292,9.5,3.17518,0.0,13.8395,0.338232,8.67899,0.0736975,"[{""amount"": 3.778729765509514, ""rate"": 0.012407254804442167}, {""amount"": 4.533258530161541, ""rate"": 0.012407254804442167}, {""amount"": 1.8940911952164048, ""rate"": 0.012407254804442167}, {""amount"": 3.3941561751064357, ""rate"": 0.012407254804442167}, {""amount"": 10.686813363952256, ""rate"": 0.012407254804442167}, {""amount"": 1.6107254177401504, ""rate"": 0.012407254804442167}]","[""W_1356"", ""W_1486"", ""W_2691"", ""W_394"", ""W_2273"", ""W_1217"", ""W_1501"", ""W_831"", ""W_1856"", ""W_923"", ""W_358"", ""W_725"", ""W_2309"", ""W_2611"", ""W_2224"", ""W_2838"", ""W_156"", ""W_1680"", ""W_1165""]",0,70.6647,35.1847,0.0,13.8395,0.0,19.0,0.0,191.153,32.9865,0.58342
58,109189838,C_0,76.6675,3.92579,241.233,24.6029,4.698,4.5,4.5,11.7298,4.24161,0.32132,0.0,0.0717877,"[{""amount"": 3.589793277234038, ""rate"": 0.012407254804442167}, {""amount"": 4.306595603653465, ""rate"": 0.012407254804442167}, {""amount"": 1.7993866354555845, ""rate"": 0.012407254804442167}, {""amount"": 3.224448366351114, ""rate"": 0.012407254804442167}, {""amount"": 10.152472695754643, ""rate"": 0.012407254804442167}, {""amount"": 1.530189146853143, ""rate"": 0.012407254804442167}]","[""W_1356"", ""W_2691"", ""W_2273"", ""W_1501"", ""W_1856"", ""W_923"", ""W_358"", ""W_2309"", ""W_2838""]",0,70.3944,31.8566,0.0,4.24161,0.0,9.0,0.0,188.229,32.9865,0.180254
59,871368982,C_0,96.2045,3.96928,259.991,23.3727,17.7179,12.5,12.5,1.89069,15.031,0.305254,5.06204,0.0673468,"[{""amount"": 3.4103036133723363, ""rate"": 0.012407254804442167}, {""amount"": 4.091265823470792, ""rate"": 0.012407254804442167}, {""amount"": 1.7094173036828053, ""rate"": 0.012407254804442167}, {""amount"": 3.0632259480335584, ""rate"": 0.012407254804442167}, {""amount"": 9.64484906096691, ""rate"": 0.012407254804442167}, {""amount"": 1.4536796895104858, ""rate"": 0.012407254804442167}]","[""W_1356"", ""W_2691"", ""W_2273"", ""W_1501"", ""W_1856"", ""W_923"", ""W_358"", ""W_2309"", ""W_2838"", ""W_412"", ""W_2968"", ""W_2348"", ""W_439"", ""W_148"", ""W_1666"", ""W_771"", ""W_1952"", ""W_1511"", ""W_493"", ""W_2118"", ""W_409"", ""W_1638"", ""W_1244"", ""W_1069"", ""W_371""]",0,69.6436,40.2974,0.0,15.031,0.0,25.0,0.0,183.616,32.9865,0.641219
60,155576659,C_0,73.0682,4.2244,229.246,22.2041,-29.2236,13.0,1.02318,0.0,14.4547,0.289992,2.90945,0.0611582,"[{""amount"": 3.2397884327037194, ""rate"": 0.012407254804442167}, {""amount"": 3.886702532297252, ""rate"": 0.012407254804442167}, {""amount"": 1.623946438498665, ""rate"": 0.012407254804442167}, {""amount"": 2.9100646506318806, ""rate"": 0.012407254804442167}, {""amount"": 9.162606607918566, ""rate"": 0.012407254804442167}, {""amount"": 1.3809957050349615, ""rate"": 0.012407254804442167}]","[""W_1356"", ""W_2691"", ""W_2273"", ""W_1501"", ""W_1856"", ""W_923"", ""W_358"", ""W_2309"", ""W_2838"", ""W_412"", ""W_2968"", ""W_2348"", ""W_439"", ""W_148"", ""W_1666"", ""W_771"", ""W_1952"", ""W_1511"", ""W_493"", ""W_2118"", ""W_409"", ""W_1638"", ""W_1244"", ""W_1069"", ""W_371"", ""W_1225""]",0,68.8629,41.7564,0.0,14.4547,0.0,26.0,0.0,178.382,32.9865,0.623281
61,209165331,C_0,76.3475,4.119,232.796,21.0939,3.16254,2.5,2.5,5.60897,2.36633,0.275492,0.0,0.062215,"[{""amount"": 3.0777990110685334, ""rate"": 0.012407254804442167}, {""amount"": 3.6923674056823894, ""rate"": 0.012407254804442167}, {""amount"": 1.5427491165737317, ""rate"": 0.012407254804442167}, {""amount"": 2.7645614181002864, ""rate"": 0.012407254804442167}, {""amount"": 8.704476277522637, ""rate"": 0.012407254804442167}, {""amount"": 1.3119459197832135, ""rate"": 0.012407254804442167}]","[""W_2691"", ""W_412"", ""W_1952"", ""W_493"", ""W_409""]",0,68.7127,40.3977,0.0,2.36633,0.0,5.0,0.0,176.91,47.5267,0.103192
62,226259480,C_0,76.1121,4.207,230.606,20.0392,-2.32285,5.0,2.63395,0.0,7.53471,0.261717,5.06942,0.0585256,"[{""amount"": 2.923909060515107, ""rate"": 0.012407254804442167}, {""amount"": 3.50774903539827, ""rate"": 0.012407254804442167}, {""amount"": 1.4656116607450451, ""rate"": 0.012407254804442167}, {""amount"": 2.6263333471952723, ""rate"": 0.012407254804442167}, {""amount"": 8.269252463646506, ""rate"": 0.012407254804442167}, {""amount"": 1.2463486237940529, ""rate"": 0.012407254804442167}]","[""W_2691"", ""W_412"", ""W_1952"", ""W_493"", ""W_409"", ""W_2697"", ""W_2598"", ""W_2653"", ""W_1504"", ""W_2639""]",0,68.4124,32.3745,0.0,7.53471,0.0,10.0,0.0,174.533,38.0876,0.329295
63,891838552,C_0,81.1728,3.96469,233.96,19.0372,2.82539,3.5,3.5,14.1524,3.12403,0.248632,0.0,0.0556624,"[{""amount"": 2.7777136074893516, ""rate"": 0.012407254804442167}, {""amount"": 3.3323615836283564, ""rate"": 0.012407254804442167}, {""amount"": 1.3923310777077929, ""rate"": 0.012407254804442167}, {""amount"": 2.495016679835509, ""rate"": 0.012407254804442167}, {""amount"": 7.855789840464181, ""rate"": 0.012407254804442167}, {""amount"": 1.1840311926043503, ""rate"": 0.012407254804442167}]","[""W_2691"", ""W_412"", ""W_493"", ""W_409"", ""W_2697"", ""W_2598"", ""W_2639""]",0,68.2022,23.6948,0.0,3.12403,0.0,7.0,0.0,171.259,38.0876,0.137131
64,296931722,C_0,58.6009,4.24867,207.294,18.0854,-27.8818,12.0,0.61576,0.0,16.1995,0.2362,8.39905,0.05245,"[{""amount"": 2.638827927114884, ""rate"": 0.012407254804442167}, {""amount"": 3.1657435044469384, ""rate"": 0.012407254804442167}, {""amount"": 1.3227145238224032, ""rate"": 0.012407254804442167}, {""amount"": 2.3702658458437336, ""rate"": 0.012407254804442167}, {""amount"": 7.463000348440971, ""rate"": 0.012407254804442167}, {""amount"": 1.1248296329741327, ""rate"": 0.012407254804442167}]","[""W_2691"", ""W_412"", ""W_493"", ""W_409"", ""W_2697"", ""W_2598"", ""W_2639"", ""W_2008"", ""W_1093"", ""W_415"", ""W_2930"", ""W_587"", ""W_2022"", ""W_491"", ""W_541"", ""W_2045"", ""W_1302"", ""W_98"", ""W_1150"", ""W_61"", ""W_1367"", ""W_1807"", ""W_773"", ""W_675""]",0,67.4815,38.3524,0.0,16.1995,0.0,24.0,0.0,166.778,38.0876,0.713279
65,258402309,C_0,62.2696,4.03377,209.094,17.1811,1.43522,2.5,2.5,9.26939,2.17414,0.22439,0.0,0.0536024,"[{""amount"": 2.50688653075914, ""rate"": 0.012407254804442167}, {""amount"": 3.0074563292245915, ""rate"": 0.012407254804442167}, {""amount"": 1.256578797631283, ""rate"": 0.012407254804442167}, {""amount"": 2.251752553551547, ""rate"": 0.012407254804442167}, {""amount"": 7.089850331018923, ""rate"": 0.012407254804442167}, {""amount"": 1.068588151325426, ""rate"": 0.012407254804442167}]","[""W_415"", ""W_587"", ""W_491"", ""W_98"", ""W_675""]",0,67.3313,37.1942,0.0,2.17414,0.0,5.0,0.0,163.719,43.7579,0.0967516
66,841627121,C_0,48.3315,4.18357,190.911,16.3221,-19.3985,10.5,1.9443,0.0,10.8099,0.21317,0.619736,0.0507032,"[{""amount"": 2.381542204221183, ""rate"": 0.012407254804442167}, {""amount"": 2.857083512763362, ""rate"": 0.012407254804442167}, {""amount"": 1.1937498577497188, ""rate"": 0.012407254804442167}, {""amount"": 2.1391649258739696, ""rate"": 0.012407254804442167}, {""amount"": 6.735357814467976, ""rate"": 0.012407254804442167}, {""amount"": 1.0151587437591547, ""rate"": 0.012407254804442167}]","[""W_415"", ""W_587"", ""W_491"", ""W_98"", ""W_675"", ""W_866"", ""W_797"", ""W_872"", ""W_884"", ""W_2190"", ""W_1461"", ""W_2866"", ""W_1969"", ""W_2611"", ""W_1137"", ""W_2359"", ""W_704"", ""W_1998"", ""W_2892"", ""W_2744"", ""W_1505""]",0,66.7007,36.2689,0.0,10.8099,0.0,21.0,0.0,158.902,43.7579,0.482124
67,792261111,C_0,52.6246,3.92982,193.723,15.506,2.38895,3.0,3.0,15.347,2.83085,0.202512,0.0,0.0507952,"[{""amount"": 2.262465094010124, ""rate"": 0.012407254804442167}, {""amount"": 2.7142293371251935, ""rate"": 0.012407254804442167}, {""amount"": 1.1340623648622328, ""rate"": 0.012407254804442167}, {""amount"": 2.032206679580271, ""rate"": 0.012407254804442167}, {""amount"": 6.398589923744577, ""rate"": 0.012407254804442167}, {""amount"": 0.964400806571197, ""rate"": 0.012407254804442167}]","[""W_797"", ""W_884"", ""W_2359"", ""W_1998"", ""W_2744"", ""W_1505""]",0,66.5205,33.9002,0.0,2.83085,0.0,6.0,0.0,156.126,43.7579,0.127451
68,737052828,C_0,38.1087,4.29414,176.889,14.7307,-17.8252,10.5,1.73534,0.0,16.7954,0.192386,12.5907,0.0476828,"[{""amount"": 2.1493418393096175, ""rate"": 0.012407254804442167}, {""amount"": 2.578517870268934, ""rate"": 0.012407254804442167}, {""amount"": 1.077359246619121, ""rate"": 0.012407254804442167}, {""amount"": 1.9305963456012576, ""rate"": 0.012407254804442167}, {""amount"": 6.078660427557348, ""rate"": 0.012407254804442167}, {""amount"": 0.9161807662426371, ""rate"": 0.012407254804442167}]","[""W_797"", ""W_884"", ""W_2359"", ""W_1998"", ""W_2744"", ""W_1505"", ""W_2607"", ""W_1711"", ""W_2291"", ""W_2034"", ""W_372"", ""W_1125"", ""W_1987"", ""W_382"", ""W_2950"", ""W_76"", ""W_2990"", ""W_1053"", ""W_1829"", ""W_251"", ""W_2384""]",0,65.8899,44.4981,0.0,16.7954,0.0,21.0,0.0,153.511,43.7579,0.75821
69,517733369,C_0,41.0875,4.20101,178.084,13.9941,0.711944,3.5,2.62807,0.0,3.24134,0.182767,0.0,0.0476916,"[{""amount"": 2.0418747473441368, ""rate"": 0.012407254804442167}, {""amount"": 2.4495919767554875, ""rate"": 0.012407254804442167}, {""amount"": 1.023491284288165, ""rate"": 0.012407254804442167}, {""amount"": 1.8340665283211948, ""rate"": 0.012407254804442167}, {""amount"": 5.774727406179481, ""rate"": 0.012407254804442167}, {""amount"": 0.8703717279305052, ""rate"": 0.012407254804442167}]","[""W_1998"", ""W_2744"", ""W_2607"", ""W_1711"", ""W_2034"", ""W_382"", ""W_1829""]",0,65.6797,38.0148,0.0,3.24134,0.0,7.0,0.0,150.848,43.7579,0.147728
70,490035331,C_0,46.3091,4.12241,179.706,13.2944,1.36177,3.0,3.0,5.67404,2.68939,0.173629,0.0,0.0448458,"[{""amount"": 1.93978100997693, ""rate"": 0.012407254804442167}, {""amount"": 2.327112377917713, ""rate"": 0.012407254804442167}, {""amount"": 0.9723167200737567, ""rate"": 0.012407254804442167}, {""amount"": 1.742363201905135, ""rate"": 0.012407254804442167}, {""amount"": 5.485991035870507, ""rate"": 0.012407254804442167}, {""amount"": 0.8268531415339799, ""rate"": 0.012407254804442167}]","[""W_1998"", ""W_2744"", ""W_2607"", ""W_1711"", ""W_382"", ""W_1829""]",0,65.4995,24.2627,0.0,2.68939,0.0,6.0,0.0,146.419,43.7579,0.122964
71,33429433,C_0,35.709,4.45302,164.693,12.6297,-15.7876,8.0,1.39898,0.0,8.07557,0.164947,0.15115,0.0418481,"[{""amount"": 1.8427919594780835, ""rate"": 0.012407254804442167}, {""amount"": 2.2107567590218276, ""rate"": 0.012407254804442167}, {""amount"": 1.655245041809878, ""rate"": 0.012407254804442167}, {""amount"": 5.211691484076981, ""rate"": 0.012407254804442167}, {""amount"": 1.7092113685273498, ""rate"": 0.012407254804442167}]","[""W_1998"", ""W_2744"", ""W_2607"", ""W_1711"", ""W_382"", ""W_1829"", ""W_740"", ""W_2450"", ""W_1087"", ""W_2312"", ""W_362"", ""W_728"", ""W_491"", ""W_1487"", ""W_167"", ""W_1425""]",0,65.019,25.1554,0.0,8.07557,0.0,16.0,0.0,141.613,29.5946,0.370247
72,910025756,C_0,39.5014,4.04115,167.627,11.9982,2.61157,2.5,2.5,8.79804,2.06663,0.1567,0.0,0.0413191,"[{""amount"": 1.7506523615041794, ""rate"": 0.012407254804442167}, {""amount"": 2.100218921070736, ""rate"": 0.012407254804442167}, {""amount"": 1.5724827897193843, ""rate"": 0.012407254804442167}, {""amount"": 4.951106909873133, ""rate"": 0.012407254804442167}, {""amount"": 1.6237508001009824, ""rate"": 0.012407254804442167}]","[""W_2450"", ""W_1087"", ""W_2312"", ""W_362"", ""W_491""]",0,64.8689,24.5897,0.0,2.06663,0.0,5.0,0.0,139.602,29.5946,0.0954507
73,962743370,C_0,47.8307,4.07519,173.416,11.3983,5.04022,10.0,7.38274,0.0,10.3749,0.148865,0.74979,0.0388723,"[{""amount"": 1.6631197434289704, ""rate"": 0.012407254804442167}, {""amount"": 1.9952079750171992, ""rate"": 0.012407254804442167}, {""amount"": 1.493858650233415, ""rate"": 0.012407254804442167}, {""amount"": 4.703551564379476, ""rate"": 0.012407254804442167}, {""amount"": 1.5425632600959331, ""rate"": 0.012407254804442167}]","[""W_2450"", ""W_1087"", ""W_2312"", ""W_362"", ""W_491"", ""W_1410"", ""W_1082"", ""W_2292"", ""W_133"", ""W_187"", ""W_2642"", ""W_1586"", ""W_2135"", ""W_2869"", ""W_798"", ""W_69"", ""W_1492"", ""W_510"", ""W_2961"", ""W_2845""]",0,64.2683,29.2589,0.0,10.3749,0.0,20.0,0.0,135.976,34.4222,0.48029
74,373744521,C_0,35.2077,4.24784,157.367,10.8284,-16.043,8.0,0.962453,0.0,7.68196,0.141422,0.0,0.0364836,"[{""amount"": 1.579963756257522, ""rate"": 0.012407254804442167}, {""amount"": 1.8954475762663392, ""rate"": 0.012407254804442167}, {""amount"": 1.4191657177217443, ""rate"": 0.012407254804442167}, {""amount"": 4.468373986160502, ""rate"": 0.012407254804442167}, {""amount"": 1.4654350970911365, ""rate"": 0.012407254804442167}]","[""W_2450"", ""W_1087"", ""W_2312"", ""W_362"", ""W_491"", ""W_1082"", ""W_187"", ""W_1586"", ""W_2135"", ""W_2869"", ""W_798"", ""W_69"", ""W_1492"", ""W_510"", ""W_2961"", ""W_2845""]",0,63.7878,29.6445,0.0,7.68196,0.0,16.0,0.0,132.987,34.4222,0.358948
75,657237591,C_0,38.5022,4.06139,158.374,10.287,0.762152,2.0,2.0,7.64279,1.6344,0.134351,0.0,0.0361504,"[{""amount"": 1.500965568444646, ""rate"": 0.012407254804442167}, {""amount"": 1.8006751974530222, ""rate"": 0.012407254804442167}, {""amount"": 1.348207431835657, ""rate"": 0.012407254804442167}, {""amount"": 4.244955286852477, ""rate"": 0.012407254804442167}, {""amount"": 1.3921633422365798, ""rate"": 0.012407254804442167}]","[""W_2450"", ""W_362"", ""W_187"", ""W_798""]",0,63.6677,26.8342,0.0,1.6344,0.0,4.0,0.0,130.006,31.5697,0.0769445
76,510860114,C_0,31.7988,4.32558,148.003,9.77262,-10.7553,4.5,0.679335,0.0,8.84195,0.127633,8.6839,0.0341415,"[{""amount"": 1.4259172900224135, ""rate"": 0.012407254804442167}, {""amount"": 1.7106414375803711, ""rate"": 0.012407254804442167}, {""amount"": 1.280797060243874, ""rate"": 0.012407254804442167}, {""amount"": 4.032707522509853, ""rate"": 0.012407254804442167}, {""amount"": 1.3225551751247508, ""rate"": 0.012407254804442167}]","[""W_2450"", ""W_362"", ""W_187"", ""W_798"", ""W_1387"", ""W_1246"", ""W_1502"", ""W_2159"", ""W_685""]",0,63.3974,27.8958,0.0,8.84195,0.0,9.0,0.0,125.977,31.5697,0.417047
77,87214878,C_0,34.2109,4.0262,148.266,9.28399,0.0867487,1.5,1.5,10.335,1.4956,0.121251,0.0,0.0332964,"[{""amount"": 1.354621425521293, ""rate"": 0.012407254804442167}, {""amount"": 1.6251093657013524, ""rate"": 0.012407254804442167}, {""amount"": 1.2167572072316803, ""rate"": 0.012407254804442167}, {""amount"": 3.831072146384361, ""rate"": 0.012407254804442167}, {""amount"": 1.2564274163685134, ""rate"": 0.012407254804442167}]","[""W_1387"", ""W_2159"", ""W_685""]",0,63.3073,20.7046,0.0,1.4956,0.0,3.0,0.0,123.321,31.5697,0.0708433
78,992293052,C_0,29.2116,4.17847,140.958,8.81979,-8.32835,9.0,3.25002,0.0,10.801,0.115189,3.6021,0.0313197,"[{""amount"": 1.2868903542452284, ""rate"": 0.012407254804442167}, {""amount"": 1.5438538974162848, ""rate"": 0.012407254804442167}, {""amount"": 1.1559193468700963, ""rate"": 0.012407254804442167}, {""amount"": 3.639518539065143, ""rate"": 0.012407254804442167}, {""amount"": 1.1936060455500876, ""rate"": 0.012407254804442167}]","[""W_1387"", ""W_2159"", ""W_685"", ""W_443"", ""W_1175"", ""W_1118"", ""W_2786"", ""W_1930"", ""W_353"", ""W_2739"", ""W_2068"", ""W_95"", ""W_766"", ""W_2332"", ""W_1347"", ""W_2927"", ""W_2870"", ""W_399""]",0,62.7668,28.1226,0.0,10.801,0.0,18.0,0.0,120.567,33.0854,0.512351
79,33112096,C_0,35.8528,3.80454,146.111,8.3788,4.64408,4.5,4.5,13.4052,4.00512,0.109429,0.0,0.0304039,"[{""amount"": 1.222545836532967, ""rate"": 0.012407254804442167}, {""amount"": 1.4666612025454706, ""rate"": 0.012407254804442167}, {""amount"": 1.0981233795265914, ""rate"": 0.012407254804442167}, {""amount"": 3.4575426121118857, ""rate"": 0.012407254804442167}, {""amount"": 1.1339257432725833, ""rate"": 0.012407254804442167}]","[""W_2159"", ""W_443"", ""W_1175"", ""W_1118"", ""W_1930"", ""W_353"", ""W_2739"", ""W_2068"", ""W_95""]",0,62.4965,27.5748,0.0,4.00512,0.0,9.0,0.0,117.709,33.0854,0.19162
80,758837400,C_0,56.1256,3.90194,166.275,7.95986,19.6475,13.0,13.0,4.14923,16.5152,0.103958,7.03042,0.0283883,"[{""amount"": 1.1614185447063186, ""rate"": 0.012407254804442167}, {""amount"": 1.3933281424181971, ""rate"": 0.012407254804442167}, {""amount"": 1.043217210550262, ""rate"": 0.012407254804442167}, {""amount"": 3.2846654815062912, ""rate"": 0.012407254804442167}, {""amount"": 1.0772294561089542, ""rate"": 0.012407254804442167}]","[""W_2159"", ""W_443"", ""W_1175"", ""W_1118"", ""W_1930"", ""W_353"", ""W_2739"", ""W_2068"", ""W_95"", ""W_1461"", ""W_1844"", ""W_2616"", ""W_2842"", ""W_2412"", ""W_1176"", ""W_578"", ""W_711"", ""W_1472"", ""W_2833"", ""W_489"", ""W_2127"", ""W_1239"", ""W_1827"", ""W_2072"", ""W_2621"", ""W_1158""]",0,61.7157,40.6721,0.0,16.5152,0.0,26.0,0.0,114.179,47.8495,0.793568
81,145013430,C_0,45.8467,4.18082,148.527,7.56187,-15.6726,17.0,5.7926,0.0,17.0858,0.09876,0.171657,0.0254244,"[{""amount"": 1.1033476174710026, ""rate"": 0.012407254804442167}, {""amount"": 1.3236617352972873, ""rate"": 0.012407254804442167}, {""amount"": 0.9910563500227488, ""rate"": 0.012407254804442167}, {""amount"": 3.1204322074309765, ""rate"": 0.012407254804442167}, {""amount"": 1.0233679833035065, ""rate"": 0.012407254804442167}]","[""W_2159"", ""W_443"", ""W_1175"", ""W_1118"", ""W_1930"", ""W_353"", ""W_2739"", ""W_2068"", ""W_95"", ""W_1461"", ""W_1844"", ""W_2616"", ""W_2842"", ""W_2412"", ""W_1176"", ""W_578"", ""W_711"", ""W_1472"", ""W_2833"", ""W_489"", ""W_2127"", ""W_1239"", ""W_1827"", ""W_2072"", ""W_2621"", ""W_1158"", ""W_2404"", ""W_1592"", ""W_435"", ""W_1986"", ""W_974"", ""W_867"", ""W_1898"", ""W_643""]",0,60.6947,46.0857,0.0,17.0858,0.0,34.0,0.0,110.242,47.8495,0.831373
82,272107353,C_0,56.7736,3.89019,158.436,7.18377,9.16277,7.0,7.0,9.05411,6.92192,0.093822,0.0,0.0253834,"[{""amount"": 1.0481802365974524, ""rate"": 0.012407254804442167}, {""amount"": 1.257478648532423, ""rate"": 0.012407254804442167}, {""amount"": 2.9644105970594277, ""rate"": 0.012407254804442167}, {""amount"": 0.9721995841383312, ""rate"": 0.012407254804442167}, {""amount"": 0.9415035325216113, ""rate"": 0.012407254804442167}]","[""W_443"", ""W_1118"", ""W_353"", ""W_2616"", ""W_2412"", ""W_1176"", ""W_578"", ""W_2833"", ""W_489"", ""W_1158"", ""W_1592"", ""W_974"", ""W_867"", ""W_643""]",0,60.2743,48.5684,0.0,6.92192,0.0,14.0,0.0,107.014,47.8495,0.342477
83,26021394,C_0,75.1766,3.92884,174.127,6.82458,15.9665,15.0,13.2468,0.0,15.1409,0.0891309,0.281774,0.0232842,"[{""amount"": 0.9957712247675798, ""rate"": 0.012407254804442167}, {""amount"": 1.1946047161058018, ""rate"": 0.012407254804442167}, {""amount"": 2.816190067206456, ""rate"": 0.012407254804442167}, {""amount"": 1.8180179608269453, ""rate"": 0.012407254804442167}]","[""W_443"", ""W_1118"", ""W_353"", ""W_2616"", ""W_2412"", ""W_1176"", ""W_578"", ""W_2833"", ""W_489"", ""W_1158"", ""W_1592"", ""W_974"", ""W_867"", ""W_643"", ""W_1144"", ""W_2872"", ""W_1244"", ""W_347"", ""W_1628"", ""W_668"", ""W_2341"", ""W_2537"", ""W_221"", ""W_1828"", ""W_978"", ""W_1815"", ""W_1248"", ""W_1233"", ""W_2660"", ""W_1625""]",0,59.3734,48.3894,0.0,15.1409,0.0,30.0,0.0,102.581,47.8495,0.754354
84,175125675,C_0,82.8913,4.03584,176.348,6.48335,4.04205,13.5,8.90744,0.0,13.4362,0.0846744,0.0,0.0212316,"[{""amount"": 1.1348744803005117, ""rate"": 0.012407254804442167}, {""amount"": 2.6753805638461334, ""rate"": 0.012407254804442167}, {""amount"": 1.727117062785598, ""rate"": 0.012407254804442167}, {""amount"": 0.9459826635292008, ""rate"": 0.012407254804442167}]","[""W_1118"", ""W_353"", ""W_2616"", ""W_2412"", ""W_1176"", ""W_578"", ""W_2833"", ""W_489"", ""W_1158"", ""W_1592"", ""W_974"", ""W_643"", ""W_1144"", ""W_2872"", ""W_1244"", ""W_347"", ""W_668"", ""W_2341"", ""W_2537"", ""W_221"", ""W_1828"", ""W_978"", ""W_1815"", ""W_1248"", ""W_1233"", ""W_2660"", ""W_1625""]",0,58.5626,46.7172,0.0,13.4362,0.0,27.0,0.0,99.1317,47.8495,0.679581
85,753304924,C_0,98.9855,4.05147,191.431,6.15919,14.9508,9.5,9.5,4.45647,9.36032,0.0804406,0.0,0.0198112,"[{""amount"": 1.078130756285486, ""rate"": 0.012407254804442167}, {""amount"": 2.5416115356538267, ""rate"": 0.012407254804442167}, {""amount"": 1.6407612096463182, ""rate"": 0.012407254804442167}, {""amount"": 0.8986835303527407, ""rate"": 0.012407254804442167}]","[""W_1118"", ""W_353"", ""W_2616"", ""W_2412"", ""W_578"", ""W_1158"", ""W_1592"", ""W_974"", ""W_1144"", ""W_2872"", ""W_1244"", ""W_347"", ""W_668"", ""W_2341"", ""W_2537"", ""W_221"", ""W_978"", ""W_1815"", ""W_2660""]",0,57.992,43.6289,0.0,9.36032,0.0,19.0,0.0,95.6146,47.8495,0.479983
86,680510094,C_0,101.208,4.16067,187.48,5.85123,-1.97366,10.5,5.67384,0.0,13.4969,0.0764186,5.99372,0.0180851,"[{""amount"": 1.0242242184712118, ""rate"": 0.012407254804442167}, {""amount"": 2.4145309588711354, ""rate"": 0.012407254804442167}, {""amount"": 1.5587231491640023, ""rate"": 0.012407254804442167}, {""amount"": 0.8537493538351038, ""rate"": 0.012407254804442167}]","[""W_1118"", ""W_353"", ""W_2616"", ""W_2412"", ""W_578"", ""W_1158"", ""W_1592"", ""W_974"", ""W_1144"", ""W_2872"", ""W_1244"", ""W_347"", ""W_668"", ""W_2341"", ""W_2537"", ""W_221"", ""W_978"", ""W_1815"", ""W_2660"", ""W_2637"", ""W_1665""]",0,57.3614,42.7701,0.0,13.4969,0.0,21.0,0.0,92.1232,50.3178,0.698909
87,573044153,C_0,91.8175,4.56076,176.179,5.55867,-11.9168,6.5,0.871464,0.0,6.45614,0.0725977,0.0,0.0171147,"[{""amount"": 0.9730130075476512, ""rate"": 0.012407254804442167}, {""amount"": 2.293804410927579, ""rate"": 0.012407254804442167}, {""amount"": 1.4807869917058023, ""rate"": 0.012407254804442167}, {""amount"": 0.8110618861433485, ""rate"": 0.012407254804442167}]","[""W_1118"", ""W_2412"", ""W_974"", ""W_2872"", ""W_1244"", ""W_347"", ""W_668"", ""W_2537"", ""W_221"", ""W_978"", ""W_2660"", ""W_2637"", ""W_1665""]",0,56.971,37.1508,0.0,6.45614,0.0,13.0,0.0,89.9207,43.7068,0.337994
88,549723370,C_0,88.4706,4.50998,171.73,5.28073,-4.58995,1.5,0.0,0.0,1.42993,0.0689678,0.0,0.0168645,"[{""amount"": 2.1791141903812, ""rate"": 0.012407254804442167}, {""amount"": 1.4067476421205123, ""rate"": 0.012407254804442167}, {""amount"": 1.6948711490064499, ""rate"": 0.012407254804442167}]","[""W_347"", ""W_221"", ""W_1665""]",0,56.8809,28.3352,0.0,1.42993,0.0,3.0,0.0,88.5399,43.7068,0.0753733
89,171531979,C_0,89.3584,4.43474,170.723,5.0167,-1.05206,0.5,0.5,1.71269,0.142993,0.0655194,0.0,0.0161062,"[{""amount"": 2.07015848086214, ""rate"": 0.012407254804442167}, {""amount"": 1.3364102600144867, ""rate"": 0.012407254804442167}, {""amount"": 1.6101275915561273, ""rate"": 0.012407254804442167}]","[""W_1665""]",0,56.8508,16.4198,0.0,0.142993,0.0,1.0,0.0,86.3816,19.3175,0.00754927
90,748266364,C_0,85.0453,4.43474,164.452,4.76586,-6.44909,2.0,0.0,0.0,2.00572,0.0622434,0.0114416,0.0153422,"[{""amount"": 1.9666505568190331, ""rate"": 0.012407254804442167}, {""amount"": 1.2695897470137623, ""rate"": 0.012407254804442167}, {""amount"": 1.5296212119783208, ""rate"": 0.012407254804442167}]","[""W_1665"", ""W_2579"", ""W_1455"", ""W_1000""]",0,56.7307,11.5323,0.0,2.00572,0.0,4.0,0.0,84.173,19.3175,0.105947
