step_no,step_id,kf_id,liquidity,price,equity,debt,profit,production,sales,inventory,queue,expected_demand,intresses,loans,labour_demand,staff,first_step,lmbda,wage_bill
1,400954709,K_22,10.4934,2.41116,10.6167,0.0,0.616735,1.5,1.5,0.0,0.0,3.0,0.0,[],0.0,"[""W_2247"", ""W_1953"", ""W_2700""]",0,0.0,3.0,3.0
2,135592660,K_22,10.0482,2.62268,10.0482,0.0,-0.453298,1.0,0.592846,0.399011,0.0,3.0,0.0,[],0.0,"[""W_2247"", ""W_1953""]",0,0.0,2.0,1.5
3,203844509,K_22,8.04823,2.56223,8.04823,0.0,-2.02798,1.0,0.0,1.37103,0.0,3.0,0.0,[],0.0,"[""W_2247"", ""W_1953""]",0,0.0,2.0,1.5
4,984745286,K_22,8.04823,2.56223,8.04823,0.0,-0.0274206,0.0,0.0,1.34361,0.0,3.0,0.0,[],0.0,[],0,0.0,0.0,0.0
5,557531933,K_22,8.04823,2.56223,8.04823,0.0,-0.0268722,0.0,0.0,1.31674,0.0,3.0,0.0,[],0.0,[],0,0.0,0.0,0.0
6,422288162,K_22,8.04823,2.34613,8.04823,0.0,-0.0263348,0.0,0.0,1.2904,0.0,3.0,0.0,[],0.0,[],0,0.0,0.0,0.0
7,501180593,K_22,8.04823,2.34613,8.04823,0.0,-0.0258081,0.0,0.0,1.2646,0.0,3.0,0.0,[],0.0,[],0,0.0,0.0,0.0
8,743005746,K_22,8.04823,2.34613,8.04823,0.0,-0.0252919,0.0,0.0,1.2393,0.0,3.0,0.0,[],0.0,[],0,0.0,0.0,0.0
9,478657754,K_22,10.2451,2.21581,10.7943,0.0,2.74605,0.0,1.2393,0.0,0.0,3.0,0.0,[],0.0,[],0,0.0,0.0,0.0
10,445544529,K_22,10.2451,2.31162,10.2451,0.0,0.0,0.0,0.0,0.0,0.0,3.0,0.0,[],0.0,[],0,0.0,0.0,0.0
11,360703136,K_22,10.2451,2.31162,10.2451,0.0,0.0,0.0,0.0,0.0,0.0,3.0,0.0,[],0.0,[],0,0.0,0.0,0.0
12,455952187,K_22,10.2451,2.31162,10.2451,0.0,0.0,0.0,0.0,0.0,0.0,3.0,0.0,[],0.0,[],0,0.0,0.0,0.0
13,654413844,K_22,10.2451,2.31162,10.2451,0.0,0.0,0.0,0.0,0.0,0.0,3.0,0.0,[],0.0,[],0,0.0,0.0,0.0
14,852112391,K_22,10.2451,2.31162,10.2451,0.0,0.0,0.0,0.0,0.0,0.0,3.0,0.0,[],0.0,[],0,0.0,0.0,0.0
15,80917739,K_22,10.2451,2.31162,10.2451,0.0,0.0,0.0,0.0,0.0,0.0,3.0,0.0,[],0.0,[],0,0.0,0.0,0.0
16,28128550,K_22,10.2451,2.31162,10.2451,0.0,0.0,0.0,0.0,0.0,0.0,3.0,0.0,[],0.0,[],0,0.0,0.0,0.0
17,209147747,K_22,10.2451,2.31162,10.2451,0.0,0.0,0.0,0.0,0.0,0.0,3.0,0.0,[],0.0,[],0,0.0,0.0,0.0
18,265056867,K_22,10.2451,2.31162,10.2451,0.0,0.0,0.0,0.0,0.0,0.0,3.0,0.0,[],0.0,[],0,0.0,0.0,0.0
19,291677187,K_22,10.2451,2.31162,10.2451,0.0,0.0,0.0,0.0,0.0,0.0,3.0,0.0,[],0.0,[],0,0.0,0.0,0.0
20,325051742,K_22,10.2451,2.31162,10.2451,0.0,0.0,0.0,0.0,0.0,0.0,3.0,0.0,[],0.0,[],0,0.0,0.0,0.0
21,208126863,K_22,10.2451,2.31162,10.2451,0.0,0.0,0.0,0.0,0.0,0.0,3.0,0.0,[],0.0,[],0,0.0,0.0,0.0
22,471162208,K_22,10.2451,2.31162,10.2451,0.0,0.0,0.0,0.0,0.0,0.0,3.0,0.0,[],0.0,[],0,0.0,0.0,0.0
23,28361582,K_22,10.2451,2.31162,10.2451,0.0,0.0,0.0,0.0,0.0,0.0,3.0,0.0,[],0.0,[],0,0.0,0.0,0.0
24,658872347,K_22,10.2451,2.31162,10.2451,0.0,0.0,0.0,0.0,0.0,0.0,3.0,0.0,[],0.0,[],0,0.0,0.0,0.0
25,461969408,K_22,10.2451,2.31162,10.2451,0.0,0.0,0.0,0.0,0.0,0.0,3.0,0.0,[],0.0,[],0,0.0,0.0,0.0
26,793238008,K_22,10.2451,2.31162,10.2451,0.0,0.0,0.0,0.0,0.0,0.0,3.0,0.0,[],0.0,[],0,0.0,0.0,0.0
27,433543187,K_22,10.2451,2.31162,10.2451,0.0,0.0,0.0,0.0,0.0,0.0,3.0,0.0,[],0.0,[],0,0.0,0.0,0.0
28,805568851,K_22,10.2451,2.31162,10.2451,0.0,0.0,0.0,0.0,0.0,0.0,3.0,0.0,[],0.0,[],0,0.0,0.0,0.0
29,533597929,K_22,10.2451,2.31162,10.2451,0.0,0.0,0.0,0.0,0.0,0.0,3.0,0.0,[],0.0,[],0,0.0,0.0,0.0
30,265054587,K_22,10.2451,2.31162,10.2451,0.0,0.0,0.0,0.0,0.0,0.0,3.0,0.0,[],0.0,[],0,0.0,0.0,0.0
31,857876515,K_22,10.2451,2.31162,10.2451,0.0,0.0,0.0,0.0,0.0,0.0,3.0,0.0,[],0.0,[],0,0.0,0.0,0.0
32,690852643,K_22,10.2451,2.31162,10.2451,0.0,0.0,0.0,0.0,0.0,0.0,3.0,0.0,[],0.0,[],0,0.0,0.0,0.0
33,373830058,K_22,10.2451,2.31162,10.2451,0.0,0.0,0.0,0.0,0.0,0.0,3.0,0.0,[],0.0,[],0,0.0,0.0,0.0
34,219626926,K_22,10.2451,2.31162,10.2451,0.0,0.0,0.0,0.0,0.0,0.0,3.0,0.0,[],0.0,[],0,0.0,0.0,0.0
35,874850043,K_22,10.2451,2.31162,10.2451,0.0,0.0,0.0,0.0,0.0,0.0,3.0,0.0,[],0.0,[],0,0.0,0.0,0.0
36,728092613,K_22,10.2451,2.31162,10.2451,0.0,0.0,0.0,0.0,0.0,0.0,3.0,0.0,[],0.0,[],0,0.0,0.0,0.0
37,36825142,K_22,10.2451,2.31162,10.2451,0.0,0.0,0.0,0.0,0.0,0.0,3.0,0.0,[],0.0,[],0,0.0,0.0,0.0
38,78219980,K_22,10.2451,2.31162,10.2451,0.0,0.0,0.0,0.0,0.0,0.0,3.0,0.0,[],0.0,[],0,0.0,0.0,0.0
39,471118844,K_22,10.2451,2.31162,10.2451,0.0,0.0,0.0,0.0,0.0,0.0,3.0,0.0,[],0.0,[],0,0.0,0.0,0.0
40,213421224,K_22,10.2451,2.31162,10.2451,0.0,0.0,0.0,0.0,0.0,0.0,3.0,0.0,[],0.0,[],0,0.0,0.0,0.0
41,640823032,K_22,10.2451,2.31162,10.2451,0.0,0.0,0.0,0.0,0.0,0.0,3.0,0.0,[],0.0,[],0,0.0,0.0,0.0
42,386102551,K_22,10.2451,2.31162,10.2451,0.0,0.0,0.0,0.0,0.0,0.0,3.0,0.0,[],0.0,[],0,0.0,0.0,0.0
43,542714803,K_22,10.2451,2.31162,10.2451,0.0,0.0,0.0,0.0,0.0,0.0,3.0,0.0,[],0.0,[],0,0.0,0.0,0.0
44,922676587,K_22,10.2451,2.31162,10.2451,0.0,0.0,0.0,0.0,0.0,0.0,3.0,0.0,[],0.0,[],0,0.0,0.0,0.0
45,920598662,K_22,10.2451,2.31162,10.2451,0.0,0.0,0.0,0.0,0.0,0.0,3.0,0.0,[],0.0,[],0,0.0,0.0,0.0
46,79892625,K_22,10.2451,2.31162,10.2451,0.0,0.0,0.0,0.0,0.0,0.0,3.0,0.0,[],0.0,[],0,0.0,0.0,0.0
47,237567280,K_22,10.2451,2.31162,10.2451,0.0,0.0,0.0,0.0,0.0,0.0,3.0,0.0,[],0.0,[],0,0.0,0.0,0.0
48,355362818,K_22,10.2451,2.31162,10.2451,0.0,0.0,0.0,0.0,0.0,0.0,3.0,0.0,[],0.0,[],0,0.0,0.0,0.0
49,388714211,K_22,10.2451,2.31162,10.2451,0.0,0.0,0.0,0.0,0.0,0.0,3.0,0.0,[],0.0,[],0,0.0,0.0,0.0
50,8495870,K_22,10.2451,2.31162,10.2451,0.0,0.0,0.0,0.0,0.0,0.0,3.0,0.0,[],0.0,[],0,0.0,0.0,0.0
51,51343626,K_22,10.2451,2.31162,10.2451,0.0,0.0,0.0,0.0,0.0,0.0,3.0,0.0,[],0.0,[],0,0.0,0.0,0.0
52,17886305,K_22,10.2451,2.31162,10.2451,0.0,0.0,0.0,0.0,0.0,0.0,3.0,0.0,[],0.0,[],0,0.0,0.0,0.0
53,204461463,K_22,10.2451,2.31162,10.2451,0.0,0.0,0.0,0.0,0.0,0.0,3.0,0.0,[],0.0,[],0,0.0,0.0,0.0
54,154477328,K_22,10.2451,2.31162,10.2451,0.0,0.0,0.0,0.0,0.0,0.0,3.0,0.0,[],0.0,[],0,0.0,0.0,0.0
55,435471632,K_22,10.2451,2.31162,10.2451,0.0,0.0,0.0,0.0,0.0,0.0,3.0,0.0,[],0.0,[],0,0.0,0.0,0.0
56,651188019,K_22,10.2451,2.31162,10.2451,0.0,0.0,0.0,0.0,0.0,0.0,3.0,0.0,[],0.0,[],0,0.0,0.0,0.0
57,542089323,K_22,10.2451,2.31162,10.2451,0.0,0.0,0.0,0.0,0.0,0.0,3.0,0.0,[],0.0,[],0,0.0,0.0,0.0
58,61980175,K_22,10.2451,2.31162,10.2451,0.0,0.0,0.0,0.0,0.0,0.0,3.0,0.0,[],0.0,[],0,0.0,0.0,0.0
59,990371475,K_22,10.2451,2.31162,10.2451,0.0,0.0,0.0,0.0,0.0,0.0,3.0,0.0,[],0.0,[],0,0.0,0.0,0.0
60,920646382,K_22,10.2451,2.31162,10.2451,0.0,0.0,0.0,0.0,0.0,0.0,3.0,0.0,[],0.0,[],0,0.0,0.0,0.0
61,523956167,K_22,10.2451,2.31162,10.2451,0.0,0.0,0.0,0.0,0.0,0.0,3.0,0.0,[],0.0,[],0,0.0,0.0,0.0
62,793383088,K_22,10.2451,2.31162,10.2451,0.0,0.0,0.0,0.0,0.0,0.0,3.0,0.0,[],0.0,[],0,0.0,0.0,0.0
63,742725164,K_22,10.2451,2.31162,10.2451,0.0,0.0,0.0,0.0,0.0,0.0,3.0,0.0,[],0.0,[],0,0.0,0.0,0.0
64,552207879,K_22,10.2451,2.31162,10.2451,0.0,0.0,0.0,0.0,0.0,0.0,3.0,0.0,[],0.0,[],0,0.0,0.0,0.0
65,334567280,K_22,10.2451,2.31162,10.2451,0.0,0.0,0.0,0.0,0.0,0.0,3.0,0.0,[],0.0,[],0,0.0,0.0,0.0
66,263940858,K_22,10.2451,2.31162,10.2451,0.0,0.0,0.0,0.0,0.0,0.0,3.0,0.0,[],0.0,[],0,0.0,0.0,0.0
67,679739480,K_22,10.2451,2.31162,10.2451,0.0,0.0,0.0,0.0,0.0,0.0,3.0,0.0,[],0.0,[],0,0.0,0.0,0.0
68,887720398,K_22,10.2451,2.31162,10.2451,0.0,0.0,0.0,0.0,0.0,0.0,3.0,0.0,[],0.0,[],0,0.0,0.0,0.0
69,724475560,K_22,10.2451,2.31162,10.2451,0.0,0.0,0.0,0.0,0.0,0.0,3.0,0.0,[],0.0,[],0,0.0,0.0,0.0
70,837857632,K_22,10.2451,2.31162,10.2451,0.0,0.0,0.0,0.0,0.0,0.0,3.0,0.0,[],0.0,[],0,0.0,0.0,0.0
71,112268002,K_22,10.2451,2.31162,10.2451,0.0,0.0,0.0,0.0,0.0,0.0,3.0,0.0,[],0.0,[],0,0.0,0.0,0.0
72,362887144,K_22,10.2451,2.31162,10.2451,0.0,0.0,0.0,0.0,0.0,0.0,3.0,0.0,[],0.0,[],0,0.0,0.0,0.0
73,579865263,K_22,10.2451,2.31162,10.2451,0.0,0.0,0.0,0.0,0.0,0.0,3.0,0.0,[],0.0,[],0,0.0,0.0,0.0
74,262699636,K_22,10.2451,2.31162,10.2451,0.0,0.0,0.0,0.0,0.0,0.0,3.0,0.0,[],0.0,[],0,0.0,0.0,0.0
75,360873111,K_22,10.2451,2.31162,10.2451,0.0,0.0,0.0,0.0,0.0,0.0,3.0,0.0,[],0.0,[],0,0.0,0.0,0.0
76,133123200,K_22,10.2451,2.31162,10.2451,0.0,0.0,0.0,0.0,0.0,0.0,3.0,0.0,[],0.0,[],0,0.0,0.0,0.0
77,328174574,K_22,10.2451,2.31162,10.2451,0.0,0.0,0.0,0.0,0.0,0.0,3.0,0.0,[],0.0,[],0,0.0,0.0,0.0
78,14169519,K_22,10.2451,2.31162,10.2451,0.0,0.0,0.0,0.0,0.0,0.0,3.0,0.0,[],0.0,[],0,0.0,0.0,0.0
79,180816851,K_22,10.2451,2.31162,10.2451,0.0,0.0,0.0,0.0,0.0,0.0,3.0,0.0,[],0.0,[],0,0.0,0.0,0.0
80,895209974,K_22,10.2451,2.31162,10.2451,0.0,0.0,0.0,0.0,0.0,0.0,3.0,0.0,[],0.0,[],0,0.0,0.0,0.0
81,401755699,K_22,10.2451,2.31162,10.2451,0.0,0.0,0.0,0.0,0.0,0.0,3.0,0.0,[],0.0,[],0,0.0,0.0,0.0
82,1860248,K_22,10.2451,2.31162,10.2451,0.0,0.0,0.0,0.0,0.0,0.0,3.0,0.0,[],0.0,[],0,0.0,0.0,0.0
83,872146885,K_22,10.2451,2.31162,10.2451,0.0,0.0,0.0,0.0,0.0,0.0,3.0,0.0,[],0.0,[],0,0.0,0.0,0.0
84,702662348,K_22,10.2451,2.31162,10.2451,0.0,0.0,0.0,0.0,0.0,0.0,3.0,0.0,[],0.0,[],0,0.0,0.0,0.0
85,206595250,K_22,10.2451,2.31162,10.2451,0.0,0.0,0.0,0.0,0.0,0.0,3.0,0.0,[],0.0,[],0,0.0,0.0,0.0
86,99062139,K_22,10.2451,2.31162,10.2451,0.0,0.0,0.0,0.0,0.0,0.0,3.0,0.0,[],0.0,[],0,0.0,0.0,0.0
87,849343361,K_22,10.2451,2.31162,10.2451,0.0,0.0,0.0,0.0,0.0,0.0,3.0,0.0,[],0.0,[],0,0.0,0.0,0.0
88,424926577,K_22,10.2451,2.31162,10.2451,0.0,0.0,0.0,0.0,0.0,0.0,3.0,0.0,[],0.0,[],0,0.0,0.0,0.0
89,189523555,K_22,10.2451,2.31162,10.2451,0.0,0.0,0.0,0.0,0.0,0.0,3.0,0.0,[],0.0,[],0,0.0,0.0,0.0
90,154656691,K_22,10.2451,2.31162,10.2451,0.0,0.0,0.0,0.0,0.0,0.0,3.0,0.0,[],0.0,[],0,0.0,0.0,0.0
91,360443110,K_22,10.2451,2.31162,10.2451,0.0,0.0,0.0,0.0,0.0,0.0,3.0,0.0,[],0.0,[],0,0.0,0.0,0.0
92,449472625,K_22,10.2451,2.31162,10.2451,0.0,0.0,0.0,0.0,0.0,0.0,3.0,0.0,[],0.0,[],0,0.0,0.0,0.0
93,390946564,K_22,10.2451,2.31162,10.2451,0.0,0.0,0.0,0.0,0.0,0.0,3.0,0.0,[],0.0,[],0,0.0,0.0,0.0
94,462691767,K_22,10.2451,2.31162,10.2451,0.0,0.0,0.0,0.0,0.0,0.0,3.0,0.0,[],0.0,[],0,0.0,0.0,0.0
95,742482715,K_22,10.2451,2.31162,10.2451,0.0,0.0,0.0,0.0,0.0,0.0,3.0,0.0,[],0.0,[],0,0.0,0.0,0.0
96,669721707,K_22,10.2451,2.31162,10.2451,0.0,0.0,0.0,0.0,0.0,0.0,3.0,0.0,[],0.0,[],0,0.0,0.0,0.0
97,376952720,K_22,10.2451,2.31162,10.2451,0.0,0.0,0.0,0.0,0.0,0.0,3.0,0.0,[],0.0,[],0,0.0,0.0,0.0
98,389930436,K_22,10.2451,2.31162,10.2451,0.0,0.0,0.0,0.0,0.0,0.0,3.0,0.0,[],0.0,[],0,0.0,0.0,0.0
99,282741821,K_22,10.2451,2.31162,10.2451,0.0,0.0,0.0,0.0,0.0,0.0,3.0,0.0,[],0.0,[],0,0.0,0.0,0.0
100,226110470,K_22,10.2451,2.31162,10.2451,0.0,0.0,0.0,0.0,0.0,0.0,3.0,0.0,[],0.0,[],0,0.0,0.0,0.0
101,729182677,K_22,10.2451,2.31162,10.2451,0.0,0.0,0.0,0.0,0.0,0.0,3.0,0.0,[],0.0,[],0,0.0,0.0,0.0
102,868520490,K_22,10.2451,2.31162,10.2451,0.0,0.0,0.0,0.0,0.0,0.0,3.0,0.0,[],0.0,[],0,0.0,0.0,0.0
103,423410168,K_22,10.2451,2.31162,10.2451,0.0,0.0,0.0,0.0,0.0,0.0,3.0,0.0,[],0.0,[],0,0.0,0.0,0.0
104,190178738,K_22,10.2451,2.31162,10.2451,0.0,0.0,0.0,0.0,0.0,0.0,3.0,0.0,[],0.0,[],0,0.0,0.0,0.0
105,84420991,K_22,10.2451,2.31162,10.2451,0.0,0.0,0.0,0.0,0.0,0.0,3.0,0.0,[],0.0,[],0,0.0,0.0,0.0
106,118263781,K_22,10.2451,2.31162,10.2451,0.0,0.0,0.0,0.0,0.0,0.0,3.0,0.0,[],0.0,[],0,0.0,0.0,0.0
107,502289959,K_22,10.2451,2.31162,10.2451,0.0,0.0,0.0,0.0,0.0,0.0,3.0,0.0,[],0.0,[],0,0.0,0.0,0.0
108,980296050,K_22,10.2451,2.31162,10.2451,0.0,0.0,0.0,0.0,0.0,0.0,3.0,0.0,[],0.0,[],0,0.0,0.0,0.0
109,557354437,K_22,10.2451,2.31162,10.2451,0.0,0.0,0.0,0.0,0.0,0.0,3.0,0.0,[],0.0,[],0,0.0,0.0,0.0
110,2871440,K_22,10.2451,2.31162,10.2451,0.0,0.0,0.0,0.0,0.0,0.0,3.0,0.0,[],0.0,[],0,0.0,0.0,0.0
111,248808738,K_22,10.2451,2.31162,10.2451,0.0,0.0,0.0,0.0,0.0,0.0,3.0,0.0,[],0.0,[],0,0.0,0.0,0.0
112,475211981,K_22,10.2451,2.31162,10.2451,0.0,0.0,0.0,0.0,0.0,0.0,3.0,0.0,[],0.0,[],0,0.0,0.0,0.0
113,30616203,K_22,10.2451,2.31162,10.2451,0.0,0.0,0.0,0.0,0.0,0.0,3.0,0.0,[],0.0,[],0,0.0,0.0,0.0
114,226123884,K_22,10.2451,2.31162,10.2451,0.0,0.0,0.0,0.0,0.0,0.0,3.0,0.0,[],0.0,[],0,0.0,0.0,0.0
115,491893025,K_22,10.2451,2.31162,10.2451,0.0,0.0,0.0,0.0,0.0,0.0,3.0,0.0,[],0.0,[],0,0.0,0.0,0.0
116,741309757,K_22,10.2451,2.31162,10.2451,0.0,0.0,0.0,0.0,0.0,0.0,3.0,0.0,[],0.0,[],0,0.0,0.0,0.0
117,802034331,K_22,10.2451,2.31162,10.2451,0.0,0.0,0.0,0.0,0.0,0.0,3.0,0.0,[],0.0,[],0,0.0,0.0,0.0
118,599640775,K_22,10.2451,2.31162,10.2451,0.0,0.0,0.0,0.0,0.0,0.0,3.0,0.0,[],0.0,[],0,0.0,0.0,0.0
119,9514511,K_22,10.2451,2.31162,10.2451,0.0,0.0,0.0,0.0,0.0,0.0,3.0,0.0,[],0.0,[],0,0.0,0.0,0.0
120,561127416,K_22,10.2451,2.31162,10.2451,0.0,0.0,0.0,0.0,0.0,0.0,3.0,0.0,[],0.0,[],0,0.0,0.0,0.0
121,504074205,K_22,10.2451,2.31162,10.2451,0.0,0.0,0.0,0.0,0.0,0.0,3.0,0.0,[],0.0,[],0,0.0,0.0,0.0
122,351092290,K_22,10.2451,2.31162,10.2451,0.0,0.0,0.0,0.0,0.0,0.0,3.0,0.0,[],0.0,[],0,0.0,0.0,0.0
123,509552002,K_22,10.2451,2.31162,10.2451,0.0,0.0,0.0,0.0,0.0,0.0,3.0,0.0,[],0.0,[],0,0.0,0.0,0.0
124,174930668,K_22,10.2451,2.31162,10.2451,0.0,0.0,0.0,0.0,0.0,0.0,3.0,0.0,[],0.0,[],0,0.0,0.0,0.0
125,643940331,K_22,10.2451,2.31162,10.2451,0.0,0.0,0.0,0.0,0.0,0.0,3.0,0.0,[],0.0,[],0,0.0,0.0,0.0
126,207488697,K_22,10.2451,2.31162,10.2451,0.0,0.0,0.0,0.0,0.0,0.0,3.0,0.0,[],0.0,[],0,0.0,0.0,0.0
127,713276977,K_22,10.2451,2.31162,10.2451,0.0,0.0,0.0,0.0,0.0,0.0,3.0,0.0,[],0.0,[],0,0.0,0.0,0.0
128,735996307,K_22,10.2451,2.31162,10.2451,0.0,0.0,0.0,0.0,0.0,0.0,3.0,0.0,[],0.0,[],0,0.0,0.0,0.0
129,1532549,K_22,10.2451,2.31162,10.2451,0.0,0.0,0.0,0.0,0.0,0.0,3.0,0.0,[],0.0,[],0,0.0,0.0,0.0
130,639898081,K_22,10.2451,2.31162,10.2451,0.0,0.0,0.0,0.0,0.0,0.0,3.0,0.0,[],0.0,[],0,0.0,0.0,0.0
131,38495968,K_22,10.2451,2.31162,10.2451,0.0,0.0,0.0,0.0,0.0,0.0,3.0,0.0,[],0.0,[],0,0.0,0.0,0.0
132,5315931,K_22,10.2451,2.31162,10.2451,0.0,0.0,0.0,0.0,0.0,0.0,3.0,0.0,[],0.0,[],0,0.0,0.0,0.0
133,682216154,K_22,10.2451,2.31162,10.2451,0.0,0.0,0.0,0.0,0.0,0.0,3.0,0.0,[],0.0,[],0,0.0,0.0,0.0
134,998034501,K_22,10.2451,2.31162,10.2451,0.0,0.0,0.0,0.0,0.0,0.0,3.0,0.0,[],0.0,[],0,0.0,0.0,0.0
135,370487492,K_22,10.2451,2.31162,10.2451,0.0,0.0,0.0,0.0,0.0,0.0,3.0,0.0,[],0.0,[],0,0.0,0.0,0.0
136,994431078,K_22,10.2451,2.31162,10.2451,0.0,0.0,0.0,0.0,0.0,0.0,3.0,0.0,[],0.0,[],0,0.0,0.0,0.0
137,216568058,K_22,10.2451,2.31162,10.2451,0.0,0.0,0.0,0.0,0.0,0.0,3.0,0.0,[],0.0,[],0,0.0,0.0,0.0
138,229119222,K_22,10.2451,2.31162,10.2451,0.0,0.0,0.0,0.0,0.0,0.0,3.0,0.0,[],0.0,[],0,0.0,0.0,0.0
139,622901714,K_22,10.2451,2.31162,10.2451,0.0,0.0,0.0,0.0,0.0,0.0,3.0,0.0,[],0.0,[],0,0.0,0.0,0.0
140,673728859,K_22,10.2451,2.31162,10.2451,0.0,0.0,0.0,0.0,0.0,0.0,3.0,0.0,[],0.0,[],0,0.0,0.0,0.0
141,350998963,K_22,10.2451,2.31162,10.2451,0.0,0.0,0.0,0.0,0.0,0.0,3.0,0.0,[],0.0,[],0,0.0,0.0,0.0
142,315036020,K_22,10.2451,2.31162,10.2451,0.0,0.0,0.0,0.0,0.0,0.0,3.0,0.0,[],0.0,[],0,0.0,0.0,0.0
143,322791071,K_22,10.2451,2.31162,10.2451,0.0,0.0,0.0,0.0,0.0,0.0,3.0,0.0,[],0.0,[],0,0.0,0.0,0.0
144,248285306,K_22,10.2451,2.31162,10.2451,0.0,0.0,0.0,0.0,0.0,0.0,3.0,0.0,[],0.0,[],0,0.0,0.0,0.0
145,700244000,K_22,10.2451,2.31162,10.2451,0.0,0.0,0.0,0.0,0.0,0.0,3.0,0.0,[],0.0,[],0,0.0,0.0,0.0
146,736011607,K_22,10.2451,2.31162,10.2451,0.0,0.0,0.0,0.0,0.0,0.0,3.0,0.0,[],0.0,[],0,0.0,0.0,0.0
147,397103576,K_22,10.2451,2.31162,10.2451,0.0,0.0,0.0,0.0,0.0,0.0,3.0,0.0,[],0.0,[],0,0.0,0.0,0.0
148,780048862,K_22,10.2451,2.31162,10.2451,0.0,0.0,0.0,0.0,0.0,0.0,3.0,0.0,[],0.0,[],0,0.0,0.0,0.0
149,632890672,K_22,10.2451,2.31162,10.2451,0.0,0.0,0.0,0.0,0.0,0.0,3.0,0.0,[],0.0,[],0,0.0,0.0,0.0
150,260262589,K_22,10.2451,2.31162,10.2451,0.0,0.0,0.0,0.0,0.0,0.0,3.0,0.0,[],0.0,[],0,0.0,0.0,0.0
151,194204191,K_22,10.2451,2.31162,10.2451,0.0,0.0,0.0,0.0,0.0,0.0,3.0,0.0,[],0.0,[],0,0.0,0.0,0.0
152,15043979,K_22,10.2451,2.31162,10.2451,0.0,0.0,0.0,0.0,0.0,0.0,3.0,0.0,[],0.0,[],0,0.0,0.0,0.0
153,727160535,K_22,10.2451,2.31162,10.2451,0.0,0.0,0.0,0.0,0.0,0.0,3.0,0.0,[],0.0,[],0,0.0,0.0,0.0
154,230949940,K_22,10.2451,2.31162,10.2451,0.0,0.0,0.0,0.0,0.0,0.0,3.0,0.0,[],0.0,[],0,0.0,0.0,0.0
155,283750608,K_22,10.2451,2.31162,10.2451,0.0,0.0,0.0,0.0,0.0,0.0,3.0,0.0,[],0.0,[],0,0.0,0.0,0.0
156,316584451,K_22,10.2451,2.31162,10.2451,0.0,0.0,0.0,0.0,0.0,0.0,3.0,0.0,[],0.0,[],0,0.0,0.0,0.0
157,723264379,K_22,10.2451,2.31162,10.2451,0.0,0.0,0.0,0.0,0.0,0.0,3.0,0.0,[],0.0,[],0,0.0,0.0,0.0
158,347290048,K_22,10.2451,2.31162,10.2451,0.0,0.0,0.0,0.0,0.0,0.0,3.0,0.0,[],0.0,[],0,0.0,0.0,0.0
159,541026187,K_22,10.2451,2.31162,10.2451,0.0,0.0,0.0,0.0,0.0,0.0,3.0,0.0,[],0.0,[],0,0.0,0.0,0.0
160,553197704,K_22,10.2451,2.31162,10.2451,0.0,0.0,0.0,0.0,0.0,0.0,3.0,0.0,[],0.0,[],0,0.0,0.0,0.0
161,640285800,K_22,10.2451,2.31162,10.2451,0.0,0.0,0.0,0.0,0.0,0.0,3.0,0.0,[],0.0,[],0,0.0,0.0,0.0
162,607381263,K_22,10.2451,2.31162,10.2451,0.0,0.0,0.0,0.0,0.0,0.0,3.0,0.0,[],0.0,[],0,0.0,0.0,0.0
163,615793486,K_22,10.2451,2.31162,10.2451,0.0,0.0,0.0,0.0,0.0,0.0,3.0,0.0,[],0.0,[],0,0.0,0.0,0.0
164,6330168,K_22,10.2451,2.31162,10.2451,0.0,0.0,0.0,0.0,0.0,0.0,3.0,0.0,[],0.0,[],0,0.0,0.0,0.0
165,353611801,K_22,10.2451,2.31162,10.2451,0.0,0.0,0.0,0.0,0.0,0.0,3.0,0.0,[],0.0,[],0,0.0,0.0,0.0
166,942166963,K_22,10.2451,2.31162,10.2451,0.0,0.0,0.0,0.0,0.0,0.0,3.0,0.0,[],0.0,[],0,0.0,0.0,0.0
167,220059707,K_22,10.2451,2.31162,10.2451,0.0,0.0,0.0,0.0,0.0,0.0,3.0,0.0,[],0.0,[],0,0.0,0.0,0.0
168,681141365,K_22,10.2451,2.31162,10.2451,0.0,0.0,0.0,0.0,0.0,0.0,3.0,0.0,[],0.0,[],0,0.0,0.0,0.0
169,190539735,K_22,10.2451,2.31162,10.2451,0.0,0.0,0.0,0.0,0.0,0.0,3.0,0.0,[],0.0,[],0,0.0,0.0,0.0
170,339266559,K_22,10.2451,2.31162,10.2451,0.0,0.0,0.0,0.0,0.0,0.0,3.0,0.0,[],0.0,[],0,0.0,0.0,0.0
171,3251310,K_22,10.2451,2.31162,10.2451,0.0,0.0,0.0,0.0,0.0,0.0,3.0,0.0,[],0.0,[],0,0.0,0.0,0.0
172,684851350,K_22,10.2451,2.31162,10.2451,0.0,0.0,0.0,0.0,0.0,0.0,3.0,0.0,[],0.0,[],0,0.0,0.0,0.0
173,126677369,K_22,10.2451,2.31162,10.2451,0.0,0.0,0.0,0.0,0.0,0.0,3.0,0.0,[],0.0,[],0,0.0,0.0,0.0
174,79924410,K_22,10.2451,2.31162,10.2451,0.0,0.0,0.0,0.0,0.0,0.0,3.0,0.0,[],0.0,[],0,0.0,0.0,0.0
175,860779089,K_22,10.2451,2.31162,10.2451,0.0,0.0,0.0,0.0,0.0,0.0,3.0,0.0,[],0.0,[],0,0.0,0.0,0.0
176,861433943,K_22,10.2451,2.31162,10.2451,0.0,0.0,0.0,0.0,0.0,0.0,3.0,0.0,[],0.0,[],0,0.0,0.0,0.0
177,607927448,K_22,10.2451,2.31162,10.2451,0.0,0.0,0.0,0.0,0.0,0.0,3.0,0.0,[],0.0,[],0,0.0,0.0,0.0
178,813756669,K_22,10.2451,2.31162,10.2451,0.0,0.0,0.0,0.0,0.0,0.0,3.0,0.0,[],0.0,[],0,0.0,0.0,0.0
179,896961462,K_22,10.2451,2.31162,10.2451,0.0,0.0,0.0,0.0,0.0,0.0,3.0,0.0,[],0.0,[],0,0.0,0.0,0.0
180,519370494,K_22,10.2451,2.31162,10.2451,0.0,0.0,0.0,0.0,0.0,0.0,3.0,0.0,[],0.0,[],0,0.0,0.0,0.0
181,813814038,K_22,10.2451,2.31162,10.2451,0.0,0.0,0.0,0.0,0.0,0.0,3.0,0.0,[],0.0,[],0,0.0,0.0,0.0
182,16960388,K_22,10.2451,2.31162,10.2451,0.0,0.0,0.0,0.0,0.0,0.0,3.0,0.0,[],0.0,[],0,0.0,0.0,0.0
183,304444542,K_22,10.2451,2.31162,10.2451,0.0,0.0,0.0,0.0,0.0,0.0,3.0,0.0,[],0.0,[],0,0.0,0.0,0.0
184,990745779,K_22,10.2451,2.31162,10.2451,0.0,0.0,0.0,0.0,0.0,0.0,3.0,0.0,[],0.0,[],0,0.0,0.0,0.0
185,867608750,K_22,10.2451,2.31162,10.2451,0.0,0.0,0.0,0.0,0.0,0.0,3.0,0.0,[],0.0,[],0,0.0,0.0,0.0
186,539875647,K_22,10.2451,2.31162,10.2451,0.0,0.0,0.0,0.0,0.0,0.0,3.0,0.0,[],0.0,[],0,0.0,0.0,0.0
187,540937733,K_22,10.2451,2.31162,10.2451,0.0,0.0,0.0,0.0,0.0,0.0,3.0,0.0,[],0.0,[],0,0.0,0.0,0.0
188,445685497,K_22,10.2451,2.31162,10.2451,0.0,0.0,0.0,0.0,0.0,0.0,3.0,0.0,[],0.0,[],0,0.0,0.0,0.0
189,600604643,K_22,10.2451,2.31162,10.2451,0.0,0.0,0.0,0.0,0.0,0.0,3.0,0.0,[],0.0,[],0,0.0,0.0,0.0
190,793780040,K_22,10.2451,2.31162,10.2451,0.0,0.0,0.0,0.0,0.0,0.0,3.0,0.0,[],0.0,[],0,0.0,0.0,0.0
191,414521561,K_22,10.2451,2.31162,10.2451,0.0,0.0,0.0,0.0,0.0,0.0,3.0,0.0,[],0.0,[],0,0.0,0.0,0.0
192,769917723,K_22,10.2451,2.31162,10.2451,0.0,0.0,0.0,0.0,0.0,0.0247306,3.0,0.0,[],0.0,[],0,0.0,0.0,0.0
193,945826549,K_22,10.2451,2.31162,10.2451,0.0,0.0,0.0,0.0,0.0,0.0,3.0,0.0,[],0.0222576,[],0,0.0,0.0,0.0222576
194,631219047,K_22,10.2451,2.31162,10.2451,0.0,0.0,0.0,0.0,0.0,0.0,3.0,0.0,[],0.0,[],0,0.0,0.0,0.0
195,332016283,K_22,10.2451,2.31162,10.2451,0.0,0.0,0.0,0.0,0.0,0.0,3.0,0.0,[],0.0,[],0,0.0,0.0,0.0
196,347327172,K_22,10.2451,2.31162,10.2451,0.0,0.0,0.0,0.0,0.0,0.0,3.0,0.0,[],0.0,[],0,0.0,0.0,0.0
197,398379509,K_22,10.2451,2.31162,10.2451,0.0,0.0,0.0,0.0,0.0,0.0,3.0,0.0,[],0.0,[],0,0.0,0.0,0.0
198,106981466,K_22,10.2451,2.31162,10.2451,0.0,0.0,0.0,0.0,0.0,0.0,3.0,0.0,[],0.0,[],0,0.0,0.0,0.0
199,66088209,K_22,10.2451,2.31162,10.2451,0.0,0.0,0.0,0.0,0.0,0.0,3.0,0.0,[],0.0,[],0,0.0,0.0,0.0
200,535703797,K_22,10.2451,2.31162,10.2451,0.0,0.0,0.0,0.0,0.0,0.0,3.0,0.0,[],0.0,[],0,0.0,0.0,0.0
201,938604333,K_22,10.2451,2.31162,10.2451,0.0,0.0,0.0,0.0,0.0,0.0,3.0,0.0,[],0.0,[],0,0.0,0.0,0.0
202,836222086,K_22,10.2451,2.31162,10.2451,0.0,0.0,0.0,0.0,0.0,0.0,3.0,0.0,[],0.0,[],0,0.0,0.0,0.0
203,727816969,K_22,10.2451,2.31162,10.2451,0.0,0.0,0.0,0.0,0.0,0.0,3.0,0.0,[],0.0,[],0,0.0,0.0,0.0
204,399093436,K_22,10.2451,2.31162,10.2451,0.0,0.0,0.0,0.0,0.0,0.0,3.0,0.0,[],0.0,[],0,0.0,0.0,0.0
205,148438058,K_22,10.2451,2.31162,10.2451,0.0,0.0,0.0,0.0,0.0,0.0,3.0,0.0,[],0.0,[],0,0.0,0.0,0.0
206,872034891,K_22,10.2451,2.31162,10.2451,0.0,0.0,0.0,0.0,0.0,0.0,3.0,0.0,[],0.0,[],0,0.0,0.0,0.0
207,662814250,K_22,10.2451,2.31162,10.2451,0.0,0.0,0.0,0.0,0.0,0.0,3.0,0.0,[],0.0,[],0,0.0,0.0,0.0
208,289633636,K_22,10.2451,2.31162,10.2451,0.0,0.0,0.0,0.0,0.0,0.0,3.0,0.0,[],0.0,[],0,0.0,0.0,0.0
209,835607487,K_22,10.2451,2.31162,10.2451,0.0,0.0,0.0,0.0,0.0,0.0,3.0,0.0,[],0.0,[],0,0.0,0.0,0.0
210,813856758,K_22,10.2451,2.34029,10.2451,0.0,0.0,0.0,0.0,0.0,0.0,3.0,0.0,[],0.0,[],0,0.0,0.0,0.0
211,889423741,K_22,10.2451,2.48364,10.2451,0.0,0.0,0.0,0.0,0.0,0.0,3.0,0.0,[],0.0,[],0,0.0,0.0,0.0
212,182664459,K_22,10.2451,2.48364,10.2451,0.0,0.0,0.0,0.0,0.0,0.0,3.0,0.0,[],0.0,[],0,0.0,0.0,0.0
213,133793522,K_22,10.2451,2.48364,10.2451,0.0,0.0,0.0,0.0,0.0,0.0,3.0,0.0,[],0.0,[],0,0.0,0.0,0.0
214,813941203,K_22,10.2451,2.66673,10.2451,0.0,0.0,0.0,0.0,0.0,0.0,3.0,0.0,[],0.0,[],0,0.0,0.0,0.0
215,301553955,K_22,10.2451,2.66673,10.2451,0.0,0.0,0.0,0.0,0.0,0.421732,3.0,0.0,[],0.0,[],0,0.0,0.0,0.0
216,323105729,K_22,10.2451,2.66673,10.2451,0.0,0.0,0.0,0.0,0.0,0.0,3.0,0.0,[],0.379559,[],0,0.0,0.0,0.379559
217,581134746,K_22,10.2451,2.66673,10.2451,0.0,0.0,0.0,0.0,0.0,0.0,3.0,0.0,[],0.0,[],0,0.0,0.0,0.0
218,824380629,K_22,10.2451,2.69084,10.2451,0.0,0.0,0.0,0.0,0.0,0.0,3.0,0.0,[],0.0,[],0,0.0,0.0,0.0
219,283245186,K_22,10.2451,2.87046,10.2451,0.0,0.0,0.0,0.0,0.0,0.0,3.0,0.0,[],0.0,[],0,0.0,0.0,0.0
220,374578327,K_22,10.2451,2.87046,10.2451,0.0,0.0,0.0,0.0,0.0,0.0,3.0,0.0,[],0.0,[],0,0.0,0.0,0.0
221,456541132,K_22,10.2451,2.87046,10.2451,0.0,0.0,0.0,0.0,0.0,0.0,3.0,0.0,[],0.0,[],0,0.0,0.0,0.0
222,153977335,K_22,10.2451,3.0902,10.2451,0.0,0.0,0.0,0.0,0.0,0.114821,3.0,0.0,[],0.0,[],0,0.0,0.0,0.0
223,409182706,K_22,10.2451,3.0902,10.2451,0.0,0.0,0.0,0.0,0.0,0.0,3.0,0.0,[],0.103339,[],0,0.0,0.0,0.103339
224,649309646,K_22,10.2451,3.0902,10.2451,0.0,0.0,0.0,0.0,0.0,0.0,3.0,0.0,[],0.0,[],0,0.0,0.0,0.0
225,911277687,K_22,10.2451,3.09125,10.2451,0.0,0.0,0.0,0.0,0.0,0.0,3.0,0.0,[],0.0,[],0,0.0,0.0,0.0
226,51679550,K_22,10.2451,3.2718,10.2451,0.0,0.0,0.0,0.0,0.0,0.0,3.0,0.0,[],0.0,[],0,0.0,0.0,0.0
227,920702006,K_22,10.2451,3.55997,10.2451,0.0,0.0,0.0,0.0,0.0,0.0,3.0,0.0,[],0.0,[],0,0.0,0.0,0.0
228,697551277,K_22,10.2451,3.55997,10.2451,0.0,0.0,0.0,0.0,0.0,0.0,3.0,0.0,[],0.0,[],0,0.0,0.0,0.0
229,579344090,K_22,10.2451,3.55997,10.2451,0.0,0.0,0.0,0.0,0.0,1.1146,3.0,0.0,[],0.0,[],0,0.0,0.0,0.0
230,652378464,K_22,9.33312,3.55997,9.33312,0.0,-0.921465,0.5,0.0247306,0.465764,0.0,3.0,0.0,[],0.00314415,"[""W_1451""]",0,0.0,1.0,1.00314
231,576581051,K_22,8.33312,3.55997,8.33312,0.0,-1.01932,0.5,0.0,0.946449,0.0,3.0,0.0,[],0.0,"[""W_1451""]",0,0.0,1.0,0.0808124
232,314634270,K_22,10.1678,3.55997,10.6249,0.0,2.28575,0.0,0.64377,0.296625,0.0,3.0,0.0,[],0.0,[],0,0.0,0.0,0.0
233,265644230,K_22,10.1678,3.55997,10.1678,0.0,-0.0059325,0.0,0.0,0.290693,0.0,3.0,0.0,[],0.0,[],0,0.0,0.0,0.0
234,646101935,K_22,10.1678,3.55997,10.1678,0.0,-0.00581385,0.0,0.0,0.284879,0.0,3.0,0.0,[],0.0,[],0,0.0,0.0,0.0
235,936880375,K_22,10.1678,3.55997,10.1678,0.0,-0.00569758,0.0,0.0,0.279181,0.0,3.0,0.0,[],0.0,[],0,0.0,0.0,0.0
236,538501642,K_22,10.1678,3.55997,10.1678,0.0,-0.00558363,0.0,0.0,0.273598,0.0,3.0,0.0,[],0.0,[],0,0.0,0.0,0.0
237,280611632,K_22,10.8956,3.55997,11.0774,0.0,0.909288,0.0,0.255521,0.0177148,0.0,3.0,0.0,[],0.0,[],0,0.0,0.0,0.0
238,517297868,K_22,10.8956,3.55997,10.8956,0.0,-0.000354295,0.0,0.0,0.0173605,0.0,3.0,0.0,[],0.0,[],0,0.0,0.0,0.0
239,404982127,K_22,10.945,3.55997,10.9574,0.0,0.0618027,0.0,0.0173605,0.0,0.0,3.0,0.0,[],0.0,[],0,0.0,0.0,0.0
240,343452566,K_22,10.945,3.58738,10.945,0.0,0.0,0.0,0.0,0.0,0.0,3.0,0.0,[],0.0,[],0,0.0,0.0,0.0
241,645401126,K_22,10.945,3.6023,10.945,0.0,0.0,0.0,0.0,0.0,0.0,3.0,0.0,[],0.0,[],0,0.0,0.0,0.0
242,370481782,K_22,10.945,3.86794,10.945,0.0,0.0,0.0,0.0,0.0,0.0,3.0,0.0,[],0.0,[],0,0.0,0.0,0.0
243,740267629,K_22,10.945,4.20033,10.945,0.0,0.0,0.0,0.0,0.0,0.0,3.0,0.0,[],0.0,[],0,0.0,0.0,0.0
244,644839664,K_22,10.945,4.49219,10.945,0.0,0.0,0.0,0.0,0.0,0.0,3.0,0.0,[],0.0,[],0,0.0,0.0,0.0
245,255766740,K_22,10.945,4.85766,10.945,0.0,0.0,0.0,0.0,0.0,0.0,3.0,0.0,[],0.0,[],0,0.0,0.0,0.0
246,464148512,K_22,10.945,5.06669,10.945,0.0,0.0,0.0,0.0,0.0,0.0,3.0,0.0,[],0.0,[],0,0.0,0.0,0.0
247,655409774,K_22,10.945,5.4527,10.945,0.0,0.0,0.0,0.0,0.0,0.797496,3.0,0.0,[],0.0,[],0,0.0,0.0,0.0
248,377191144,K_22,10.945,5.4527,10.945,0.0,0.0,0.0,0.0,0.0,0.378799,3.0,0.0,[],0.717746,[],0,0.0,0.0,0.717746
249,613867978,K_22,10.945,5.4527,10.945,0.0,0.0,0.0,0.0,0.0,0.645849,3.0,0.0,[],0.340919,[],0,0.0,0.0,0.340919
250,471251945,K_22,10.945,5.4527,10.945,0.0,0.0,0.0,0.0,0.0,0.0,3.0,0.0,[],0.581264,[],0,0.0,0.0,0.581264
251,3675691,K_22,10.945,5.65821,10.945,0.0,0.0,0.0,0.0,0.0,0.136066,3.0,0.0,[],0.0,[],0,0.0,0.0,0.0
252,436074595,K_22,10.945,5.65821,10.945,0.0,0.0,0.0,0.0,0.0,0.0,3.0,0.0,[],0.12246,[],0,0.0,0.0,0.12246
253,649320284,K_22,10.945,5.87322,10.945,0.0,0.0,0.0,0.0,0.0,0.325031,3.0,0.0,[],0.0,[],0,0.0,0.0,0.0
254,748380173,K_22,10.945,5.95902,10.945,0.0,0.0,0.0,0.0,0.0,0.0,3.0,0.0,[],0.292528,[],0,0.0,0.0,0.292528
255,307422838,K_22,10.945,6.03203,10.945,0.0,0.0,0.0,0.0,0.0,0.0,3.0,0.0,[],0.292528,[],0,0.0,0.0,0.292528
256,5256402,K_22,10.945,6.26106,10.945,0.0,0.0,0.0,0.0,0.0,0.0,3.0,0.0,[],0.0,[],0,0.0,0.0,0.0
257,62556506,K_22,10.945,6.68849,10.945,0.0,0.0,0.0,0.0,0.0,0.223275,3.0,0.0,[],0.0,[],0,0.0,0.0,0.0
258,102891097,K_22,10.945,6.68849,10.945,0.0,0.0,0.0,0.0,0.0,0.0547606,3.0,0.0,[],0.200947,[],0,0.0,0.0,0.200947
259,695791954,K_22,10.945,6.68849,10.945,0.0,0.0,0.0,0.0,0.0,0.0,3.0,0.0,[],0.0492846,[],0,0.0,0.0,0.0492846
260,10213577,K_22,10.945,7.16587,10.945,0.0,0.0,0.0,0.0,0.0,0.29731,3.0,0.0,[],0.0,[],0,0.0,0.0,0.0
261,124171113,K_22,10.945,7.16587,10.945,0.0,0.0,0.0,0.0,0.0,0.188022,3.0,0.0,[],0.267579,[],0,0.0,0.0,0.267579
262,100127656,K_22,10.945,7.16587,10.945,0.0,0.0,0.0,0.0,0.0,0.0,3.0,0.0,[],0.16922,[],0,0.0,0.0,0.16922
263,852670105,K_22,10.945,7.32222,10.945,0.0,0.0,0.0,0.0,0.0,0.0,3.0,0.0,[],0.0,[],0,0.0,0.0,0.0
264,630068228,K_22,10.945,7.89073,10.945,0.0,0.0,0.0,0.0,0.0,0.0,3.0,0.0,[],0.0,[],0,0.0,0.0,0.0
265,872987346,K_22,10.945,7.89073,10.945,0.0,0.0,0.0,0.0,0.0,0.190627,3.0,0.0,[],0.0,[],0,0.0,0.0,0.0
266,95558516,K_22,10.945,7.89073,10.945,0.0,0.0,0.0,0.0,0.0,0.0,3.0,0.0,[],0.171564,[],0,0.0,0.0,0.171564
267,819438408,K_22,10.945,8.67633,10.945,0.0,0.0,0.0,0.0,0.0,0.0,3.0,0.0,[],0.0,[],0,0.0,0.0,0.0
268,851989935,K_22,10.945,8.67633,10.945,0.0,0.0,0.0,0.0,0.0,0.0,3.0,0.0,[],0.0,[],0,0.0,0.0,0.0
269,972712869,K_22,10.945,8.67633,10.945,0.0,0.0,0.0,0.0,0.0,0.0654956,3.0,0.0,[],0.0,[],0,0.0,0.0,0.0
270,748007820,K_22,10.945,8.67633,10.945,0.0,0.0,0.0,0.0,0.0,0.257929,3.0,0.0,[],0.058946,[],0,0.0,0.0,0.058946
271,19987152,K_22,10.945,8.67633,10.945,0.0,0.0,0.0,0.0,0.0,0.0,3.0,0.0,[],0.232136,[],0,0.0,0.0,0.232136
272,978517672,K_22,10.945,8.67633,10.945,0.0,0.0,0.0,0.0,0.0,0.0,3.0,0.0,[],0.0,[],0,0.0,0.0,0.0
273,840329541,K_22,10.945,9.45025,10.945,0.0,0.0,0.0,0.0,0.0,0.0,3.0,0.0,[],0.0,[],0,0.0,0.0,0.0
274,89860563,K_22,10.945,9.45025,10.945,0.0,0.0,0.0,0.0,0.0,0.15802,3.0,0.0,[],0.0,[],0,0.0,0.0,0.0
275,957226168,K_22,10.945,9.45025,10.945,0.0,0.0,0.0,0.0,0.0,0.0,3.0,0.0,[],0.142218,[],0,0.0,0.0,0.142218
276,317211277,K_22,10.945,9.45025,10.945,0.0,0.0,0.0,0.0,0.0,0.0,3.0,0.0,[],0.0,[],0,0.0,0.0,0.0
277,650582760,K_22,10.945,9.85803,10.945,0.0,0.0,0.0,0.0,0.0,0.805511,3.0,0.0,[],0.0,[],0,0.0,0.0,0.0
278,769761797,K_22,10.945,9.85803,10.945,0.0,0.0,0.0,0.0,0.0,0.0,3.0,0.0,[],0.72496,[],0,0.0,0.0,0.72496
279,645847640,K_22,10.945,10.1714,10.945,0.0,0.0,0.0,0.0,0.0,0.385072,3.0,0.0,[],0.0,[],0,0.0,0.0,0.0
280,835002457,K_22,10.945,10.4413,10.945,0.0,0.0,0.0,0.0,0.0,0.15015,3.0,0.0,[],0.346565,[],0,0.0,0.0,0.346565
281,366384882,K_22,10.945,10.4413,10.945,0.0,0.0,0.0,0.0,0.0,0.0,3.0,0.0,[],0.135135,[],0,0.0,0.0,0.135135
282,618224440,K_22,10.945,10.8305,10.945,0.0,0.0,0.0,0.0,0.0,0.0,3.0,0.0,[],0.0,[],0,0.0,0.0,0.0
283,732990795,K_22,10.945,11.2914,10.945,0.0,0.0,0.0,0.0,0.0,0.337094,3.0,0.0,[],0.0,[],0,0.0,0.0,0.0
284,28505623,K_22,10.945,11.2914,10.945,0.0,0.0,0.0,0.0,0.0,0.271572,3.0,0.0,[],0.303384,[],0,0.0,0.0,0.303384
285,837216717,K_22,10.945,12.2269,10.945,0.0,0.0,0.0,0.0,0.0,0.408193,3.0,0.0,[],0.244415,[],0,0.0,0.0,0.244415
286,470976045,K_22,10.945,12.2269,10.945,0.0,0.0,0.0,0.0,0.0,0.146596,3.0,0.0,[],0.367374,[],0,0.0,0.0,0.367374
287,584133201,K_22,10.945,12.2269,10.945,0.0,0.0,0.0,0.0,0.0,0.0,3.0,0.0,[],0.131937,[],0,0.0,0.0,0.131937
288,652910975,K_22,10.945,12.2269,10.945,0.0,0.0,0.0,0.0,0.0,0.0,3.0,0.0,[],0.0,[],0,0.0,0.0,0.0
289,74911645,K_22,10.945,12.3919,10.945,0.0,0.0,0.0,0.0,0.0,0.0,3.0,0.0,[],0.0,[],0,0.0,0.0,0.0
290,61278453,K_22,10.945,12.5686,10.945,0.0,0.0,0.0,0.0,0.0,0.0,3.0,0.0,[],0.0,[],0,0.0,0.0,0.0
291,514777609,K_22,10.945,12.7162,10.945,0.0,0.0,0.0,0.0,0.0,0.0,3.0,0.0,[],0.0,[],0,0.0,0.0,0.0
292,410157724,K_22,10.945,13.8692,10.945,0.0,0.0,0.0,0.0,0.0,0.0,3.0,0.0,[],0.0,[],0,0.0,0.0,0.0
293,51035440,K_22,10.945,13.8692,10.945,0.0,0.0,0.0,0.0,0.0,0.0,3.0,0.0,[],0.0,[],0,0.0,0.0,0.0
294,773476372,K_22,10.945,13.8692,10.945,0.0,0.0,0.0,0.0,0.0,0.0,3.0,0.0,[],0.0,[],0,0.0,0.0,0.0
295,485966780,K_22,10.945,14.9038,10.945,0.0,0.0,0.0,0.0,0.0,0.0,3.0,0.0,[],0.0,[],0,0.0,0.0,0.0
296,409835831,K_22,10.945,14.9038,10.945,0.0,0.0,0.0,0.0,0.0,0.154375,3.0,0.0,[],0.0,[],0,0.0,0.0,0.0
297,639630242,K_22,10.945,14.9038,10.945,0.0,0.0,0.0,0.0,0.0,0.0,3.0,0.0,[],0.138937,[],0,0.0,0.0,0.138937
298,183371133,K_22,10.945,15.9504,10.945,0.0,0.0,0.0,0.0,0.0,0.839287,3.0,0.0,[],0.0,[],0,0.0,0.0,0.0
299,538281980,K_22,10.945,15.9504,10.945,0.0,0.0,0.0,0.0,0.0,0.0,3.0,0.0,[],0.755358,[],0,0.0,0.0,0.755358
300,828785577,K_22,10.945,16.7769,10.945,0.0,0.0,0.0,0.0,0.0,0.593319,3.0,0.0,[],0.0,[],0,0.0,0.0,0.0
301,820467504,K_22,10.945,16.7769,10.945,0.0,0.0,0.0,0.0,0.0,0.203214,3.0,0.0,[],0.533987,[],0,0.0,0.0,0.533987
302,529397968,K_22,10.945,16.7769,10.945,0.0,0.0,0.0,0.0,0.0,0.161495,3.0,0.0,[],0.182893,[],0,0.0,0.0,0.182893
303,935870947,K_22,10.945,17.4119,10.945,0.0,0.0,0.0,0.0,0.0,0.307313,3.0,0.0,[],0.145346,[],0,0.0,0.0,0.145346
304,123436015,K_22,10.945,17.4119,10.945,0.0,0.0,0.0,0.0,0.0,0.0,3.0,0.0,[],0.276582,[],0,0.0,0.0,0.276582
305,570396043,K_22,10.945,18.9536,10.945,0.0,0.0,0.0,0.0,0.0,0.690623,3.0,0.0,[],0.0,[],0,0.0,0.0,0.0
306,33747667,K_22,10.945,18.9536,10.945,0.0,0.0,0.0,0.0,0.0,0.362066,3.0,0.0,[],0.62156,[],0,0.0,0.0,0.62156
307,348549633,K_22,10.945,18.9536,10.945,0.0,0.0,0.0,0.0,0.0,0.202214,3.0,0.0,[],0.325859,[],0,0.0,0.0,0.325859
308,509398686,K_22,10.945,18.9536,10.945,0.0,0.0,0.0,0.0,0.0,0.0,3.0,0.0,[],0.181993,[],0,0.0,0.0,0.181993
309,577258664,K_22,10.945,19.1793,10.945,0.0,0.0,0.0,0.0,0.0,0.0,3.0,0.0,[],0.181993,[],0,0.0,0.0,0.181993
310,178350972,K_22,10.945,20.4045,10.945,0.0,0.0,0.0,0.0,0.0,0.298002,3.0,0.0,[],0.0,[],0,0.0,0.0,0.0
311,532142711,K_22,10.945,20.4045,10.945,0.0,0.0,0.0,0.0,0.0,0.261814,3.0,0.0,[],0.268201,[],0,0.0,0.0,0.268201
312,852915872,K_22,10.945,20.7905,10.945,0.0,0.0,0.0,0.0,0.0,0.0,3.0,0.0,[],0.235633,[],0,0.0,0.0,0.235633
313,313209500,K_22,10.945,21.5179,10.945,0.0,0.0,0.0,0.0,0.0,0.306891,3.0,0.0,[],0.0,[],0,0.0,0.0,0.0
314,159798954,K_22,10.945,21.5179,10.945,0.0,0.0,0.0,0.0,0.0,0.0,3.0,0.0,[],0.276202,[],0,0.0,0.0,0.276202
315,999621728,K_22,10.945,23.553,10.945,0.0,0.0,0.0,0.0,0.0,0.325381,3.0,0.0,[],0.0,[],0,0.0,0.0,0.0
316,651590923,K_22,10.945,23.553,10.945,0.0,0.0,0.0,0.0,0.0,0.852878,3.0,0.0,[],0.292843,[],0,0.0,0.0,0.292843
317,551002654,K_22,10.945,23.553,10.945,0.0,0.0,0.0,0.0,0.0,0.451266,3.0,0.0,[],0.76759,[],0,0.0,0.0,0.76759
318,174426755,K_22,10.945,23.553,10.945,0.0,0.0,0.0,0.0,0.0,0.167846,3.0,0.0,[],0.406139,[],0,0.0,0.0,0.406139
319,246059859,K_22,10.945,25.524,10.945,0.0,0.0,0.0,0.0,0.0,0.0,3.0,0.0,[],0.151061,[],0,0.0,0.0,0.151061
320,812699373,K_22,10.945,25.524,10.945,0.0,0.0,0.0,0.0,0.0,0.124719,3.0,0.0,[],0.0,[],0,0.0,0.0,0.0
321,955606635,K_22,10.945,25.524,10.945,0.0,0.0,0.0,0.0,0.0,0.0,3.0,0.0,[],0.112247,[],0,0.0,0.0,0.112247
322,42007621,K_22,10.945,25.524,10.945,0.0,0.0,0.0,0.0,0.0,0.0,3.0,0.0,[],0.0,[],0,0.0,0.0,0.0
323,33303226,K_22,10.945,25.7025,10.945,0.0,0.0,0.0,0.0,0.0,0.0,3.0,0.0,[],0.0,[],0,0.0,0.0,0.0
324,401802400,K_22,10.945,25.9165,10.945,0.0,0.0,0.0,0.0,0.0,0.0,3.0,0.0,[],0.0,[],0,0.0,0.0,0.0
325,824373688,K_22,10.945,27.3136,10.945,0.0,0.0,0.0,0.0,0.0,0.0,3.0,0.0,[],0.0,[],0,0.0,0.0,0.0
326,827202053,K_22,10.945,28.692,10.945,0.0,0.0,0.0,0.0,0.0,0.0,3.0,0.0,[],0.0,[],0,0.0,0.0,0.0
327,977981470,K_22,10.945,29.8834,10.945,0.0,0.0,0.0,0.0,0.0,0.0,3.0,0.0,[],0.0,[],0,0.0,0.0,0.0
328,313499185,K_22,10.945,29.8834,10.945,0.0,0.0,0.0,0.0,0.0,0.20412,3.0,0.0,[],0.0,[],0,0.0,0.0,0.0
329,293080205,K_22,10.945,30.1341,10.945,0.0,0.0,0.0,0.0,0.0,0.0,3.0,0.0,[],0.183708,[],0,0.0,0.0,0.183708
330,22358302,K_22,10.945,30.9352,10.945,0.0,0.0,0.0,0.0,0.0,0.0,3.0,0.0,[],0.0,[],0,0.0,0.0,0.0
331,508918240,K_22,10.945,32.4387,10.945,0.0,0.0,0.0,0.0,0.0,0.135444,3.0,0.0,[],0.0,[],0,0.0,0.0,0.0
332,898201143,K_22,10.945,32.6038,10.945,0.0,0.0,0.0,0.0,0.0,0.0988817,3.0,0.0,[],0.121899,[],0,0.0,0.0,0.121899
333,315295494,K_22,10.945,33.0073,10.945,0.0,0.0,0.0,0.0,0.0,0.0,3.0,0.0,[],0.121899,[],0,0.0,0.0,0.121899
334,990447210,K_22,10.945,35.3124,10.945,0.0,0.0,0.0,0.0,0.0,0.0565275,3.0,0.0,[],0.0,[],0,0.0,0.0,0.0
335,470578751,K_22,10.945,37.8793,10.945,0.0,0.0,0.0,0.0,0.0,0.667021,3.0,0.0,[],0.0508747,[],0,0.0,0.0,0.0508747
336,808545347,K_22,10.945,37.8793,10.945,0.0,0.0,0.0,0.0,0.0,0.0,3.0,0.0,[],0.600319,[],0,0.0,0.0,0.600319
337,683617955,K_22,10.945,37.8793,10.945,0.0,0.0,0.0,0.0,0.0,0.0,3.0,0.0,[],0.0,[],0,0.0,0.0,0.0
338,923570143,K_22,10.945,37.9107,10.945,0.0,0.0,0.0,0.0,0.0,0.0,3.0,0.0,[],0.0,[],0,0.0,0.0,0.0
339,566580276,K_22,10.945,39.0315,10.945,0.0,0.0,0.0,0.0,0.0,0.0,3.0,0.0,[],0.0,[],0,0.0,0.0,0.0
340,319273842,K_22,10.945,39.1707,10.945,0.0,0.0,0.0,0.0,0.0,0.0,3.0,0.0,[],0.0,[],0,0.0,0.0,0.0
341,119326956,K_22,10.945,42.2825,10.945,0.0,0.0,0.0,0.0,0.0,0.0,3.0,0.0,[],0.0,[],0,0.0,0.0,0.0
342,230526879,K_22,10.945,46.1801,10.945,0.0,0.0,0.0,0.0,0.0,0.924419,3.0,0.0,[],0.0,[],0,0.0,0.0,0.0
343,587204007,K_22,10.945,46.1801,10.945,0.0,0.0,0.0,0.0,0.0,0.0,3.0,0.0,[],0.831977,[],0,0.0,0.0,0.831977
344,514360003,K_22,10.945,46.1801,10.945,0.0,0.0,0.0,0.0,0.0,0.150159,3.0,0.0,[],0.0,[],0,0.0,0.0,0.0
345,146332440,K_22,10.945,46.1801,10.945,0.0,0.0,0.0,0.0,0.0,0.0,3.0,0.0,[],0.135144,[],0,0.0,0.0,0.135144
346,563196721,K_22,10.945,47.5334,10.945,0.0,0.0,0.0,0.0,0.0,0.40116,3.0,0.0,[],0.0,[],0,0.0,0.0,0.0
347,710393695,K_22,10.945,50.0919,10.945,0.0,0.0,0.0,0.0,0.0,0.78787,3.0,0.0,[],0.361044,[],0,0.0,0.0,0.361044
348,939392481,K_22,10.945,50.0919,10.945,0.0,0.0,0.0,0.0,0.0,0.149902,3.0,0.0,[],0.709083,[],0,0.0,0.0,0.709083
349,43179969,K_22,10.945,54.6756,10.945,0.0,0.0,0.0,0.0,0.0,0.454894,3.0,0.0,[],0.134912,[],0,0.0,0.0,0.134912
350,739717923,K_22,10.945,54.6756,10.945,0.0,0.0,0.0,0.0,0.0,0.0,3.0,0.0,[],0.409404,[],0,0.0,0.0,0.409404
351,394075129,K_22,10.945,54.6756,10.945,0.0,0.0,0.0,0.0,0.0,0.134738,3.0,0.0,[],0.0,[],0,0.0,0.0,0.0
352,298724609,K_22,10.945,56.2347,10.945,0.0,0.0,0.0,0.0,0.0,0.0,3.0,0.0,[],0.121265,[],0,0.0,0.0,0.121265
353,798773665,K_22,10.945,61.3941,10.945,0.0,0.0,0.0,0.0,0.0,0.0422428,3.0,0.0,[],0.0,[],0,0.0,0.0,0.0
354,460773817,K_22,10.945,61.3941,10.945,0.0,0.0,0.0,0.0,0.0,0.0,3.0,0.0,[],0.0380185,[],0,0.0,0.0,0.0380185
355,518967800,K_22,10.945,61.3941,10.945,0.0,0.0,0.0,0.0,0.0,0.844355,3.0,0.0,[],0.0,[],0,0.0,0.0,0.0
356,200759605,K_22,10.945,63.9289,10.945,0.0,0.0,0.0,0.0,0.0,0.169442,3.0,0.0,[],0.75992,[],0,0.0,0.0,0.75992
357,681420250,K_22,10.945,63.9289,10.945,0.0,0.0,0.0,0.0,0.0,0.0,3.0,0.0,[],0.152497,[],0,0.0,0.0,0.152497
358,182826878,K_22,10.945,66.8513,10.945,0.0,0.0,0.0,0.0,0.0,0.0,3.0,0.0,[],0.0,[],0,0.0,0.0,0.0
359,534500214,K_22,10.945,69.3462,10.945,0.0,0.0,0.0,0.0,0.0,0.0,3.0,0.0,[],0.0,[],0,0.0,0.0,0.0
360,45418585,K_22,10.945,69.3462,10.945,0.0,0.0,0.0,0.0,0.0,0.0,3.0,0.0,[],0.0,[],0,0.0,0.0,0.0
361,359221998,K_22,10.945,70.8219,10.945,0.0,0.0,0.0,0.0,0.0,0.0,3.0,0.0,[],0.0,[],0,0.0,0.0,0.0
362,2005630,K_22,10.945,72.4394,10.945,0.0,0.0,0.0,0.0,0.0,0.0,3.0,0.0,[],0.0,[],0,0.0,0.0,0.0
363,737932216,K_22,10.945,73.179,10.945,0.0,0.0,0.0,0.0,0.0,0.0,3.0,0.0,[],0.0,[],0,0.0,0.0,0.0
364,111492484,K_22,10.945,76.8356,10.945,0.0,0.0,0.0,0.0,0.0,0.0995136,3.0,0.0,[],0.0,[],0,0.0,0.0,0.0
365,993975777,K_22,10.945,80.9367,10.945,0.0,0.0,0.0,0.0,0.0,0.161606,3.0,0.0,[],0.0895622,[],0,0.0,0.0,0.0895622
366,437419121,K_22,10.945,80.9367,10.945,0.0,0.0,0.0,0.0,0.0,0.0,3.0,0.0,[],0.145445,[],0,0.0,0.0,0.145445
367,360493936,K_22,10.945,87.8828,10.945,0.0,0.0,0.0,0.0,0.0,0.0724621,3.0,0.0,[],0.0,[],0,0.0,0.0,0.0
368,352198944,K_22,10.945,87.8828,10.945,0.0,0.0,0.0,0.0,0.0,0.186079,3.0,0.0,[],0.0652159,[],0,0.0,0.0,0.0652159
369,736435283,K_22,10.945,87.8828,10.945,0.0,0.0,0.0,0.0,0.0,0.0616428,3.0,0.0,[],0.167471,[],0,0.0,0.0,0.167471
370,176110610,K_22,10.945,91.9988,10.945,0.0,0.0,0.0,0.0,0.0,0.0,3.0,0.0,[],0.0554785,[],0,0.0,0.0,0.0554785
371,795556842,K_22,10.945,91.9988,10.945,0.0,0.0,0.0,0.0,0.0,0.0950211,3.0,0.0,[],0.0,[],0,0.0,0.0,0.0
372,496980155,K_22,10.945,93.2471,10.945,0.0,0.0,0.0,0.0,0.0,0.0,3.0,0.0,[],0.0,[],0,0.0,0.0,0.0
373,714473309,K_22,10.945,99.1655,10.945,0.0,0.0,0.0,0.0,0.0,0.235856,3.0,0.0,[],0.0,[],0,0.0,0.0,0.0
374,784021556,K_22,10.945,107.312,10.945,0.0,0.0,0.0,0.0,0.0,0.0,3.0,0.0,[],0.21227,[],0,0.0,0.0,0.21227
375,341796844,K_22,10.945,107.312,10.945,0.0,0.0,0.0,0.0,0.0,0.135259,3.0,0.0,[],0.0,[],0,0.0,0.0,0.0
376,772039455,K_22,10.945,107.312,10.945,0.0,0.0,0.0,0.0,0.0,0.0535137,3.0,0.0,[],0.121733,[],0,0.0,0.0,0.121733
377,316613722,K_22,10.945,112.909,10.945,0.0,0.0,0.0,0.0,0.0,0.0788107,3.0,0.0,[],0.0481623,[],0,0.0,0.0,0.0481623
378,252262373,K_22,10.945,112.909,10.945,0.0,0.0,0.0,0.0,0.0,0.0,3.0,0.0,[],0.0709297,[],0,0.0,0.0,0.0709297
379,551694051,K_22,10.945,121.132,10.945,0.0,0.0,0.0,0.0,0.0,0.0,3.0,0.0,[],0.0,[],0,0.0,0.0,0.0
380,187385778,K_22,10.945,121.132,10.945,0.0,0.0,0.0,0.0,0.0,0.197743,3.0,0.0,[],0.0,[],0,0.0,0.0,0.0
381,816650952,K_22,10.945,121.132,10.945,0.0,0.0,0.0,0.0,0.0,0.0,3.0,0.0,[],0.177969,[],0,0.0,0.0,0.177969
382,685685673,K_22,10.945,123.742,10.945,0.0,0.0,0.0,0.0,0.0,0.0,3.0,0.0,[],0.0,[],0,0.0,0.0,0.0
383,380219614,K_22,10.945,133.643,10.945,0.0,0.0,0.0,0.0,0.0,0.362624,3.0,0.0,[],0.0,[],0,0.0,0.0,0.0
384,592242368,K_22,10.945,133.643,10.945,0.0,0.0,0.0,0.0,0.0,0.169358,3.0,0.0,[],0.326362,[],0,0.0,0.0,0.326362
385,684017272,K_22,10.945,133.643,10.945,0.0,0.0,0.0,0.0,0.0,0.0,3.0,0.0,[],0.152422,[],0,0.0,0.0,0.152422
386,867398183,K_22,10.945,141.441,10.945,0.0,0.0,0.0,0.0,0.0,0.0439275,3.0,0.0,[],0.0,[],0,0.0,0.0,0.0
387,380828934,K_22,10.945,141.441,10.945,0.0,0.0,0.0,0.0,0.0,0.0,3.0,0.0,[],0.0395348,[],0,0.0,0.0,0.0395348
388,697547418,K_22,10.945,144.029,10.945,0.0,0.0,0.0,0.0,0.0,0.194288,3.0,0.0,[],0.0,[],0,0.0,0.0,0.0
389,637535333,K_22,10.945,157.3,10.945,0.0,0.0,0.0,0.0,0.0,0.280468,3.0,0.0,[],0.174859,[],0,0.0,0.0,0.174859
390,435676571,K_22,10.945,157.3,10.945,0.0,0.0,0.0,0.0,0.0,0.202996,3.0,0.0,[],0.252421,[],0,0.0,0.0,0.252421
391,425632627,K_22,10.945,157.3,10.945,0.0,0.0,0.0,0.0,0.0,0.257903,3.0,0.0,[],0.182696,[],0,0.0,0.0,0.182696
392,757614073,K_22,10.945,167.003,10.945,0.0,0.0,0.0,0.0,0.0,0.0,3.0,0.0,[],0.232113,[],0,0.0,0.0,0.232113
393,16440811,K_22,10.945,167.003,10.945,0.0,0.0,0.0,0.0,0.0,0.0,3.0,0.0,[],0.0,[],0,0.0,0.0,0.0
394,933423597,K_22,10.945,170.063,10.945,0.0,0.0,0.0,0.0,0.0,0.0,3.0,0.0,[],0.0,[],0,0.0,0.0,0.0
395,710476976,K_22,10.945,181.447,10.945,0.0,0.0,0.0,0.0,0.0,0.0297866,3.0,0.0,[],0.0,[],0,0.0,0.0,0.0
396,315024073,K_22,10.945,181.447,10.945,0.0,0.0,0.0,0.0,0.0,0.0417449,3.0,0.0,[],0.026808,[],0,0.0,0.0,0.026808
397,573179087,K_22,10.945,190.777,10.945,0.0,0.0,0.0,0.0,0.0,0.056195,3.0,0.0,[],0.0375704,[],0,0.0,0.0,0.0375704
398,236495180,K_22,10.945,190.777,10.945,0.0,0.0,0.0,0.0,0.0,0.0,3.0,0.0,[],0.0505755,[],0,0.0,0.0,0.0505755
399,72676887,K_22,10.945,191.913,10.945,0.0,0.0,0.0,0.0,0.0,0.0,3.0,0.0,[],0.0505755,[],0,0.0,0.0,0.0505755
400,259024239,K_22,10.945,203.333,10.945,0.0,0.0,0.0,0.0,0.0,0.0178449,3.0,0.0,[],0.0,[],0,0.0,0.0,0.0
401,98850295,K_22,10.945,203.333,10.945,0.0,0.0,0.0,0.0,0.0,0.0,3.0,0.0,[],0.0160604,[],0,0.0,0.0,0.0160604
402,920015784,K_22,10.945,209.33,10.945,0.0,0.0,0.0,0.0,0.0,0.0,3.0,0.0,[],0.0,[],0,0.0,0.0,0.0
403,949348994,K_22,10.945,209.928,10.945,0.0,0.0,0.0,0.0,0.0,0.0,3.0,0.0,[],0.0,[],0,0.0,0.0,0.0
404,274022452,K_22,10.945,229.938,10.945,0.0,0.0,0.0,0.0,0.0,0.0626149,3.0,0.0,[],0.0,[],0,0.0,0.0,0.0
405,206128880,K_22,10.945,229.938,10.945,0.0,0.0,0.0,0.0,0.0,0.0,3.0,0.0,[],0.0563534,[],0,0.0,0.0,0.0563534
406,109255350,K_22,10.945,229.938,10.945,0.0,0.0,0.0,0.0,0.0,0.0650585,3.0,0.0,[],0.0,[],0,0.0,0.0,0.0
407,979131758,K_22,10.945,243.644,10.945,0.0,0.0,0.0,0.0,0.0,0.11078,3.0,0.0,[],0.0585527,[],0,0.0,0.0,0.0585527
408,505665413,K_22,10.945,243.644,10.945,0.0,0.0,0.0,0.0,0.0,0.0,3.0,0.0,[],0.0997016,[],0,0.0,0.0,0.0997016
409,360322299,K_22,10.945,263.229,10.945,0.0,0.0,0.0,0.0,0.0,0.0,3.0,0.0,[],0.0,[],0,0.0,0.0,0.0
410,756168012,K_22,10.945,263.229,10.945,0.0,0.0,0.0,0.0,0.0,0.0710838,3.0,0.0,[],0.0,[],0,0.0,0.0,0.0
411,534086242,K_22,10.945,263.229,10.945,0.0,0.0,0.0,0.0,0.0,0.0127197,3.0,0.0,[],0.0639754,[],0,0.0,0.0,0.0639754
412,403596971,K_22,10.945,283.074,10.945,0.0,0.0,0.0,0.0,0.0,0.0366822,3.0,0.0,[],0.0114478,[],0,0.0,0.0,0.0114478
413,905448629,K_22,10.945,283.074,10.945,0.0,0.0,0.0,0.0,0.0,0.0,3.0,0.0,[],0.033014,[],0,0.0,0.0,0.033014
414,226956619,K_22,10.945,283.074,10.945,0.0,0.0,0.0,0.0,0.0,0.0,3.0,0.0,[],0.0,[],0,0.0,0.0,0.0
415,669249291,K_22,10.945,288.534,10.945,0.0,0.0,0.0,0.0,0.0,0.0,3.0,0.0,[],0.0,[],0,0.0,0.0,0.0
416,454783840,K_22,10.945,307.176,10.945,0.0,0.0,0.0,0.0,0.0,0.0337055,3.0,0.0,[],0.0,[],0,0.0,0.0,0.0
417,585223145,K_22,10.945,307.176,10.945,0.0,0.0,0.0,0.0,0.0,0.0176157,3.0,0.0,[],0.030335,[],0,0.0,0.0,0.030335
418,550274607,K_22,10.945,326.588,10.945,0.0,0.0,0.0,0.0,0.0,0.0264818,3.0,0.0,[],0.0158541,[],0,0.0,0.0,0.0158541
419,315837772,K_22,10.945,326.588,10.945,0.0,0.0,0.0,0.0,0.0,0.109514,3.0,0.0,[],0.0238336,[],0,0.0,0.0,0.0238336
420,756457878,K_22,10.945,347.494,10.945,0.0,0.0,0.0,0.0,0.0,0.0588779,3.0,0.0,[],0.0985627,[],0,0.0,0.0,0.0985627
421,373967739,K_22,10.945,347.494,10.945,0.0,0.0,0.0,0.0,0.0,0.0,3.0,0.0,[],0.0529901,[],0,0.0,0.0,0.0529901
422,685146522,K_22,10.945,347.494,10.945,0.0,0.0,0.0,0.0,0.0,0.0,3.0,0.0,[],0.0,[],0,0.0,0.0,0.0
423,817388277,K_22,10.945,351.13,10.945,0.0,0.0,0.0,0.0,0.0,0.0,3.0,0.0,[],0.0,[],0,0.0,0.0,0.0
424,201877613,K_22,10.945,381.696,10.945,0.0,0.0,0.0,0.0,0.0,0.156171,3.0,0.0,[],0.0,[],0,0.0,0.0,0.0
425,47438831,K_22,10.945,381.696,10.945,0.0,0.0,0.0,0.0,0.0,0.0,3.0,0.0,[],0.140554,[],0,0.0,0.0,0.140554
426,555329680,K_22,10.945,418.611,10.945,0.0,0.0,0.0,0.0,0.0,0.0410507,3.0,0.0,[],0.0,[],0,0.0,0.0,0.0
427,759040316,K_22,10.945,418.611,10.945,0.0,0.0,0.0,0.0,0.0,0.0984349,3.0,0.0,[],0.0369456,[],0,0.0,0.0,0.0369456
428,266986532,K_22,10.945,418.611,10.945,0.0,0.0,0.0,0.0,0.0,0.0420932,3.0,0.0,[],0.0885914,[],0,0.0,0.0,0.0885914
429,759125626,K_22,10.945,423.398,10.945,0.0,0.0,0.0,0.0,0.0,0.0,3.0,0.0,[],0.0378839,[],0,0.0,0.0,0.0378839
430,334419713,K_22,10.945,453.132,10.945,0.0,0.0,0.0,0.0,0.0,0.0692816,3.0,0.0,[],0.0,[],0,0.0,0.0,0.0
431,546308725,K_22,10.945,453.132,10.945,0.0,0.0,0.0,0.0,0.0,0.00544469,3.0,0.0,[],0.0623534,[],0,0.0,0.0,0.0623534
432,823905285,K_22,10.945,481.38,10.945,0.0,0.0,0.0,0.0,0.0,0.0,3.0,0.0,[],0.00490022,[],0,0.0,0.0,0.00490022
433,540577166,K_22,10.945,481.38,10.945,0.0,0.0,0.0,0.0,0.0,0.0,3.0,0.0,[],0.0,[],0,0.0,0.0,0.0
434,914944127,K_22,10.945,481.38,10.945,0.0,0.0,0.0,0.0,0.0,0.0127197,3.0,0.0,[],0.0,[],0,0.0,0.0,0.0
435,147997544,K_22,10.945,498.165,10.945,0.0,0.0,0.0,0.0,0.0,0.0143933,3.0,0.0,[],0.0114478,[],0,0.0,0.0,0.0114478
436,622039161,K_22,10.945,507.301,10.945,0.0,0.0,0.0,0.0,0.0,0.0,3.0,0.0,[],0.012954,[],0,0.0,0.0,0.012954
437,110966639,K_22,10.945,536.209,10.945,0.0,0.0,0.0,0.0,0.0,0.0,3.0,0.0,[],0.0,[],0,0.0,0.0,0.0
438,689685648,K_22,10.945,536.209,10.945,0.0,0.0,0.0,0.0,0.0,0.0,3.0,0.0,[],0.0,[],0,0.0,0.0,0.0
439,333923282,K_22,10.945,562.764,10.945,0.0,0.0,0.0,0.0,0.0,0.0280674,3.0,0.0,[],0.0,[],0,0.0,0.0,0.0
440,198492492,K_22,10.945,562.764,10.945,0.0,0.0,0.0,0.0,0.0,0.0,3.0,0.0,[],0.0252607,[],0,0.0,0.0,0.0252607
441,215745885,K_22,10.945,572.195,10.945,0.0,0.0,0.0,0.0,0.0,0.0,3.0,0.0,[],0.0252607,[],0,0.0,0.0,0.0252607
442,787549301,K_22,10.945,609.976,10.945,0.0,0.0,0.0,0.0,0.0,0.0,3.0,0.0,[],0.0,[],0,0.0,0.0,0.0
443,741362654,K_22,10.945,609.976,10.945,0.0,0.0,0.0,0.0,0.0,0.0,3.0,0.0,[],0.0,[],0,0.0,0.0,0.0
444,696517881,K_22,10.945,639.443,10.945,0.0,0.0,0.0,0.0,0.0,0.0117191,3.0,0.0,[],0.0,[],0,0.0,0.0,0.0
445,338725679,K_22,10.945,662.262,10.945,0.0,0.0,0.0,0.0,0.0,0.0,3.0,0.0,[],0.0105472,[],0,0.0,0.0,0.0105472
446,101926092,K_22,10.945,662.262,10.945,0.0,0.0,0.0,0.0,0.0,0.0,3.0,0.0,[],0.0,[],0,0.0,0.0,0.0
447,116070498,K_22,10.945,682.5,10.945,0.0,0.0,0.0,0.0,0.0,0.0,3.0,0.0,[],0.0,[],0,0.0,0.0,0.0
448,941912725,K_22,10.945,686.547,10.945,0.0,0.0,0.0,0.0,0.0,0.0,3.0,0.0,[],0.0,[],0,0.0,0.0,0.0
449,701787124,K_22,10.945,695.124,10.945,0.0,0.0,0.0,0.0,0.0,0.0093111,3.0,0.0,[],0.0,[],0,0.0,0.0,0.0
450,671429358,K_22,10.945,752.067,10.945,0.0,0.0,0.0,0.0,0.0,0.0,3.0,0.0,[],0.00837999,[],0,0.0,0.0,0.00837999
451,739971302,K_22,10.945,752.067,10.945,0.0,0.0,0.0,0.0,0.0,0.0,3.0,0.0,[],0.0,[],0,0.0,0.0,0.0
452,733438553,K_22,10.945,753.792,10.945,0.0,0.0,0.0,0.0,0.0,0.0,3.0,0.0,[],0.0,[],0,0.0,0.0,0.0
453,870847151,K_22,10.945,792.826,10.945,0.0,0.0,0.0,0.0,0.0,0.0,3.0,0.0,[],0.0,[],0,0.0,0.0,0.0
454,928475386,K_22,10.945,806.628,10.945,0.0,0.0,0.0,0.0,0.0,0.0,3.0,0.0,[],0.0,[],0,0.0,0.0,0.0
455,715353864,K_22,10.945,867.428,10.945,0.0,0.0,0.0,0.0,0.0,0.037792,3.0,0.0,[],0.0,[],0,0.0,0.0,0.0
456,403155261,K_22,10.945,867.428,10.945,0.0,0.0,0.0,0.0,0.0,0.0237795,3.0,0.0,[],0.0340128,[],0,0.0,0.0,0.0340128
457,395136663,K_22,10.945,891.909,10.945,0.0,0.0,0.0,0.0,0.0,0.0129663,3.0,0.0,[],0.0214016,[],0,0.0,0.0,0.0214016
458,668474507,K_22,10.945,958.179,10.945,0.0,0.0,0.0,0.0,0.0,0.0759525,3.0,0.0,[],0.0116697,[],0,0.0,0.0,0.0116697
459,936827967,K_22,10.945,958.179,10.945,0.0,0.0,0.0,0.0,0.0,0.0272356,3.0,0.0,[],0.0683573,[],0,0.0,0.0,0.0683573
460,859032635,K_22,10.945,958.179,10.945,0.0,0.0,0.0,0.0,0.0,0.0,3.0,0.0,[],0.024512,[],0,0.0,0.0,0.024512
461,238266257,K_22,10.945,978.384,10.945,0.0,0.0,0.0,0.0,0.0,0.0,3.0,0.0,[],0.024512,[],0,0.0,0.0,0.024512
462,617207499,K_22,10.945,1000.9,10.945,0.0,0.0,0.0,0.0,0.0,0.0,3.0,0.0,[],0.024512,[],0,0.0,0.0,0.024512
463,700414511,K_22,10.945,1054.79,10.945,0.0,0.0,0.0,0.0,0.0,0.0,3.0,0.0,[],0.0,[],0,0.0,0.0,0.0
464,476158961,K_22,10.945,1150.09,10.945,0.0,0.0,0.0,0.0,0.0,0.0339984,3.0,0.0,[],0.0,[],0,0.0,0.0,0.0
465,744805384,K_22,10.945,1150.09,10.945,0.0,0.0,0.0,0.0,0.0,0.0336233,3.0,0.0,[],0.0305986,[],0,0.0,0.0,0.0305986
466,958835360,K_22,10.945,1150.09,10.945,0.0,0.0,0.0,0.0,0.0,0.0134129,3.0,0.0,[],0.030261,[],0,0.0,0.0,0.030261
467,814040968,K_22,10.945,1196.71,10.945,0.0,0.0,0.0,0.0,0.0,0.0129239,3.0,0.0,[],0.0120716,[],0,0.0,0.0,0.0120716
468,296929953,K_22,10.945,1196.71,10.945,0.0,0.0,0.0,0.0,0.0,0.0,3.0,0.0,[],0.0116315,[],0,0.0,0.0,0.0116315
469,510360603,K_22,10.945,1247.63,10.945,0.0,0.0,0.0,0.0,0.0,0.0,3.0,0.0,[],0.0,[],0,0.0,0.0,0.0
470,407446111,K_22,10.945,1280.49,10.945,0.0,0.0,0.0,0.0,0.0,0.00614634,3.0,0.0,[],0.0,[],0,0.0,0.0,0.0
471,212685443,K_22,10.945,1401.14,10.945,0.0,0.0,0.0,0.0,0.0,0.0171254,3.0,0.0,[],0.0055317,[],0,0.0,0.0,0.0055317
472,261601103,K_22,10.945,1401.14,10.945,0.0,0.0,0.0,0.0,0.0,0.00473799,3.0,0.0,[],0.0154128,[],0,0.0,0.0,0.0154128
473,800761855,K_22,10.945,1401.14,10.945,0.0,0.0,0.0,0.0,0.0,0.0856596,3.0,0.0,[],0.00426419,[],0,0.0,0.0,0.00426419
474,494166804,K_22,10.945,1401.14,10.945,0.0,0.0,0.0,0.0,0.0,0.00388724,3.0,0.0,[],0.0770937,[],0,0.0,0.0,0.0770937
475,365606303,K_22,10.945,1500.39,10.945,0.0,0.0,0.0,0.0,0.0,0.00550654,3.0,0.0,[],0.00349851,[],0,0.0,0.0,0.00349851
476,185368793,K_22,10.945,1500.39,10.945,0.0,0.0,0.0,0.0,0.0,0.0,3.0,0.0,[],0.00495589,[],0,0.0,0.0,0.00495589
477,620454,K_22,10.945,1521.43,10.945,0.0,0.0,0.0,0.0,0.0,0.0,3.0,0.0,[],0.0,[],0,0.0,0.0,0.0
478,934126365,K_22,10.945,1616.5,10.945,0.0,0.0,0.0,0.0,0.0,0.0449857,3.0,0.0,[],0.0,[],0,0.0,0.0,0.0
479,677961548,K_22,10.945,1616.5,10.945,0.0,0.0,0.0,0.0,0.0,0.0,3.0,0.0,[],0.0404871,[],0,0.0,0.0,0.0404871
480,889322686,K_22,10.945,1648.61,10.945,0.0,0.0,0.0,0.0,0.0,0.0,3.0,0.0,[],0.0404871,[],0,0.0,0.0,0.0404871
481,326161904,K_22,10.945,1650.58,10.945,0.0,0.0,0.0,0.0,0.0,0.0,3.0,0.0,[],0.0404871,[],0,0.0,0.0,0.0404871
482,48980648,K_22,10.945,1796.47,10.945,0.0,0.0,0.0,0.0,0.0,0.0,3.0,0.0,[],0.0,[],0,0.0,0.0,0.0
483,205061471,K_22,10.945,1796.47,10.945,0.0,0.0,0.0,0.0,0.0,0.0,3.0,0.0,[],0.0,[],0,0.0,0.0,0.0
484,107638931,K_22,10.945,1836.95,10.945,0.0,0.0,0.0,0.0,0.0,0.0137416,3.0,0.0,[],0.0,[],0,0.0,0.0,0.0
485,849940895,K_22,10.945,1857.73,10.945,0.0,0.0,0.0,0.0,0.0,0.0123415,3.0,0.0,[],0.0,[],0,0.0,0.0,0.0
486,329295526,K_22,10.945,1991.76,10.945,0.0,0.0,0.0,0.0,0.0,0.0398688,3.0,0.0,[],0.0111074,[],0,0.0,0.0,0.0111074
487,197153507,K_22,10.945,1991.76,10.945,0.0,0.0,0.0,0.0,0.0,0.0,3.0,0.0,[],0.0358819,[],0,0.0,0.0,0.0358819
488,408548616,K_22,10.945,2034.89,10.945,0.0,0.0,0.0,0.0,0.0,0.00423042,3.0,0.0,[],0.0,[],0,0.0,0.0,0.0
489,307682481,K_22,10.945,2232.12,10.945,0.0,0.0,0.0,0.0,0.0,0.0522837,3.0,0.0,[],0.00380738,[],0,0.0,0.0,0.00380738
490,7887620,K_22,10.945,2232.12,10.945,0.0,0.0,0.0,0.0,0.0,0.00162872,3.0,0.0,[],0.0470553,[],0,0.0,0.0,0.0470553
491,856145508,K_22,10.945,2232.12,10.945,0.0,0.0,0.0,0.0,0.0,0.0,3.0,0.0,[],0.00146585,[],0,0.0,0.0,0.00146585
492,976189165,K_22,10.945,2315.61,10.945,0.0,0.0,0.0,0.0,0.0,0.0124213,3.0,0.0,[],0.0,[],0,0.0,0.0,0.0
493,897999880,K_22,10.945,2499.87,10.945,0.0,0.0,0.0,0.0,0.0,0.0356905,3.0,0.0,[],0.0111792,[],0,0.0,0.0,0.0111792
494,717629558,K_22,10.945,2499.87,10.945,0.0,0.0,0.0,0.0,0.0,0.0046524,3.0,0.0,[],0.0321215,[],0,0.0,0.0,0.0321215
495,997718057,K_22,10.945,2499.87,10.945,0.0,0.0,0.0,0.0,0.0,0.0,3.0,0.0,[],0.00418716,[],0,0.0,0.0,0.00418716
496,384643432,K_22,10.945,2695.27,10.945,0.0,0.0,0.0,0.0,0.0,0.00773176,3.0,0.0,[],0.0,[],0,0.0,0.0,0.0
497,281554276,K_22,10.945,2695.27,10.945,0.0,0.0,0.0,0.0,0.0,0.0158927,3.0,0.0,[],0.00695858,[],0,0.0,0.0,0.00695858
498,141660871,K_22,10.945,2695.27,10.945,0.0,0.0,0.0,0.0,0.0,0.0,3.0,0.0,[],0.0143034,[],0,0.0,0.0,0.0143034
499,583596462,K_22,10.945,2762.89,10.945,0.0,0.0,0.0,0.0,0.0,0.0,3.0,0.0,[],0.0,[],0,0.0,0.0,0.0
500,390623638,K_22,10.945,3006.79,10.945,0.0,0.0,0.0,0.0,0.0,0.0479095,3.0,0.0,[],0.0,[],0,0.0,0.0,0.0
