run_id,step_no,w_m,c_m,cf_m,cf_d,kf_m,kf_d,equity
PvVpgXTKXpLEWqn,1,6899.999910593033,464.82297706604004,1285.1770181655884,0.0,350.0,0.0,3000.0
PvVpgXTKXpLEWqn,2,7016.788665890694,469.4067155122757,1213.8044500350952,0.0,300.0,0.0,3000.0
PvVpgXTKXpLEWqn,3,7024.775673866272,438.751021027565,1228.6140277385712,0.0,307.85931062698364,0.0,3000.0
PvVpgXTKXpLEWqn,4,7009.199902653694,410.71384954452515,1262.7751463651657,0.154443621635437,317.4490113258362,0.0,3000.02
PvVpgXTKXpLEWqn,5,6986.502390742302,384.383953332901,1301.5748249292374,1.9275418519973755,328.55604696273804,0.0,3000.91
PvVpgXTKXpLEWqn,6,6965.153436779976,356.99387979719904,1344.4074430465698,0.9723549634218216,333.04370975494385,0.0,3001.37
PvVpgXTKXpLEWqn,7,6947.11584508419,332.96916572607006,1381.3598763942719,0.9745310246944427,337.687135219574,0.0,3001.84
PvVpgXTKXpLEWqn,8,6914.769013762474,309.5218303776637,1433.6391454935074,0.9846696108579636,340.73397302627563,0.0,3002.32
PvVpgXTKXpLEWqn,9,6889.5401911735535,292.72440441686194,1460.4985972642899,1.9651662888936698,355.83549451828003,0.0,3003.37
PvVpgXTKXpLEWqn,10,6861.368048071861,274.84086795849726,1494.5785433650017,2.0543322605080903,366.80457973480225,0.0,3004.46
PvVpgXTKXpLEWqn,11,6837.4890151023865,255.89419043589442,1530.5266126990318,2.046615643892437,373.4307179450989,0.0,3004.71
PvVpgXTKXpLEWqn,12,6817.041648507118,237.8163659691927,1562.7173365950584,2.0392848709598184,379.5156488418579,0.0,3004.95
PvVpgXTKXpLEWqn,13,6793.61313021183,221.01459017379966,1600.3789388537407,2.032320614438504,381.83594131469727,0.0,3005.19
PvVpgXTKXpLEWqn,14,6773.675747454166,204.0742355309776,1634.236004292965,2.025704588275403,384.6094651222229,0.0,3005.43
PvVpgXTKXpLEWqn,15,6747.645245611668,187.81968166094157,1674.2434684634209,2.0194193609058857,386.6410388946533,0.0,3005.67
PvVpgXTKXpLEWqn,16,6726.530315190554,175.60109300487966,1701.555416047573,2.0134483873844147,392.4176244735718,0.0,3005.91
PvVpgXTKXpLEWqn,17,6703.35473933816,162.3446509665664,1735.3616101145744,2.007775966078043,394.7995162010193,0.0,3006.15
PvVpgXTKXpLEWqn,18,6695.807967215776,151.2674780691159,1751.0364906191826,2.0023871674202383,397.5055932998657,0.0,3006.38
PvVpgXTKXpLEWqn,19,6676.489054471254,142.1593682114035,1775.1304731965065,3.4745866931043565,402.2396240234375,0.0,3007.46
PvVpgXTKXpLEWqn,20,6654.050544708967,130.39428886584938,1806.4176056981087,4.8424043213017285,404.97846603393555,0.0,3009.0
PvVpgXTKXpLEWqn,21,6636.872354835272,121.43435414135456,1828.314237177372,4.83778409846127,408.51262044906616,0.0,3009.7
PvVpgXTKXpLEWqn,22,6623.222127228975,114.78021509491373,1843.9057025313377,4.833394886227325,412.8615069389343,0.0,3010.06
PvVpgXTKXpLEWqn,23,6615.655399560928,106.71635618363507,1858.4853078126907,4.829225139692426,413.1783962249756,0.0,3010.79
PvVpgXTKXpLEWqn,24,6616.694249987602,97.7105439172592,1871.9915829896927,5.7752638051752,407.3671922683716,0.0,3012.01
PvVpgXTKXpLEWqn,25,6606.511102996767,92.47482311341446,1883.234699010849,5.7715006046928465,410.7088403701782,0.0,3012.84
PvVpgXTKXpLEWqn,26,6598.151655033231,84.2803963473998,1899.5077110528946,8.731323070824146,411.56105756759644,0.0,3015.23
PvVpgXTKXpLEWqn,27,6602.314453733154,78.07256735861301,1901.5135093927383,5.075597066432238,410.44030714035034,0.0,3012.73
PvVpgXTKXpLEWqn,28,6615.651447263583,72.39883769676089,1899.8429896831512,7.687770937103778,404.814510345459,0.0,3014.98
PvVpgXTKXpLEWqn,29,6618.905887617089,70.06636922061443,1902.2878074645996,8.31805231468752,402.128484249115,0.0,3014.93
PvVpgXTKXpLEWqn,30,6624.158469455826,64.91240273159929,1908.2727323770523,8.87485170015134,395.4314956665039,0.0,3016.1
PvVpgXTKXpLEWqn,31,6635.396411359659,59.57490107184276,1901.831261664629,12.306106905452907,396.3408751487732,0.0,3019.16
PvVpgXTKXpLEWqn,32,6634.628390707281,56.25727647263557,1899.169969022274,11.727519227191806,404.2126884460449,0.0,3017.46
PvVpgXTKXpLEWqn,33,6645.511577676167,51.64555001351982,1899.2758375257254,12.481400665594265,399.1518716812134,0.0,3016.9
PvVpgXTKXpLEWqn,34,6665.7992444401025,48.95372862991644,1882.6838530302048,13.457051346777007,398.18398571014404,0.0,3017.84
PvVpgXTKXpLEWqn,35,6696.174940370642,47.8592937560752,1859.894561111927,22.11535361793358,395.78908348083496,0.0,3022.4
PvVpgXTKXpLEWqn,36,6728.0263086624545,43.75540591403842,1836.7008276879787,17.251655186642893,391.2276372909546,0.7909335494041443,3018.33
PvVpgXTKXpLEWqn,37,6745.812207792962,44.99522150459234,1816.594645023346,19.054942008806393,395.5152168273926,0.7513868808746338,3016.89
PvVpgXTKXpLEWqn,38,6766.114861598173,42.76787806395441,1802.8483949005604,21.591093506198376,391.751380443573,0.7138175368309021,3018.82
PvVpgXTKXpLEWqn,39,6786.657096428033,43.73755421023816,1792.3305926322937,41.91594776394777,392.6368932723999,0.6781266331672668,3027.23
PvVpgXTKXpLEWqn,40,6817.526292439645,43.51345830576611,1756.362708568573,40.444898469373584,397.481192111969,0.6442202925682068,3026.21
PvVpgXTKXpLEWqn,41,6827.066769105852,44.94841606263071,1741.0178732722998,46.459638596046716,403.5695095062256,0.6120092868804932,3030.47
PvVpgXTKXpLEWqn,42,6851.0683440223365,43.194664313457906,1725.7022097967565,51.519346822518855,395.7359118461609,0.5814088582992554,3036.4
PvVpgXTKXpLEWqn,43,6894.39207901078,49.51230628415942,1664.7084471583366,54.8162179911742,405.1710648536682,0.5523384213447571,3041.58
PvVpgXTKXpLEWqn,44,6936.049474619329,47.71418737107888,1642.3922264873981,66.95435352413915,395.19136142730713,0.5247215032577515,3046.13
PvVpgXTKXpLEWqn,45,6962.1395750883385,52.635363321751356,1605.7870101332664,80.44455618958455,402.4535369873047,0.49848541617393494,3057.93
PvVpgXTKXpLEWqn,46,6999.676920611411,55.57554278243333,1562.5204330384731,91.19323000696022,406.3301901817322,0.4735611379146576,3067.56
PvVpgXTKXpLEWqn,47,7033.337627197543,54.017135065136245,1545.1749567985535,94.17744218406733,401.1096715927124,3.663721650838852,3064.2
PvVpgXTKXpLEWqn,48,7077.011745606083,59.48105855099857,1485.5517951278016,102.13099343539216,415.4144320487976,3.480535537004471,3068.15
PvVpgXTKXpLEWqn,49,7113.85213990575,60.6356118991971,1454.0687228925526,114.57082519802498,423.81109857559204,3.3065088093280792,3065.51
PvVpgXTKXpLEWqn,50,7155.090133717749,63.57912463136017,1405.139826618135,113.92452022660291,432.1102046966553,3.1411832869052887,3061.15
PvVpgXTKXpLEWqn,51,7193.812762206886,66.48821364250034,1369.4607888162136,135.10853093623882,437.74217414855957,2.984124094247818,3070.59
PvVpgXTKXpLEWqn,52,7241.54433266737,65.66042945999652,1334.188079541549,146.3447101112688,434.9921374320984,2.834918051958084,3072.79
PvVpgXTKXpLEWqn,53,7276.32980600337,70.70373797509819,1296.5137572735548,160.61066514608683,438.360143661499,2.7336753383278847,3081.44
PvVpgXTKXpLEWqn,54,7314.016120559303,73.93220291053876,1245.9271321743727,166.99282275192672,446.82109689712524,2.5969915948808193,3088.89
PvVpgXTKXpLEWqn,55,7355.4923241465585,74.29703622985107,1210.0264827683568,182.59321812004782,460.3852925300598,2.46714199334383,3084.86
PvVpgXTKXpLEWqn,56,7395.953115567972,69.04311727150343,1194.8827713998035,200.0186383263208,462.74929332733154,2.3437849655747414,3079.73
PvVpgXTKXpLEWqn,57,7440.443908265734,68.49059538473375,1148.6461002156138,194.6107634382788,466.64391899108887,4.721427820622921,3075.11
PvVpgXTKXpLEWqn,58,7485.128594180162,68.50822949409485,1115.7460367623717,196.8353875335888,468.55940341949463,4.485356401652098,3063.38
PvVpgXTKXpLEWqn,59,7521.961149880837,71.63112201937474,1085.151536441641,201.21268536924617,474.6299624443054,4.261088589206338,3052.1
PvVpgXTKXpLEWqn,60,7553.741421824321,73.7663351027295,1053.0503804534674,225.67690435581608,489.8253149986267,4.04803417250514,3059.34
PvVpgXTKXpLEWqn,61,7592.794429782778,74.11452439113054,1022.3924783747643,220.09978272387525,495.39401149749756,4.076467722654343,3039.48
PvVpgXTKXpLEWqn,62,7630.720364460722,74.51480601611547,990.472644329071,229.8142305071815,502.09552812576294,3.872644329443574,3035.88
PvVpgXTKXpLEWqn,63,7664.980485003442,74.02962505072355,972.8012503832579,222.7327644166071,500.02855825424194,3.6790121272206306,3014.57
PvVpgXTKXpLEWqn,64,7702.419966426678,78.09335493575782,931.2230556979775,238.09051523168455,506.8441038131714,3.495061518624425,3023.01
PvVpgXTKXpLEWqn,65,7735.901903520338,78.21537021076074,906.361332366243,251.79638979927404,516.4546957015991,3.3203083779662848,3018.18
PvVpgXTKXpLEWqn,66,7770.819939785637,82.68282618105877,866.5497331917286,276.60680328225135,541.9158477783203,4.086026070639491,3018.72
PvVpgXTKXpLEWqn,67,7813.882427508477,80.78811086365022,853.1341227442026,270.01427698138286,540.9506788253784,3.881724778562784,2985.14
PvVpgXTKXpLEWqn,68,7852.222944646142,81.19140110444278,816.9676070287824,271.5927653175313,550.0424723625183,3.687638519331813,2974.86
PvVpgXTKXpLEWqn,69,7884.256838821457,83.46189153194427,791.023649382405,278.44021130743204,571.121780872345,3.503256566822529,2952.08
PvVpgXTKXpLEWqn,70,7917.317890617065,81.62135418539401,767.7424554447643,291.9500171197287,576.8044247627258,3.328093847259879,2951.79
PvVpgXTKXpLEWqn,71,7950.495489107445,80.80204222572502,740.2387919388711,310.8501492126088,590.2405180931091,3.161689043045044,2952.24
PvVpgXTKXpLEWqn,72,7983.287425758899,82.05930878542131,733.1246566046029,310.49508046815754,601.9407591819763,3.0036046486347914,2913.09
PvVpgXTKXpLEWqn,73,8019.370679322281,85.00127684467589,703.4040547907352,309.44748846278526,614.8685731887817,2.8534244364127517,2889.66
PvVpgXTKXpLEWqn,74,8056.390872028307,89.3022751994431,674.8355737756938,347.6343528601283,633.619423866272,2.710753192193806,2896.2
PvVpgXTKXpLEWqn,75,8098.305115303956,87.56946557489573,665.3579066423699,331.4846385088458,633.3754887580872,2.5752155585214496,2849.45
PvVpgXTKXpLEWqn,76,8128.276603296399,85.59107628342463,648.7993981800973,336.74064249735966,646.1123852729797,2.446454701013863,2830.41
PvVpgXTKXpLEWqn,77,8157.162732903846,87.7132519306615,632.1673484100029,348.7363552264869,663.0272789001465,2.3241319796070457,2810.99
PvVpgXTKXpLEWqn,78,8188.109629511833,86.67362727224827,612.9490461093374,344.12540601938963,676.6839923858643,2.2079254118725657,2781.92
PvVpgXTKXpLEWqn,79,8217.884739094647,86.15494621545076,590.9095849795267,360.5176057703793,693.9504652023315,2.0975291589275002,2773.72
PvVpgXTKXpLEWqn,80,8247.104462000949,86.48272078670561,579.2133088747505,370.31699166819453,709.3916025161743,1.99265272077173,2750.12
PvVpgXTKXpLEWqn,81,8292.300321681425,87.15483728982508,555.121428348124,392.53510952182114,725.9245204925537,1.8930200701579452,2733.93
PvVpgXTKXpLEWqn,82,8333.484353764448,90.31305391713977,537.3647872349247,372.94625790044665,741.181149482727,1.7983690379187465,2672.4
PvVpgXTKXpLEWqn,83,8373.503691364545,92.30268388986588,523.6697271196172,351.0012089498341,742.6918811798096,1.7084506014361978,2620.54
PvVpgXTKXpLEWqn,84,8399.546745664818,102.83039995282888,481.35938964784145,395.412764467299,777.6402492523193,1.6230280874297023,2635.66
PvVpgXTKXpLEWqn,85,8431.361836113501,100.31227053329349,482.42066370509565,410.6636980827898,800.8171033859253,1.5418766494840384,2597.29
PvVpgXTKXpLEWqn,86,8469.172743979841,95.65439638867974,469.5637426394969,390.0657455511391,804.2823524475098,1.4647828293964267,2552.86
PvVpgXTKXpLEWqn,87,8503.142563327812,97.77612725598738,443.4272158257663,398.77855227328837,822.7754831314087,1.3915436761453748,2533.05
PvVpgXTKXpLEWqn,88,8533.570425979458,100.6207758836681,421.7938663698733,405.907002273947,845.7285556793213,1.321966532152146,2505.52
PvVpgXTKXpLEWqn,89,8563.144991273875,98.6504745669663,421.58374739345163,418.52093720808625,865.2765407562256,1.2558681797236204,2471.12
PvVpgXTKXpLEWqn,90,8592.187299949743,96.53155531152152,411.2856294801459,417.46600597910583,886.0987863540649,1.1930747609585524,2432.56
PvVpgXTKXpLEWqn,91,8617.698942907315,93.13566780253313,407.57181244250387,400.20621508173645,896.5541000366211,1.133421026635915,2386.38
PvVpgXTKXpLEWqn,92,8643.622403538437,93.09824197925627,384.1925286385231,400.9701443426311,914.5806980133057,1.076749972999096,2366.55
PvVpgXTKXpLEWqn,93,8673.833116662223,93.47798508428968,375.4861630834639,406.83583756443113,931.7070770263672,1.0229124701581895,2333.35
PvVpgXTKXpLEWqn,94,8700.308390202,95.42085232795216,359.8713177256286,423.7873174101114,961.5562973022461,0.971766869071871,2307.6
PvVpgXTKXpLEWqn,95,8729.418448064476,94.35690060874913,359.0941662155092,416.26679854281247,982.2886123657227,0.9231784981675446,2252.03
PvVpgXTKXpLEWqn,96,8763.807135931682,92.57172101642936,362.8866283678217,421.4503017254174,990.1810283660889,0.8770195846445858,2212.88
PvVpgXTKXpLEWqn,97,8793.986564711202,94.09586973302066,341.50922934152186,437.69956655055285,1016.0959062576294,0.8331686090677977,2192.85
PvVpgXTKXpLEWqn,98,8819.975454572588,93.95343904010952,338.7370517514646,430.11588709335774,1037.5839309692383,0.7915101535618305,2140.66
PvVpgXTKXpLEWqn,99,8849.786376329605,96.1206064466387,314.95217994600534,422.3413855135441,1063.6483182907104,0.7519346664194018,2098.59
PvVpgXTKXpLEWqn,100,8875.857058784808,98.45574687235057,320.6154662659392,421.13903322815895,1079.8742446899414,0.7143379510380328,2047.05
PvVpgXTKXpLEWqn,101,8898.767473850865,100.55432368442416,308.98486104793847,435.51784472353756,1100.6413612365723,0.6786210588179529,2027.25
PvVpgXTKXpLEWqn,102,8927.799112641253,103.63399908412248,282.93090268597007,429.79401067458093,1128.5215148925781,0.644689982989803,1987.55
PvVpgXTKXpLEWqn,103,8955.722927348223,106.40751791000366,277.45323771610856,430.6398421302438,1152.7452449798584,0.6124554879497737,1938.92
PvVpgXTKXpLEWqn,104,8981.750312841032,105.88709798268974,274.73312396131223,417.60310107888654,1172.6849117279053,0.5818327248562127,1883.13
PvVpgXTKXpLEWqn,105,9006.51267827861,109.90043069422245,261.7778040934354,424.9980076402426,1202.7441577911377,0.5527410802897066,1844.62
PvVpgXTKXpLEWqn,106,9034.345447232947,110.50781420245767,249.17229586839676,414.0306483209133,1223.328037261963,0.5251040214207023,1797.2
PvVpgXTKXpLEWqn,107,9055.205462026875,112.83881218731403,235.87635863409378,419.4683145880699,1258.6221332550049,0.49884882383048534,1757.42
PvVpgXTKXpLEWqn,108,9070.654293394182,113.2213194295764,250.83292029588483,400.7130294442177,1274.388349533081,0.4739063836168498,1692.09
PvVpgXTKXpLEWqn,109,9089.664541282691,112.84932889044285,235.1118256933987,399.1633660495281,1295.2634029388428,0.4502110683824867,1666.72
PvVpgXTKXpLEWqn,110,9112.110776776972,114.74899466335773,211.175302223186,400.653931081295,1324.275520324707,0.42770050652325153,1638.77
PvVpgXTKXpLEWqn,111,9133.311983969099,115.0417063087225,222.3027021624148,395.0063269138336,1343.3683757781982,0.40631549060344696,1581.39
PvVpgXTKXpLEWqn,112,9156.58936542584,118.07667237892747,185.37959212157875,391.0291675925255,1380.7061195373535,0.385999700287357,1550.66
PvVpgXTKXpLEWqn,113,9186.597149805719,116.1984776686877,188.80210805591196,379.27649434655905,1402.4539222717285,0.3666997250402346,1485.59
PvVpgXTKXpLEWqn,114,9213.33301499323,117.86417491734028,177.40086899977177,372.08937948197126,1433.5990676879883,0.34836474107578397,1430.24
PvVpgXTKXpLEWqn,115,9239.333935506409,121.16693851351738,154.08035690209363,360.63006895780563,1475.7606506347656,0.33094649971462786,1370.62
PvVpgXTKXpLEWqn,116,9267.32484176103,120.90956831723452,159.01455100812018,354.1886318027973,1508.5587978363037,0.31439917313400656,1298.7
PvVpgXTKXpLEWqn,117,9295.677819948178,120.07174851000309,169.37502374034375,342.6878613829613,1525.1579151153564,0.29867921164259315,1232.7
PvVpgXTKXpLEWqn,118,9328.911810542457,124.75158261880279,117.71499191783369,330.8926200270653,1573.2668056488037,0.28374525252729654,1186.53
PvVpgXTKXpLEWqn,119,9358.342387507204,126.91369958221912,128.90513433143497,305.0038629770279,1601.5834465026855,0.269557990366593,1089.53
PvVpgXTKXpLEWqn,120,9387.848323738464,131.49667861312628,110.82190977409482,286.64863604307175,1638.3073444366455,0.25608009612187743,1018.43
PvVpgXTKXpLEWqn,121,9411.227702723583,133.8311662003398,102.08022071048617,267.79340809583664,1670.995590209961,0.24327609094325453,949.902
PvVpgXTKXpLEWqn,122,9426.950479007326,135.01979788392782,100.7246631286107,249.82286354340613,1704.5127067565918,0.2311122843530029,882.846
PvVpgXTKXpLEWqn,123,9441.618823543075,136.93312239646912,89.46924112737179,233.23911624075845,1744.4362354278564,0.2195566714508459,821.001
PvVpgXTKXpLEWqn,124,9448.245103037334,137.14358998835087,89.67782794684172,215.671317985747,1783.806978225708,0.20857883524149656,757.006
PvVpgXTKXpLEWqn,125,9461.963675526902,135.88458117842674,96.33497882075608,198.18839900568128,1809.5950298309326,0.19814989250153303,694.608
PvVpgXTKXpLEWqn,126,9474.70881466713,138.12805071473122,82.01507237181067,186.03459972143173,1841.5922412872314,0.18824239657260478,649.779
PvVpgXTKXpLEWqn,127,9486.452298567689,136.55525715649128,94.35119483061135,170.3358075916767,1859.793556213379,0.17883027956122532,593.362
PvVpgXTKXpLEWqn,128,9495.696213318966,143.60525572905317,48.05691105686128,161.2907548956573,1915.5347728729248,0.16988876671530306,558.568
PvVpgXTKXpLEWqn,129,9504.098082436714,145.26270893216133,65.58540495485067,139.69068935513496,1946.0046882629395,0.1613943256670609,478.901
PvVpgXTKXpLEWqn,130,9507.954032572918,150.75359338521957,46.40049780695699,128.25382035970688,1994.5057106018066,0.15332461579237133,428.793
PvVpgXTKXpLEWqn,131,9523.788193266373,148.73362654447556,51.471027694642544,111.84885758161545,2027.5329818725586,0.14565838052658364,360.469
PvVpgXTKXpLEWqn,132,9537.812091451371,145.94403919018805,56.04641538643045,97.52634608745575,2058.85227394104,0.13837546401191503,299.01
PvVpgXTKXpLEWqn,133,9542.567207154352,147.41666102409363,59.25845635251608,84.51782870292664,2095.1914806365967,0.13145669002551585,240.215
PvVpgXTKXpLEWqn,134,9548.167235119035,148.06699681282043,56.95218119863421,70.65278813242912,2140.831554412842,0.12488385272445157,176.76
PvVpgXTKXpLEWqn,135,9554.268966644071,148.61314219236374,80.38620484247804,54.91914877295494,2168.5920028686523,0.11863966443343088,103.177
PvVpgXTKXpLEWqn,136,9560.30875380477,151.63841105997562,73.12698638968868,39.996483724564314,2206.6540241241455,0.11270767997484654,48.381
PvVpgXTKXpLEWqn,137,9570.33659094281,156.2687414996326,59.971198369166814,29.64635280519724,2261.0871906280518,0.1070722957374528,-17.9103
PvVpgXTKXpLEWqn,138,9583.121212588623,154.1322147990577,111.37964295456186,20.933826811611652,2279.2014923095703,0.10171868180623278,-106.799
PvVpgXTKXpLEWqn,139,9588.428603216307,159.6735766909551,86.37008208781481,17.56124748289585,2338.0457401275635,0.09663274441845715,-154.86
PvVpgXTKXpLEWqn,140,9597.483512729872,159.82111855293624,124.18324614828452,12.462242130190134,2369.0359420776367,0.0918011095491238,-237.97
PvVpgXTKXpLEWqn,141,9608.236106918659,159.42873168434016,124.58327295887284,9.807415559887886,2402.876907348633,0.08721105480799451,-285.23
PvVpgXTKXpLEWqn,142,9610.68736018303,164.64306459500222,119.74561281688511,7.989644378423691,2457.1888465881348,0.08285050094127655,-344.192
PvVpgXTKXpLEWqn,143,9613.729388301188,167.379729756678,142.74279804783873,6.3135308139026165,2494.2596740722656,0.07870797486975789,-411.719
PvVpgXTKXpLEWqn,144,9618.192589738508,169.03580853063613,148.8420506878756,5.211194254457951,2539.8896141052246,0.07477257811115123,-470.674
PvVpgXTKXpLEWqn,145,9625.373388314722,167.47682185843587,161.38147487863898,4.635321155190468,2580.770294189453,0.0710339492361527,-530.296
PvVpgXTKXpLEWqn,146,9628.546548638144,173.51166653027758,164.92716904403642,3.5316329039633274,2635.6940307617188,0.06748225013143383,-599.08
PvVpgXTKXpLEWqn,147,9629.235922280233,181.62049809994642,168.64239821955562,2.964263379573822,2683.7902221679688,0.06410813663387671,-660.261
PvVpgXTKXpLEWqn,148,9631.8650727692,185.68283751048148,164.44071236718446,2.111055448651314,2734.745777130127,0.060902731522219256,-714.562
PvVpgXTKXpLEWqn,149,9636.288601680659,182.91169387311675,200.8399037886411,1.802027389407158,2764.162624359131,0.057857593696098775,-782.343
PvVpgXTKXpLEWqn,150,9640.469957733294,182.60136081994278,216.95093119889498,1.213736616075039,2799.16703414917,0.05496471491642296,-837.921
PvVpgXTKXpLEWqn,151,9641.09946366772,186.34961305576144,201.84363230038434,1.0242406614124775,2864.9711303710938,0.05221647990401834,-893.187
PvVpgXTKXpLEWqn,152,9640.529627131531,192.00315310584847,200.72618568316102,0.7985740080475807,2921.3729667663574,0.0496056548145134,-953.784
PvVpgXTKXpLEWqn,153,9644.320894078119,195.91178118262906,193.68494543246925,0.7586453221738338,2978.7070808410645,0.047125372308073565,-1011.82
PvVpgXTKXpLEWqn,154,9648.534411105677,193.48898776737042,213.65337519627064,0.720713060349226,3020.2794456481934,0.04476910467201378,-1075.19
PvVpgXTKXpLEWqn,155,9651.818849916512,193.9366391900985,213.67830308154225,0.6846773959696293,3074.8004417419434,0.04253064906515647,-1133.51
PvVpgXTKXpLEWqn,156,9652.271721662313,195.77870377342333,237.69737672246993,0.4001847989857197,3116.0864753723145,0.04040411669120658,-1201.39
PvVpgXTKXpLEWqn,157,9658.305177986447,198.66651265136898,212.04505126085132,0.38017556443810463,3170.2193641662598,0.03838391081080772,-1238.82
PvVpgXTKXpLEWqn,158,9659.48851062922,203.87437668989878,212.22295949608088,0.361166775226593,3229.5836753845215,0.036464714343310334,-1304.77
PvVpgXTKXpLEWqn,159,9659.541655350477,201.81501406477764,237.8342197490856,0.20776677504181862,3265.0653686523438,0.03464148000057321,-1364.01
PvVpgXTKXpLEWqn,160,9654.535728989169,204.52583097713068,238.61347416949866,0.19737843796610832,3312.5437202453613,0.03290940512670204,-1409.99
PvVpgXTKXpLEWqn,161,9650.937213992467,211.76325701983296,218.77612155489624,0.11038676276803017,3373.1533012390137,0.031263935030438006,-1454.49
PvVpgXTKXpLEWqn,162,9646.044689992443,217.86881281575188,229.3787464145571,0.10486742481589317,3440.2450675964355,0.029700737999519333,-1533.4
PvVpgXTKXpLEWqn,163,9646.94786639046,216.62889884965261,240.2691853204742,0.09962405264377594,3492.426658630371,0.028215701095177792,-1596.14
PvVpgXTKXpLEWqn,164,9650.110062658321,213.75635442743078,262.0236614290625,0.09464285522699356,3530.0782623291016,0.026804915818502195,-1655.85
PvVpgXTKXpLEWqn,165,9645.65247064177,215.52209253096953,267.2727131135762,0.08991071209311485,3585.4619483947754,0.025464670587098226,-1713.79
PvVpgXTKXpLEWqn,166,9643.168752591708,218.55153999710456,248.86007473466452,0.08541517332196236,3646.5371894836426,0.024191436808905564,-1757.01
PvVpgXTKXpLEWqn,167,9642.952634549467,221.7017679051496,253.0746047059074,0.08114441484212875,3713.0175170898438,0.02298186542611802,-1830.64
PvVpgXTKXpLEWqn,168,9644.312604578445,224.41414658608846,240.4607694982551,0.07708719559013844,3772.9615783691406,0.02183277204312617,-1882.05
PvVpgXTKXpLEWqn,169,9642.319817520329,224.20593387889676,272.0568335268181,0.07323283515870571,3810.836639404297,0.020741132626426406,-1949.33
PvVpgXTKXpLEWqn,170,9647.79680382507,225.1362062122207,261.9907944290899,0.06957119144499302,3865.530750274658,0.01970407643239014,-2000.37
PvVpgXTKXpLEWqn,171,9647.31508184399,223.33722630678676,266.9460918405093,0.06609263271093369,3917.439437866211,0.018718872794124763,-2054.95
PvVpgXTKXpLEWqn,172,9645.5524419992,227.08514015632682,276.3736729528755,0.06278800219297409,3966.2700119018555,0.01778292909875745,-2115.2
PvVpgXTKXpLEWqn,173,9642.307636866084,230.67800091556273,240.47392586246133,0.059648601338267326,4038.354892730713,0.016893782616534736,-2151.74
PvVpgXTKXpLEWqn,174,9641.650466309045,232.13782107783481,258.5956347603351,0.05666617304086685,4096.537631988525,0.016049093428591732,-2228.85
PvVpgXTKXpLEWqn,175,9641.790023657493,230.06378931284416,267.2579875383526,0.05383286438882351,4145.277027130127,0.015246639035467524,-2284.32
PvVpgXTKXpLEWqn,176,9645.68196576205,233.82105210295413,260.41527465730906,0.04343575984239578,4204.463325500488,0.014484306688245852,-2344.32
PvVpgXTKXpLEWqn,177,9654.046926890733,231.47415235749213,269.30815937090665,0.04126397194340825,4263.481407165527,0.013760091584117617,-2418.26
PvVpgXTKXpLEWqn,178,9662.36604624812,236.32532657543197,271.9891217742115,0.0392007720656693,4328.748630523682,0.013072086629108526,-2499.38
PvVpgXTKXpLEWqn,179,9660.792088086368,241.48047338193282,271.9235692145303,0.03724073339253664,4400.395603179932,0.012418482416251209,-2574.54
PvVpgXTKXpLEWqn,180,9659.63034518552,238.9487667172216,273.6275610139128,0.03537869732826948,4466.391952514648,0.011797558425314492,-2638.55
PvVpgXTKXpLEWqn,181,9661.194801848731,245.4304192024283,251.25083955656737,0.033609761856496334,4543.3093338012695,0.011207680690858979,-2701.14
PvVpgXTKXpLEWqn,182,9664.403017420322,251.43444782414008,260.3300954028964,0.031929273158311844,4604.989170074463,0.010647296567185549,-2781.11
PvVpgXTKXpLEWqn,183,9667.773141652113,252.69298775400966,245.30499386391602,0.005381010938435793,4672.797088623047,0.01011493148689624,-2838.55
PvVpgXTKXpLEWqn,184,9666.206289153895,253.9599347524345,270.154519258067,0.00511196069419384,4736.029106140137,0.009609185028239153,-2926.34
PvVpgXTKXpLEWqn,185,9663.82649543602,252.61834233812988,295.658210366033,0.004856362473219633,4785.760925292969,0.009128725821938133,-2997.85
PvVpgXTKXpLEWqn,186,9663.778450298822,251.12099580280483,296.2843239950016,0.004613544326275587,4850.509368896484,0.00867228965216782,-3061.68
PvVpgXTKXpLEWqn,187,9669.878120011184,252.03990963473916,282.2943440331146,0.0043828669004142284,4927.773452758789,0.008238675054599298,-3131.97
PvVpgXTKXpLEWqn,188,9665.564730764832,259.2944906614721,289.6279889740981,0.0041637239046394825,4994.446640014648,0.00782674111178494,-3208.92
PvVpgXTKXpLEWqn,189,9669.642976245726,262.41549982503057,263.39598820742685,0.0039555374532938,5081.004173278809,0.007435404102579923,-3276.45
PvVpgXTKXpLEWqn,190,9678.329409095924,265.56881270743906,247.0433946857229,0.003757760627195239,5168.663215637207,0.007063633802317781,-3359.59
PvVpgXTKXpLEWqn,191,9685.292188076797,270.33885101415217,230.22311733290553,0.003569872584193945,5247.048263549805,0.006710452413244639,-3432.89
PvVpgXTKXpLEWqn,192,9696.951824886724,272.376922050491,244.93446857761592,0.0033913790248334408,5316.702529907227,0.006374929675075691,-3530.96
PvVpgXTKXpLEWqn,193,9705.539911819622,278.91571910795756,225.9389304239303,0.003221810096874833,5408.800491333008,0.006056183290638728,-3619.19
PvVpgXTKXpLEWqn,194,9712.047691370128,286.40936750220135,203.03883972828044,0.0030607194639742374,5509.872138977051,0.005753374118285137,-3711.36
PvVpgXTKXpLEWqn,195,9712.025574642466,292.7781432196498,233.53986600227654,0.0029076836071908474,5584.20548248291,0.00546570533515478,-3822.54
PvVpgXTKXpLEWqn,196,9714.078235095832,296.844332519453,219.95640590041876,0.002762299496680498,5678.2558670043945,0.005192420225284877,-3909.13
PvVpgXTKXpLEWqn,197,9710.939238157123,307.2176369703375,229.62712820246816,0.0026241843588650227,5757.612770080566,0.004932799120069831,-4005.39
PvVpgXTKXpLEWqn,198,9711.354078939577,312.8324773844797,223.28705111984164,0.0024929752107709646,5844.764892578125,0.004686159098127973,-4092.23
PvVpgXTKXpLEWqn,199,9714.952752740122,322.0674577190075,180.63216548971832,0.0023683265317231417,5951.9394607543945,0.00445185117496294,-4169.58
PvVpgXTKXpLEWqn,200,9722.509145718068,322.50904040411115,188.87730201985687,0.002249910030514002,6039.399978637695,0.004229258542181924,-4273.29
PvVpgXTKXpLEWqn,201,9726.386472100392,321.30878757685423,216.66042005084455,0.0,6110.123466491699,0.0040177957380365115,-4374.48
PvVpgXTKXpLEWqn,202,9725.383812639397,330.2414917256683,171.1654708830174,0.0,6223.982795715332,0.003816905862549902,-4450.77
PvVpgXTKXpLEWqn,203,9734.035472680058,335.3371943626553,178.2964123627171,0.0,6326.107139587402,0.003626060597525793,-4573.77
PvVpgXTKXpLEWqn,204,9738.610890754499,337.96933976374567,193.09956930950284,0.0,6400.841987609863,0.0034447575744707137,-4670.52
PvVpgXTKXpLEWqn,205,9747.16337348125,346.4121202228125,141.03128623217344,0.0,6534.1187744140625,0.003272519754318637,-4768.72
PvVpgXTKXpLEWqn,206,9748.802170252871,350.69640372134745,156.5273495092988,0.0,6633.945602416992,0.003108893733951845,-4889.97
PvVpgXTKXpLEWqn,207,9748.566250870004,349.06801307201385,195.11262536328286,0.0,6703.917373657227,0.0029534490740843466,-4996.66
PvVpgXTKXpLEWqn,208,9742.908275785856,348.94305715709925,193.68973817303777,0.0,6782.287841796875,0.0028057765466655837,-5067.83
PvVpgXTKXpLEWqn,209,9737.017953538802,345.3971299827099,213.6195112913847,0.0,6858.5665283203125,0.0026654877701730584,-5154.6
PvVpgXTKXpLEWqn,210,9739.726402274333,350.644898891449,184.64006976038218,0.0,6962.362953186035,0.0025322133560621296,-5237.37
PvVpgXTKXpLEWqn,211,9745.421155255288,344.45449490100145,207.31846789922565,0.0,7049.229461669922,0.002405602703220211,-5346.42
PvVpgXTKXpLEWqn,212,9745.721353247995,342.29177310690284,227.97631681710482,0.0,7138.668197631836,0.0022853225509607,-5454.66
PvVpgXTKXpLEWqn,213,9746.43338343373,346.5219301097095,207.8246934209019,0.0,7234.452178955078,0.002171056421502726,-5535.23
PvVpgXTKXpLEWqn,214,9744.610807947465,345.6049216426909,217.16269384603947,0.0,7315.405403137207,0.002062503633169399,-5622.78
PvVpgXTKXpLEWqn,215,9741.440117047765,341.7767128460109,215.63562951702625,0.0,7398.790260314941,0.0019593784481912735,-5697.64
PvVpgXTKXpLEWqn,216,9737.628750953707,338.83805541991023,235.08712252229452,0.0,7486.010513305664,0.001861409501543676,-5797.56
PvVpgXTKXpLEWqn,217,9742.094845159794,337.62152227031766,244.41456774435937,0.0,7570.922828674316,0.0017683390415186295,-5895.05
PvVpgXTKXpLEWqn,218,9747.798355002888,335.8870730130002,252.29242307506502,0.0,7657.4229736328125,0.0016799220693428651,-5993.4
PvVpgXTKXpLEWqn,219,9749.513261281885,347.1214805394411,208.49952630978078,0.0,7782.3145751953125,0.0015959259599185316,-6087.45
PvVpgXTKXpLEWqn,220,9761.729943155951,349.6028368566185,211.97193131991662,0.0,7882.192565917969,0.0015161296887526987,-6205.5
PvVpgXTKXpLEWqn,221,9768.06616801917,359.8942966014147,197.02353994362056,0.0,7991.440444946289,0.001440323165297741,-6316.42
PvVpgXTKXpLEWqn,222,9785.849317671271,362.9491820316762,182.87946782633662,0.0,8104.5650634765625,0.001368307036045735,-6436.24
PvVpgXTKXpLEWqn,223,9798.901961270021,358.7452574837953,225.1422890778631,0.0,8183.7760009765625,0.0012998916681681294,-6566.56
PvVpgXTKXpLEWqn,224,9801.267157462193,366.40919174067676,183.6938946498558,0.0,8311.2255859375,0.0012348970940365689,-6662.59
PvVpgXTKXpLEWqn,225,9799.212117604271,374.3519824836403,197.1068757926114,0.0,8419.789505004883,0.0011731522340596712,-6790.46
PvVpgXTKXpLEWqn,226,9801.041466382041,379.47421236196533,189.19185784831643,0.0,8525.940246582031,0.0011144946251988586,-6895.65
PvVpgXTKXpLEWqn,227,9811.78397113271,377.71469810279086,228.29743235884234,0.0,8600.204887390137,0.0010587698798190104,-7018.0
PvVpgXTKXpLEWqn,228,9825.558630050218,377.92686915630475,202.03493467438966,0.0,8698.903778076172,0.0010058314196612628,-7104.42
PvVpgXTKXpLEWqn,229,9828.566296993755,382.744635572657,191.32681798003614,0.0,8806.683815002441,0.0009555398378324753,-7209.32
PvVpgXTKXpLEWqn,230,9831.451684274245,380.37957914173603,215.44607331044972,0.0,8894.711303710938,0.000907762853330496,-7321.99
PvVpgXTKXpLEWqn,231,9843.679250979621,385.12645282782614,148.9919609669596,0.0,9035.241134643555,0.0008623746980447322,-7413.04
PvVpgXTKXpLEWqn,232,9854.35365672526,377.45916939899325,200.95521021727473,0.0,9126.8363571167,0.0008192559548660938,-7559.6
PvVpgXTKXpLEWqn,233,9856.884763823124,384.35785474069417,151.17215872183442,0.0,9244.932289123535,0.0007782931675137661,-7637.35
PvVpgXTKXpLEWqn,234,9875.598025488202,382.75750557146966,144.52833420224488,0.0,9352.945320129395,0.0007393785251679219,-7755.83
PvVpgXTKXpLEWqn,235,9895.448407343589,388.10357975773513,99.56432392075658,0.0,9484.524101257324,0.0007024095741599012,-7867.64
PvVpgXTKXpLEWqn,236,9909.102281594765,395.344239609316,136.11861955188215,0.0,9579.993843078613,0.0006672891147445625,-8020.56
PvVpgXTKXpLEWqn,237,9920.902214123635,406.0816125459969,96.46279417630285,0.0,9728.551368713379,0.0006339246465358883,-8152.0
PvVpgXTKXpLEWqn,238,9931.226041972754,408.3884636461735,135.14504000917077,0.0,9832.702667236328,0.0006022284205755568,-8307.46
PvVpgXTKXpLEWqn,239,9944.702596853022,421.7802150249481,70.50112586608157,0.0,9990.212547302246,0.0005721170009564958,-8427.2
PvVpgXTKXpLEWqn,240,9954.901024509221,419.6683412641287,134.6150567540899,0.0,10082.089057922363,0.000543511143860087,-8591.27
PvVpgXTKXpLEWqn,241,9967.313221679535,424.2722865641117,89.68513851473108,0.0,10216.07593536377,0.0005163355949662218,-8697.35
PvVpgXTKXpLEWqn,242,9981.076111769187,427.0472641736269,106.12463863007724,0.0,10335.747550964355,0.0004905188168322638,-8850.0
PvVpgXTKXpLEWqn,243,9999.828239923343,435.5638712197542,89.99944827146828,0.0,10464.695030212402,0.000465992881117927,-8990.09
PvVpgXTKXpLEWqn,244,10015.131542176707,431.08075922727585,131.0183102209121,0.0,10562.897239685059,0.00044269321620049595,-9140.13
PvVpgXTKXpLEWqn,245,10023.51281330944,449.2527277842164,57.74473946867511,0.0,10729.110214233398,0.0004205585612453433,-9259.62
PvVpgXTKXpLEWqn,246,10031.713990469696,456.00481732934713,63.57943800650537,0.0,10873.97688293457,0.00039953063605935313,-9425.27
PvVpgXTKXpLEWqn,247,10028.912323036231,458.90503283170983,123.74695074744523,0.0,10967.390045166016,0.00037955410175527504,-9578.95
PvVpgXTKXpLEWqn,248,10037.599604872172,452.77435520553263,116.45531690306962,0.0,11069.728759765625,0.00036057639579212264,-9676.56
PvVpgXTKXpLEWqn,249,10041.582009897567,455.5928541517933,112.59008133225143,0.0,11189.445831298828,0.0003425475673566325,-9799.21
PvVpgXTKXpLEWqn,250,10060.605649961857,448.86862301116344,127.77093027345836,0.0,11312.262222290039,0.0003254201933486911,-9949.51
PvVpgXTKXpLEWqn,251,10071.529296217486,460.4858734536683,69.61617199331522,0.0,11481.42105102539,0.00030914919250335515,-10083.1
PvVpgXTKXpLEWqn,252,10075.136760890018,462.0935878008604,142.61418937146664,0.0,11597.977432250977,0.00029369173273607885,-10277.8
PvVpgXTKXpLEWqn,253,10080.68576922387,467.1039018332958,143.41274727880955,0.0,11734.47135925293,0.0002790071498566249,-10425.7
PvVpgXTKXpLEWqn,254,10083.687598822784,473.4392543695867,161.0069683715701,0.0,11862.078186035156,0.0002650567802220394,-10580.2
PvVpgXTKXpLEWqn,255,10089.685487487703,493.73682208172977,104.89183581387624,0.0,12033.401184082031,0.0002518039517553916,-10721.7
PvVpgXTKXpLEWqn,256,10107.672584520362,491.25348199158907,142.29929406102747,0.0,12156.281784057617,0.00023921374781821214,-10897.5
PvVpgXTKXpLEWqn,257,10127.474153738935,502.20742872543633,75.63008097931743,0.0,12341.149658203125,0.00022725306075699336,-11046.5
PvVpgXTKXpLEWqn,258,10146.931871306617,503.56760290265083,109.16348241828382,0.0,12493.15803527832,0.00021589041091374384,-11252.8
PvVpgXTKXpLEWqn,259,10159.563564371783,510.455908536911,97.28386839106679,0.0,12650.95687866211,0.00020509588500772225,-11418.3
PvVpgXTKXpLEWqn,260,10171.586329290178,512.6738984882832,111.46487063611858,0.0,12783.035049438477,0.00019484109111544967,-11578.8
PvVpgXTKXpLEWqn,261,10173.92983322544,519.6557177752256,124.37549433670938,0.0,12914.92350769043,0.00018509904009533784,-11732.9
PvVpgXTKXpLEWqn,262,10180.239792592125,526.2217621542513,110.91470854450017,0.0,13060.769515991211,0.00017584408743687163,-11878.1
PvVpgXTKXpLEWqn,263,10181.656259977724,533.6163373813033,142.25660929642618,0.0,13180.521255493164,0.00016705187982779535,-12038.0
PvVpgXTKXpLEWqn,264,10189.368640650762,529.5852573364973,143.06495852023363,0.0,13304.554626464844,0.00015869929205791777,-12166.6
PvVpgXTKXpLEWqn,265,10189.65106480848,534.6972079761326,143.34043645486236,0.0,13444.189895629883,0.0001507643261220437,-12311.9
PvVpgXTKXpLEWqn,266,10187.112600183362,538.219299782766,171.97018617764115,0.0,13563.027618408203,0.00014322610849148987,-12460.3
PvVpgXTKXpLEWqn,267,10180.783333430081,548.6847220498603,155.22664738073945,0.0,13690.983764648438,0.00013606480206362903,-12575.7
PvVpgXTKXpLEWqn,268,10192.066205032417,546.7270014341921,195.8279414921999,0.0,13792.394165039062,0.0001292615613124326,-12727.0
PvVpgXTKXpLEWqn,269,10213.082025829484,554.6519022509456,108.00765843782574,0.0,13981.055145263672,0.00012279848539265004,-12856.8
PvVpgXTKXpLEWqn,270,10224.111762170694,559.8724620584399,155.02527924999595,0.0,14126.141586303711,0.00011665855703313355,-13065.2
PvVpgXTKXpLEWqn,271,10242.804614738634,562.6834610644728,131.93421041220427,0.0,14290.696960449219,0.00011082563418085556,-13228.1
PvVpgXTKXpLEWqn,272,10259.556192325443,568.9556351765059,124.64705666713417,0.0,14459.1611328125,0.00010528434972911782,-13412.3
PvVpgXTKXpLEWqn,273,10282.64061832591,572.0787892276421,121.23008361458778,0.0,14619.30044555664,0.00010002013203802562,-13595.2
PvVpgXTKXpLEWqn,274,10292.077567965724,600.5606504194438,17.72650583833456,0.0,14849.464813232422,9.501912495579745e-05,-13759.8
PvVpgXTKXpLEWqn,275,10318.131969931768,597.6108875721693,87.27605939051136,0.0,15005.388305664062,9.026816940149729e-05,-14008.4
PvVpgXTKXpLEWqn,276,10335.426069845213,594.7536723203957,126.46401889435947,0.0,15127.387985229492,8.575476164196516e-05,-14184.0
PvVpgXTKXpLEWqn,277,10355.397141164285,600.889183123596,78.14242217503488,0.0,15297.920104980469,8.1467024841686e-05,-14332.3
PvVpgXTKXpLEWqn,278,10363.43794608285,616.5360185028985,77.05413308739662,0.0,15486.680084228516,7.739367208614567e-05,-14543.7
PvVpgXTKXpLEWqn,279,10375.875461600313,609.2487432584167,125.28376989951357,0.0,15619.871810913086,7.352398819193695e-05,-14730.3
PvVpgXTKXpLEWqn,280,10385.866474632057,616.5890785828233,78.22531646396965,0.0,15783.79508972168,6.98477911100781e-05,-14864.5
PvVpgXTKXpLEWqn,281,10405.035076312604,606.6794771214481,125.0271168500185,0.0,15902.551254272461,6.635540012212005e-05,-15039.3
PvVpgXTKXpLEWqn,282,10417.307714067545,606.2839289577678,117.34991745837033,0.0,16042.095611572266,6.303762845050187e-05,-15183.0
PvVpgXTKXpLEWqn,283,10425.327914611844,608.860314306803,137.54194578155875,0.0,16175.99935913086,5.98857480724746e-05,-15347.7
PvVpgXTKXpLEWqn,284,10442.859267049003,602.9245051422477,133.58164596557617,0.0,16314.93896484375,5.689146104259635e-05,-15494.3
PvVpgXTKXpLEWqn,285,10453.589794370579,607.9059914629906,120.59292837779503,0.0,16451.0263671875,5.4046889033543266e-05,-15633.1
PvVpgXTKXpLEWqn,286,10465.375705122191,633.4141251817346,9.995052594691515,0.0,16678.843017578125,5.134454312383241e-05,-15787.6
PvVpgXTKXpLEWqn,287,10482.581901879748,627.6194096207619,136.45989433303475,0.0,16802.640350341797,4.877731512920036e-05,-16049.3
PvVpgXTKXpLEWqn,288,10502.960764552816,630.3388301059604,86.05596484988928,0.0,16971.113983154297,4.633845020407534e-05,-16190.5
PvVpgXTKXpLEWqn,289,10526.662095059757,621.4700957462192,150.22559175267816,0.0,17100.280303955078,4.402152943328019e-05,-16398.6
PvVpgXTKXpLEWqn,290,10552.68562128098,626.5113759636879,95.32916450686753,0.0,17292.686614990234,4.182045205425311e-05,-16567.2
PvVpgXTKXpLEWqn,291,10579.555185301986,629.2179028168321,87.28558092634194,0.0,17471.362243652344,3.972942874952423e-05,-16767.4
PvVpgXTKXpLEWqn,292,10601.26499379496,636.4658205211163,76.7731237411499,0.0,17647.94711303711,3.7742957744058e-05,-16962.5
PvVpgXTKXpLEWqn,293,10622.076735259558,648.3842304833233,48.30931995436549,0.0,17844.73597717285,3.5855809670692906e-05,-17163.5
PvVpgXTKXpLEWqn,294,10640.338066777273,653.153243470937,90.84184814989567,0.0,18013.6993560791,3.4063019541008543e-05,-17398.0
PvVpgXTKXpLEWqn,295,10663.806236002827,659.5514550693333,74.38541187439114,0.0,18193.46534729004,3.235986811489511e-05,-17591.2
PvVpgXTKXpLEWqn,296,10680.610888883093,667.2523702681065,97.74840086884797,0.0,18349.100479125977,3.0741874681439185e-05,-17794.7
PvVpgXTKXpLEWqn,297,10704.1276308503,676.4658493772149,65.71976417023689,0.0,18525.101150512695,2.9204780901181948e-05,-17971.4
PvVpgXTKXpLEWqn,298,10721.127543726237,692.6347666159272,24.240048602223396,0.0,18749.319107055664,2.7744542506979997e-05,-18187.3
PvVpgXTKXpLEWqn,299,10741.66643299075,702.1873553099576,49.28289044648409,0.0,18961.205993652344,2.6357314823144407e-05,-18454.3
PvVpgXTKXpLEWqn,300,10766.688422020641,709.0065595435444,55.609503757208586,0.0,19147.719329833984,2.503944912746192e-05,-18679.0
PvVpgXTKXpLEWqn,301,10781.898311671277,736.1390306497924,0.24844016134738922,0.0,19370.628051757812,2.3787476720826817e-05,-18888.9
PvVpgXTKXpLEWqn,302,10817.454882615246,741.7482754657394,28.381304401904345,0.0,19573.03887939453,2.259810304394705e-05,-19160.6
PvVpgXTKXpLEWqn,303,10830.545222882181,770.1963652963168,-14.23724303022027,0.0,19814.833740234375,2.1468198255547577e-05,-19401.3
PvVpgXTKXpLEWqn,304,10850.044710222166,774.3920962941484,42.67674942687154,0.0,19987.269897460938,2.0394787490829458e-05,-19654.4
PvVpgXTKXpLEWqn,305,10867.492044348968,786.1650380939245,52.46331210248172,0.0,20170.181762695312,1.937504842430826e-05,-19876.3
PvVpgXTKXpLEWqn,306,10889.172932658577,813.4208595752716,-68.37176371924579,0.0,20473.415496826172,1.8406295765771574e-05,-20107.6
PvVpgXTKXpLEWqn,307,10916.949058527243,798.9903977587819,97.29959114268422,0.0,20626.203399658203,1.7485981260279004e-05,-20439.4
PvVpgXTKXpLEWqn,308,10930.932986257947,799.9174676742405,120.18224183470011,0.0,20781.58999633789,1.6611682205791567e-05,-20632.6
PvVpgXTKXpLEWqn,309,10950.156300442759,812.2688118424267,72.60249691456556,0.0,20992.77099609375,1.5781097637557195e-05,-20827.8
PvVpgXTKXpLEWqn,310,10979.019850633922,832.534914849326,17.811436645686626,0.0,21252.815856933594,1.4992043418260437e-05,-21082.2
PvVpgXTKXpLEWqn,311,11013.265034582,851.9168039858341,-34.51203969120979,0.0,21521.111572265625,1.4242441132239492e-05,-21351.8
PvVpgXTKXpLEWqn,312,11049.572824163653,848.879144191742,70.77655791863799,0.0,21703.849548339844,1.353031930761972e-05,-21673.1
PvVpgXTKXpLEWqn,313,11072.792593836144,877.5664672851562,-28.03036831319332,0.0,21964.677490234375,1.2853802630274913e-05,-21887.0
PvVpgXTKXpLEWqn,314,11106.352290755429,884.2106850147247,21.633850075304508,0.0,22186.39144897461,1.2211112739635155e-05,-22198.6
PvVpgXTKXpLEWqn,315,11119.58108509687,923.7304925136268,-58.819112710654736,0.0,22470.44171142578,1.1600557318303117e-05,-22454.9
PvVpgXTKXpLEWqn,316,11147.474300863396,926.2166742496192,21.35365580767393,0.0,22677.715087890625,1.1020529562699721e-05,-22772.8
PvVpgXTKXpLEWqn,317,11165.58542412956,943.6644415603951,11.197515428066254,0.0,22896.869720458984,1.046950304939287e-05,-23017.3
PvVpgXTKXpLEWqn,318,11191.306538620498,963.5366807579994,-34.18170598521829,0.0,23150.615661621094,9.946027848428685e-06,-23271.3
PvVpgXTKXpLEWqn,319,11230.712004202604,961.2311311364174,-8.936782769858837,0.0,23380.32699584961,9.448726231653382e-06,-23563.3
PvVpgXTKXpLEWqn,320,11249.50849022828,965.6789317280054,66.24707519263029,0.0,23551.299285888672,8.97628985185861e-06,-23832.7
PvVpgXTKXpLEWqn,321,11285.397247387747,972.1139356642962,10.079990401864052,0.0,23769.54571533203,8.527475614528157e-06,-24037.1
PvVpgXTKXpLEWqn,322,11321.49723295333,979.7171166539192,13.889080007560551,0.0,23982.206665039062,8.101101617086215e-06,-24297.3
PvVpgXTKXpLEWqn,323,11336.404823894438,1007.6486228555441,-15.64676109328866,0.0,24226.813446044922,7.69604651296163e-06,-24555.2
PvVpgXTKXpLEWqn,324,11370.763823132496,1007.9719675630331,22.074610393494368,0.0,24434.758697509766,7.311244495156188e-06,-24835.6
PvVpgXTKXpLEWqn,325,11397.43923709495,1018.7902437821031,0.03422502055764198,0.0,24677.977813720703,6.945682144987586e-06,-25094.2
PvVpgXTKXpLEWqn,326,11433.218107922003,1018.5873524323106,10.068387031555176,0.0,24912.50390625,6.598398009316497e-06,-25374.4
PvVpgXTKXpLEWqn,327,11453.568449565675,1032.9042012766004,6.716859683510847,0.0,25150.216186523438,6.26847814189091e-06,-25643.4
PvVpgXTKXpLEWqn,328,11487.23436910403,1037.3190391138196,2.4854979421943426,0.0,25390.90591430664,5.955054273698579e-06,-25917.9
PvVpgXTKXpLEWqn,329,11518.69616243802,1026.723565645516,81.0173416621983,0.0,25557.221740722656,5.657301462846931e-06,-26183.7
PvVpgXTKXpLEWqn,330,11550.652232086286,1033.9338384345174,31.166336830705404,0.0,25781.36264038086,5.374436438998487e-06,-26397.1
PvVpgXTKXpLEWqn,331,11586.40203710366,1049.3299216777086,-58.08978493884206,0.0,26080.926666259766,5.1057145444843854e-06,-26658.6
PvVpgXTKXpLEWqn,332,11613.65293023744,1060.5169504731894,-10.023077806457877,0.0,26331.38311767578,4.850428862113176e-06,-26995.5
PvVpgXTKXpLEWqn,333,11648.164728909498,1065.9831238538027,24.825438560917974,0.0,26564.791290283203,4.6079074600413605e-06,-27303.8
PvVpgXTKXpLEWqn,334,11682.133105552872,1071.6985313147306,31.280722610652447,0.0,26794.319213867188,4.377512041742193e-06,-27579.4
PvVpgXTKXpLEWqn,335,11723.266968483105,1078.7549175173044,15.360237525776029,0.0,27029.779052734375,4.158636381035308e-06,-27847.2
PvVpgXTKXpLEWqn,336,11774.016576326685,1084.4937593489885,-28.481115598231554,0.0,27301.203033447266,3.950704666522142e-06,-28131.2
PvVpgXTKXpLEWqn,337,11809.669755180192,1106.117924273014,-66.24613639526069,0.0,27602.228790283203,3.7531694818682126e-06,-28451.8
PvVpgXTKXpLEWqn,338,11855.24679226894,1115.4141469597816,-57.805053194984794,0.0,27878.680267333984,3.5655110082188912e-06,-28791.5
PvVpgXTKXpLEWqn,339,11910.802972410107,1114.4483346939087,-45.027421245351434,0.0,28141.303131103516,3.3872353029096303e-06,-29121.5
PvVpgXTKXpLEWqn,340,11953.87377813406,1113.1289796829224,-4.911413502879441,0.0,28359.059020996094,3.2178735693833005e-06,-29421.2
PvVpgXTKXpLEWqn,341,12000.688130539318,1108.047058582306,-31.951383953914046,0.0,28611.973358154297,3.0569798870061504e-06,-29688.8
PvVpgXTKXpLEWqn,342,12025.225024365936,1134.2013244628906,-109.99206192139536,0.0,28932.899810791016,2.904130907310787e-06,-29982.3
PvVpgXTKXpLEWqn,343,12054.226404157613,1128.3833684436977,18.324852516670944,0.0,29144.708129882812,2.7589243636327865e-06,-30345.6
PvVpgXTKXpLEWqn,344,12094.34280613705,1123.4778798632324,-16.65266788098961,0.0,29377.990783691406,2.6209782131303427e-06,-30579.2
PvVpgXTKXpLEWqn,345,12133.975438009133,1117.076303821057,15.287013726774603,0.0,29579.521942138672,2.489929261884072e-06,-30845.9
PvVpgXTKXpLEWqn,346,12154.549294361525,1141.5315925180912,-27.378540300764143,0.0,29825.746215820312,2.36543281229018e-06,-31094.4
PvVpgXTKXpLEWqn,347,12199.868238349009,1144.8941732943058,-35.51011220924556,0.0,30095.92657470703,2.247161178026147e-06,-31405.2
PvVpgXTKXpLEWqn,348,12225.625138326875,1183.4852220192552,-118.22362465132028,0.0,30442.306213378906,2.134803156472742e-06,-31733.2
PvVpgXTKXpLEWqn,349,12257.979482834693,1196.191576346755,-35.37153518758714,0.0,30715.147094726562,2.0280629371427494e-06,-32133.9
PvVpgXTKXpLEWqn,350,12291.29537591897,1206.2635501474142,-15.636632401961833,0.0,30960.868225097656,1.9266597961475895e-06,-32442.8
PvVpgXTKXpLEWqn,351,12334.488048465457,1218.8995957374573,-70.49588745366782,0.0,31265.46597290039,1.8303268261021799e-06,-32748.4
PvVpgXTKXpLEWqn,352,12384.456194075232,1221.1270904541016,-47.50399511028081,0.0,31552.05096435547,1.7388104360804846e-06,-33110.1
PvVpgXTKXpLEWqn,353,12418.026082463995,1233.2586164474487,-23.511191228870302,0.0,31817.444122314453,1.6518699847978269e-06,-33445.2
PvVpgXTKXpLEWqn,354,12462.83072693029,1239.967432975769,-25.469272990245372,0.0,32097.62176513672,1.5692764563368655e-06,-33774.9
PvVpgXTKXpLEWqn,355,12508.124154797464,1238.7525396347046,14.61146048689261,0.0,32345.44512939453,1.4908125995916066e-06,-34106.9
PvVpgXTKXpLEWqn,356,12542.73556673521,1268.4025573730469,-100.51806087093428,0.0,32684.150939941406,1.4162720010091334e-06,-34394.8
PvVpgXTKXpLEWqn,357,12578.788388010813,1291.372591972351,-69.45805751206353,0.0,32981.768005371094,1.3454583922545282e-06,-34782.5
PvVpgXTKXpLEWqn,358,12627.603635425214,1304.3757486343384,-100.9205290832324,0.0,33299.98669433594,1.2781854650256719e-06,-35131.0
PvVpgXTKXpLEWqn,359,12662.361490737414,1324.5359935760498,-66.22595687676221,0.0,33593.081115722656,1.2142762111366778e-06,-35513.8
PvVpgXTKXpLEWqn,360,12683.426109807973,1359.6571869850159,-93.44207990216091,0.0,33907.075744628906,1.1535623807290563e-06,-35856.7
PvVpgXTKXpLEWqn,361,12733.96256984165,1363.1955337524414,-86.50364961242303,0.0,34216.9736328125,1.0958842806552127e-06,-36227.6
PvVpgXTKXpLEWqn,362,12771.295815490244,1389.4165325164795,-107.69049581000581,0.0,34547.63366699219,1.0410900666002476e-06,-36600.7
PvVpgXTKXpLEWqn,363,12813.66130820202,1419.2437969744205,-133.4133796626702,0.0,34901.02618408203,9.89035545462258e-07,-37000.5
PvVpgXTKXpLEWqn,364,12860.362127895736,1445.3725382387638,-142.52473680721596,0.0,35256.61492919922,9.39583777448405e-07,-37419.8
PvVpgXTKXpLEWqn,365,12901.884349779786,1470.1253547668457,-127.34123145928606,0.0,35597.8310546875,8.926046008994604e-07,-37842.5
PvVpgXTKXpLEWqn,366,12933.919708333771,1502.9117480665445,-118.52454979578033,0.0,35941.21887207031,8.479743729417066e-07,-38259.5
PvVpgXTKXpLEWqn,367,12972.741262640928,1520.4828022047877,-91.71273314440623,0.0,36249.62854003906,8.05575651963153e-07,-38651.1
PvVpgXTKXpLEWqn,368,13011.255357333204,1555.5574558340013,-197.84181621531025,0.0,36646.755859375,7.652968401217208e-07,-39015.7
PvVpgXTKXpLEWqn,369,13054.759285537177,1556.8723645061255,-67.03383110975847,0.0,36935.42803955078,7.270320245833517e-07,-39480.0
PvVpgXTKXpLEWqn,370,13098.084726821748,1553.229237370193,-43.2889678333886,0.0,37204.21154785156,6.906804139727996e-07,-39812.2
PvVpgXTKXpLEWqn,371,13129.41581324616,1582.53509311378,-143.58225348312408,0.0,37579.62023925781,6.56146383892775e-07,-40148.0
PvVpgXTKXpLEWqn,372,13173.977113772824,1590.0110872164369,-81.85793941700831,0.0,37888.63739013672,6.233390901222435e-07,-40570.8
PvVpgXTKXpLEWqn,373,13195.128311493609,1617.5585573092103,-62.96635439293459,0.0,38188.907775878906,5.921721253354661e-07,-40938.6
PvVpgXTKXpLEWqn,374,13223.665024276299,1645.1169444900006,-102.4475226434879,0.0,38542.962463378906,5.625635213224456e-07,-41309.3
PvVpgXTKXpLEWqn,375,13267.211858665047,1651.0142642837018,-71.39566048281267,0.0,38869.421813964844,5.344353237735078e-07,-41716.3
PvVpgXTKXpLEWqn,376,13296.932607498253,1666.502271182835,-18.53680041152984,0.0,39153.428466796875,5.077135760700457e-07,-42098.3
PvVpgXTKXpLEWqn,377,13336.671521756682,1705.5513122808188,-171.30447276635095,0.0,39567.670166015625,4.82327898065904e-07,-42438.6
PvVpgXTKXpLEWqn,378,13372.528845531633,1722.1185628063977,-63.32010269211605,0.0,39887.228759765625,4.582114980777874e-07,-42918.6
PvVpgXTKXpLEWqn,379,13411.076053194127,1752.2244120426476,-153.35659764427692,0.0,40260.40802001953,4.3530092153076794e-07,-43270.4
PvVpgXTKXpLEWqn,380,13457.530198505672,1775.8108505010605,-186.91589942807332,0.0,40661.07019042969,4.135358775414488e-07,-43707.5
PvVpgXTKXpLEWqn,381,13483.523383343534,1820.6812958419323,-195.4173580268398,0.0,41078.647888183594,3.9285909081421266e-07,-44187.4
PvVpgXTKXpLEWqn,382,13519.305803990108,1831.5569887161255,-61.149879975710064,0.0,41390.35632324219,3.7321613044483115e-07,-44680.1
PvVpgXTKXpLEWqn,383,13565.606989298656,1859.9201049804688,-174.32145041879267,0.0,41789.65563964844,3.545553153294634e-07,-45040.9
PvVpgXTKXpLEWqn,384,13589.071956884523,1908.5536823272705,-195.8541973377578,0.0,42212.863830566406,3.368275507398266e-07,-45514.6
PvVpgXTKXpLEWqn,385,13638.521288162621,1908.4035158157349,-70.58457816625014,0.0,42533.79034423828,3.199861804414894e-07,-46010.1
PvVpgXTKXpLEWqn,386,13682.765631549526,1922.3386535644531,-105.25084564834833,0.0,42909.28302001953,3.0398687211885544e-07,-46409.1
PvVpgXTKXpLEWqn,387,13721.391472154937,1931.8978958129883,-58.45730303833261,0.0,43251.96258544922,2.8878752666994245e-07,-46846.8
PvVpgXTKXpLEWqn,388,13756.870101764041,1958.3668155670166,-119.80520528787747,0.0,43646.085388183594,2.7434815474958185e-07,-47241.5
PvVpgXTKXpLEWqn,389,13790.865504470188,1980.1882699746639,-94.26068112673238,0.0,44005.947998046875,2.6063074509696804e-07,-47682.7
PvVpgXTKXpLEWqn,390,13848.507214838639,1989.6380265969783,-136.20447717327625,0.0,44390.31524658203,2.475992103567748e-07,-48092.3
PvVpgXTKXpLEWqn,391,13880.201725731487,2034.3408513758332,-188.1597267673351,0.0,44801.19006347656,2.352192450816304e-07,-48527.6
PvVpgXTKXpLEWqn,392,13920.321788446628,2066.1418260205537,-157.19403496058658,0.0,45200.25048828125,2.2345827577208155e-07,-49029.5
PvVpgXTKXpLEWqn,393,13970.74806375074,2096.381373660639,-217.1056187846698,0.0,45647.433532714844,2.1228537205875142e-07,-49497.5
PvVpgXTKXpLEWqn,394,13999.211621683877,2135.7644169498235,-127.2430995889008,0.0,46039.48895263672,2.0167110470481475e-07,-50047.2
PvVpgXTKXpLEWqn,395,14055.571381052498,2161.281324468553,-184.7462168284692,0.0,46469.68682861328,1.9158754838155545e-07,-50501.8
PvVpgXTKXpLEWqn,396,14086.202737866894,2207.9521008357406,-191.98806555767078,0.0,46893.046447753906,1.8200816981339685e-07,-50995.2
PvVpgXTKXpLEWqn,397,14134.483045330737,2258.5299397334456,-322.8429247501772,0.0,47400.84362792969,1.729077552803382e-07,-51471.0
PvVpgXTKXpLEWqn,398,14202.715678292327,2251.250449175015,-98.35571726085618,0.0,47720.71563720703,1.6426237359201679e-07,-52076.3
PvVpgXTKXpLEWqn,399,14267.042482218007,2305.71905949153,-378.51679702778347,0.0,48303.560974121094,1.5604925507339829e-07,-52497.8
PvVpgXTKXpLEWqn,400,14327.961215526972,2299.1996108293533,-117.0188364055939,0.0,48632.201416015625,1.482467860136616e-07,-53142.3
PvVpgXTKXpLEWqn,401,14354.739171477035,2362.071501851082,-311.63476971071213,0.0,49147.15197753906,1.408344525999361e-07,-53552.3
PvVpgXTKXpLEWqn,402,14395.852104212274,2378.518059849739,-125.63034632522613,0.0,49534.537048339844,1.3379273189340068e-07,-54183.3
PvVpgXTKXpLEWqn,403,14454.181829923997,2351.814449504018,-11.024742127861828,0.0,49832.4453125,1.2710309416075205e-07,-54627.4
PvVpgXTKXpLEWqn,404,14514.211511910311,2370.1202871352434,-221.12194720702246,0.0,50305.25354003906,1.207479380371801e-07,-54968.5
PvVpgXTKXpLEWqn,405,14568.87196294486,2377.078067779541,-137.2705189534463,0.0,50687.64422607422,1.1471054245371093e-07,-55496.3
PvVpgXTKXpLEWqn,406,14621.567196410266,2396.8306427001953,-188.07072798488662,0.0,51105.45227050781,1.0897501334650173e-07,-55935.8
PvVpgXTKXpLEWqn,407,14666.023881410016,2437.320468902588,-232.83621349511668,0.0,51571.369079589844,1.0352626506060503e-07,-56441.9
PvVpgXTKXpLEWqn,408,14701.035035416251,2451.8401260375977,-58.586306151002645,0.0,51898.79528808594,9.834995073898511e-08,-56993.1
PvVpgXTKXpLEWqn,409,14736.639925692463,2462.516007423401,-31.269366836437257,0.0,52235.75067138672,9.343245188642157e-08,-57403.6
PvVpgXTKXpLEWqn,410,14794.650569536665,2469.8329610824585,-150.84854638157412,0.0,52679.179138183594,8.876082943642949e-08,-57792.8
PvVpgXTKXpLEWqn,411,14814.49379773243,2493.954543054104,-22.849993581417948,0.0,53023.48193359375,8.432278764125556e-08,-58309.1
PvVpgXTKXpLEWqn,412,14841.843053375895,2508.9119667112827,-3.4171918388456106,0.0,53340.19268798828,8.010664931390465e-08,-58687.5
PvVpgXTKXpLEWqn,413,14878.33931921568,2555.4406837522984,-214.80458026984707,0.0,53816.249267578125,7.610131549928845e-08,-59035.2
PvVpgXTKXpLEWqn,414,14922.15102936986,2591.085916079581,-162.5496686589904,0.0,54252.22314453125,7.229625156868202e-08,-59602.9
PvVpgXTKXpLEWqn,415,14979.765973257454,2653.320295792073,-405.90478117065504,0.0,54865.00671386719,6.868143856419984e-08,-60092.2
PvVpgXTKXpLEWqn,416,15007.065186752938,2697.96926734969,-183.71924924757332,0.0,55291.439514160156,6.52473654549901e-08,-60812.8
PvVpgXTKXpLEWqn,417,15081.150405544031,2717.4095148853958,-247.41015185869765,0.0,55796.49530029297,6.198499807874569e-08,-61347.6
PvVpgXTKXpLEWqn,418,15114.891647149008,2770.827492006123,-190.04271506378427,0.0,56253.818908691406,5.888574761137022e-08,-61949.5
PvVpgXTKXpLEWqn,419,15185.634380777272,2819.864476405084,-375.1793260250706,0.0,56873.68243408203,5.5941460769259876e-08,-62504.0
PvVpgXTKXpLEWqn,420,15208.922621818405,2858.800835736096,-138.65224841283634,0.0,57273.52478027344,5.314438814019162e-08,-63202.6
PvVpgXTKXpLEWqn,421,15231.677179324266,2924.784653790295,-303.14289532089606,0.0,57808.668701171875,5.0487166725066146e-08,-63662.0
PvVpgXTKXpLEWqn,422,15274.938244629535,2947.0295871198177,-181.62575818318874,0.0,58242.573486328125,4.7962810306723114e-08,-64282.9
PvVpgXTKXpLEWqn,423,15329.149476710983,2958.2960704267025,-158.0220169913955,0.0,58677.20770263672,4.556466884353405e-08,-64806.6
PvVpgXTKXpLEWqn,424,15385.64991260429,2961.7957328259945,-83.017400292214,0.0,59071.99255371094,4.328643543605182e-08,-65336.4
PvVpgXTKXpLEWqn,425,15421.892903690488,3009.120719116181,-206.07407495146617,0.0,59557.83703613281,4.11221141305429e-08,-65782.8
PvVpgXTKXpLEWqn,426,15439.933405752436,3069.946310043335,-179.41792307654396,0.0,60028.22265625,3.906600881675715e-08,-66358.7
PvVpgXTKXpLEWqn,427,15485.376860848162,3098.6770057678223,-147.57200070284307,0.0,60484.668518066406,3.711270825379476e-08,-66921.1
PvVpgXTKXpLEWqn,428,15585.628682840208,3097.326759338379,-254.97993998322636,0.0,61020.72131347656,3.525707262252986e-08,-67448.7
PvVpgXTKXpLEWqn,429,15672.926917960125,3097.642692565918,-203.75585336843506,0.0,61515.724548339844,3.349421914822237e-08,-68082.5
PvVpgXTKXpLEWqn,430,15753.339880349755,3128.1122010946274,-310.8517392654903,0.0,62092.490478515625,3.1819507834152105e-08,-68663.1
PvVpgXTKXpLEWqn,431,15804.64086174233,3175.6166318655014,-279.6246885615401,0.0,62633.747314453125,3.022853231615663e-08,-69334.4
PvVpgXTKXpLEWqn,432,15840.058610332184,3236.2946922779083,-265.77675042580813,0.0,63172.16198730469,2.871710605423239e-08,-69982.7
PvVpgXTKXpLEWqn,433,15882.745826624086,3274.883063554764,-212.43237742455676,0.0,63644.19940185547,2.7281250855604178e-08,-70589.4
PvVpgXTKXpLEWqn,434,15935.076324366179,3324.0071174502373,-277.59966985788196,0.0,64174.402770996094,2.59171886313192e-08,-71155.9
PvVpgXTKXpLEWqn,435,15979.44451926634,3414.215676486492,-454.7422936470248,0.0,64842.34729003906,2.4621329183793783e-08,-71781.3
PvVpgXTKXpLEWqn,436,16048.353834790963,3425.699408710003,-181.59305298468098,0.0,65290.36114501953,2.3390262324229916e-08,-72582.8
PvVpgXTKXpLEWqn,437,16097.486172572098,3509.985915362835,-438.2706706239842,0.0,65948.75085449219,2.2220748963075465e-08,-73118.0
PvVpgXTKXpLEWqn,438,16161.480406353146,3557.3345474228263,-367.83447752101347,0.0,66537.12133789062,2.1109711964562017e-08,-73888.1
PvVpgXTKXpLEWqn,439,16217.470999714698,3595.722815476358,-288.29752513440326,0.0,67071.70239257812,2.005422559958614e-08,-74596.6
PvVpgXTKXpLEWqn,440,16277.507303408513,3621.1963111162186,-236.76357908034697,0.0,67562.82373046875,1.9051514782431056e-08,-75224.8
PvVpgXTKXpLEWqn,441,16338.584417779535,3658.9455367326736,-319.6248231478967,0.0,68111.53540039062,1.80989390696773e-08,-75789.4
PvVpgXTKXpLEWqn,442,16389.82310180024,3685.1741168797016,-215.20234294096008,0.0,68579.54675292969,1.7193991869168812e-08,-76439.3
PvVpgXTKXpLEWqn,443,16414.22896216833,3814.5442124307156,-578.9764493587427,0.0,69333.84411621094,1.6334292571307252e-08,-76983.6
PvVpgXTKXpLEWqn,444,16454.68232257024,3887.0219810307026,-390.73965599248186,0.0,69946.22143554688,1.5517578132173693e-08,-77897.2
PvVpgXTKXpLEWqn,445,16495.556088269106,3928.7417888641357,-229.7084995880723,0.0,70425.62133789062,1.4741698826925553e-08,-78620.2
PvVpgXTKXpLEWqn,446,16564.93189626129,3966.8202137947083,-319.94959200778976,0.0,70989.75744628906,1.4004614322382647e-08,-79201.6
PvVpgXTKXpLEWqn,447,16594.35282124713,4040.2689191251993,-321.23632150981575,0.0,71551.41296386719,1.3304383199297387e-08,-79864.8
PvVpgXTKXpLEWqn,448,16630.465636213194,4119.596374645829,-371.23481548484415,0.0,72161.96423339844,1.263916420135569e-08,-80540.8
PvVpgXTKXpLEWqn,449,16688.932627075003,4144.159595623612,-211.5674855215475,0.0,72652.47204589844,1.2007206090514089e-08,-81274.0
PvVpgXTKXpLEWqn,450,16743.069744193723,4167.74479688704,-185.15266128722578,0.0,73120.65588378906,1.1406845627781603e-08,-81846.3
PvVpgXTKXpLEWqn,451,16807.212034604512,4259.426611110568,-541.7220039619133,0.0,73876.03112792969,1.083650349315013e-08,-82400.9
PvVpgXTKXpLEWqn,452,16893.7148623548,4276.394316717982,-303.6766057079658,0.0,74428.12548828125,1.0294678217531716e-08,-83294.6
PvVpgXTKXpLEWqn,453,16957.586229182096,4350.687490463257,-485.49946534633636,0.0,75122.45141601562,9.779944461912882e-09,-83945.2
PvVpgXTKXpLEWqn,454,17044.631442774684,4402.29610824585,-508.5215251138434,0.0,75813.41577148438,9.290947105417002e-09,-84751.8
PvVpgXTKXpLEWqn,455,17130.402192420035,4416.870498657227,-307.37007991131395,0.0,76335.95629882812,8.826399649358718e-09,-85575.9
PvVpgXTKXpLEWqn,456,17202.37625189236,4472.775058746338,-466.28944165538996,0.0,76994.08044433594,8.385079679207319e-09,-86202.9
PvVpgXTKXpLEWqn,457,17292.48698373465,4483.628507614136,-317.8131991541013,0.0,77523.33728027344,7.965825766370616e-09,-86981.6
PvVpgXTKXpLEWqn,458,17354.3514223143,4539.189605712891,-386.5943945199251,0.0,78123.1083984375,7.567534366509365e-09,-87630.1
PvVpgXTKXpLEWqn,459,17416.827917280723,4608.548328399658,-469.3023791667074,0.0,78794.78137207031,7.189157734399654e-09,-88350.9
PvVpgXTKXpLEWqn,460,17481.51683204493,4669.14453125,-460.1436042068526,0.0,79460.54821777344,6.829699788352128e-09,-89151.1
PvVpgXTKXpLEWqn,461,17547.41054840217,4685.2834815979,-248.35349041875452,0.0,79968.34350585938,6.4882149410083745e-09,-89952.7
PvVpgXTKXpLEWqn,462,17582.93505405559,4763.690734863281,-400.62165289279073,0.0,80591.06628417969,6.1638041094769225e-09,-90537.1
PvVpgXTKXpLEWqn,463,17639.230841877346,4819.057563781738,-357.37132161390036,0.0,81170.83776855469,5.855613795929804e-09,-91271.8
PvVpgXTKXpLEWqn,464,17723.75984643877,4915.357311248779,-665.9483018731698,0.0,82005.13037109375,5.5628331455115365e-09,-91978.3
PvVpgXTKXpLEWqn,465,17799.43400136252,5012.664905548096,-652.2896911175922,0.0,82810.43542480469,5.284691422316468e-09,-92970.2
PvVpgXTKXpLEWqn,466,17856.32339756422,5108.070583343506,-570.7385854357854,0.0,83542.22277832031,5.020456937329665e-09,-93935.9
PvVpgXTKXpLEWqn,467,17916.58346041628,5225.867053985596,-666.8447015276179,0.0,84357.57995605469,4.76943421041931e-09,-94833.2
PvVpgXTKXpLEWqn,468,18017.55755715967,5276.387294769287,-546.9755749618635,0.0,85090.74584960938,4.530962334492461e-09,-95837.7
PvVpgXTKXpLEWqn,469,18120.185938123417,5362.158515930176,-738.4943930609152,0.0,85973.25659179688,4.3044143093612375e-09,-96717.1
PvVpgXTKXpLEWqn,470,18176.252649110487,5402.938400268555,-295.2118435462471,0.0,86490.5234375,4.089193575765315e-09,-97774.5
PvVpgXTKXpLEWqn,471,18231.57777232305,5550.975433349609,-846.3222346790135,0.0,87462.72717285156,3.884733899145454e-09,-98399.0
PvVpgXTKXpLEWqn,472,18325.604668387026,5572.456085205078,-403.82889054808766,0.0,88066.49609375,3.6904972029738747e-09,-99560.7
PvVpgXTKXpLEWqn,473,18363.108933794243,5705.600776672363,-683.411619017832,0.0,88897.75378417969,3.5059724064895326e-09,-100283.0
PvVpgXTKXpLEWqn,474,18412.52583089208,5788.678577423096,-491.5545704131946,0.0,89586.23254394531,3.33067370038298e-09,-101296.0
PvVpgXTKXpLEWqn,475,18465.66290599646,5848.894496917725,-408.96801837999374,0.0,90195.22033691406,3.164139996889026e-09,-102101.0
PvVpgXTKXpLEWqn,476,18551.23041425986,5909.016212463379,-546.6852003098466,0.0,90925.01647949219,3.0059330233256354e-09,-102839.0
PvVpgXTKXpLEWqn,477,18622.223208634765,6042.242115020752,-846.3596914997324,0.0,91897.88391113281,2.855636338505718e-09,-103716.0
PvVpgXTKXpLEWqn,478,18680.482387924887,6119.8975257873535,-508.0102440705523,0.0,92581.17907714844,2.7128546084900784e-09,-104874.0
PvVpgXTKXpLEWqn,479,18756.294047717325,6220.512134552002,-724.9608586244285,0.0,93449.87805175781,2.5772118579861503e-09,-105702.0
PvVpgXTKXpLEWqn,480,18842.379590819997,6271.941024780273,-535.6828190386295,0.0,94166.4833984375,2.4483512699874366e-09,-106745.0
PvVpgXTKXpLEWqn,481,18897.285437746756,6356.399917602539,-519.6263244180009,0.0,94881.63354492188,2.3259336809008935e-09,-107616.0
PvVpgXTKXpLEWqn,482,18953.503378564725,6433.987167358398,-481.8998674778268,0.0,95568.16735839844,2.2096369916083103e-09,-108474.0
PvVpgXTKXpLEWqn,483,19001.644579535845,6592.5739822387695,-846.0093114934862,0.0,96562.52111816406,2.099155166530864e-09,-109311.0
PvVpgXTKXpLEWqn,484,19075.694040056755,6679.639343261719,-611.9400750400964,0.0,97359.30505371094,1.9941973740736363e-09,-110503.0
PvVpgXTKXpLEWqn,485,19155.21797230738,6720.869441986084,-402.4417555583641,0.0,97978.64282226562,1.894487513046106e-09,-111452.0
PvVpgXTKXpLEWqn,486,19213.68925497579,6852.6542320251465,-718.5767398653552,0.0,98858.00341796875,1.799763164021806e-09,-112206.0
PvVpgXTKXpLEWqn,487,19273.37137179522,6988.503246307373,-757.1132641499862,0.0,99782.51171875,1.709774979583023e-09,-113287.0
PvVpgXTKXpLEWqn,488,19338.09789340783,7084.908473968506,-593.8426621230319,0.0,100567.76098632812,1.6242862419663107e-09,-114397.0
PvVpgXTKXpLEWqn,489,19381.44607080717,7214.634395599365,-666.4521824740805,0.0,101406.43798828125,1.5430719714146224e-09,-115336.0
PvVpgXTKXpLEWqn,490,19447.948875113478,7314.181308746338,-632.2604022291489,0.0,102225.41857910156,1.4659183276977128e-09,-116355.0
PvVpgXTKXpLEWqn,491,19530.91008125918,7397.179737091064,-647.4357074298896,0.0,103052.39294433594,1.3926223924043413e-09,-117333.0
PvVpgXTKXpLEWqn,492,19587.114374845027,7498.546848297119,-605.2757394774817,0.0,103861.36584472656,1.3229912968100443e-09,-118342.0
PvVpgXTKXpLEWqn,493,19730.493956353283,7515.514751434326,-605.0135458395816,0.0,104670.91223144531,1.256841754369159e-09,-119312.0
PvVpgXTKXpLEWqn,494,19804.052268277912,7608.309085845947,-651.9419445283711,0.0,105488.10534667969,1.1939996599936997e-09,-120249.0
PvVpgXTKXpLEWqn,495,19885.129440779274,7693.172527313232,-617.3474992690608,0.0,106296.05859375,1.1342996719850007e-09,-121257.0
PvVpgXTKXpLEWqn,496,19970.609193178767,7754.218288421631,-545.9289774484932,0.0,107040.83923339844,1.0775846781725662e-09,-122220.0
PvVpgXTKXpLEWqn,497,20033.056867601874,7861.576683044434,-634.9080464048311,0.0,107875.927734375,1.0237054411631197e-09,-123136.0
PvVpgXTKXpLEWqn,498,20083.40851757604,7988.320461273193,-682.4875702261925,0.0,108756.70874023438,9.725201919816295e-10,-124146.0
PvVpgXTKXpLEWqn,499,20148.01668813864,8089.957080841064,-658.7223504921421,0.0,109602.27954101562,9.238941616959706e-10,-125182.0
PvVpgXTKXpLEWqn,500,20222.920252316035,8150.318923950195,-482.76021367218345,0.0,110297.60778808594,8.776994677925365e-10,-126188.0
PvVpgXTKXpLEWqn,501,20296.593397547622,8251.617286682129,-671.6361853852868,0.0,111156.78051757812,8.338144979157247e-10,-127033.0
PvVpgXTKXpLEWqn,502,20324.47111608542,8413.315399169922,-726.7583712302148,0.0,112055.38671875,7.921237667532499e-10,-128066.0
PvVpgXTKXpLEWqn,503,20404.700770259136,8502.646503448486,-608.658371059224,0.0,112874.89392089844,7.525175638872783e-10,-129174.0
PvVpgXTKXpLEWqn,504,20468.95309907169,8595.676845550537,-568.1272821715102,0.0,113647.17370605469,7.148916916343423e-10,-130144.0
PvVpgXTKXpLEWqn,505,20545.00582753429,8686.6722946167,-604.5349996527657,0.0,114474.16723632812,6.79147115932241e-10,-131101.0
PvVpgXTKXpLEWqn,506,20659.439130565414,8718.333862304688,-523.0967704830691,0.0,115244.50048828125,6.451897590405847e-10,-132099.0
PvVpgXTKXpLEWqn,507,20698.777522439676,8801.002624511719,-384.53174328338355,0.0,115910.02697753906,6.12930263835243e-10,-133025.0
PvVpgXTKXpLEWqn,508,20766.634772574034,8797.573623657227,-78.5662928847596,0.0,116333.94738769531,5.822837585364726e-10,-133820.0
PvVpgXTKXpLEWqn,509,20819.552914695916,8932.600242614746,-654.96475028852,0.0,117244.64025878906,5.531695706963852e-10,-134342.0
PvVpgXTKXpLEWqn,510,20894.015578378094,8982.50774383545,-334.5009652976878,0.0,117902.380859375,5.255110970946858e-10,-135444.0
PvVpgXTKXpLEWqn,511,20981.38261243827,9062.51350402832,-533.2606894881465,0.0,118720.21350097656,4.992355357238965e-10,-136231.0
PvVpgXTKXpLEWqn,512,21091.525249002967,9148.970977783203,-651.023322133813,0.0,119621.74987792969,4.742737528661695e-10,-137211.0
PvVpgXTKXpLEWqn,513,21112.09672582848,9380.286293029785,-957.2631857306696,0.0,120747.46752929688,4.5056006234972523e-10,-138283.0
PvVpgXTKXpLEWqn,514,21157.564743645264,9572.18561553955,-856.7427710159682,0.0,121799.55346679688,4.2803205337754724e-10,-139673.0
PvVpgXTKXpLEWqn,515,21241.95186411887,9765.172807052732,-1058.7275064499117,0.0,122987.65905761719,4.066304615073235e-10,-140936.0
PvVpgXTKXpLEWqn,516,21327.250548676813,9918.224872604012,-920.8790721558034,0.0,124036.43688964844,3.8629893186169217e-10,-142361.0
PvVpgXTKXpLEWqn,517,21406.261885654494,10150.663116455078,-1294.4355554310605,0.0,125387.33435058594,3.6698399722735753e-10,-143650.0
PvVpgXTKXpLEWqn,518,21484.008077348564,10368.556243896484,-1221.816384022124,0.0,126673.27856445312,3.486348009330148e-10,-145304.0
PvVpgXTKXpLEWqn,519,21544.844065768215,10513.667037963867,-808.2296120142564,0.0,127582.91418457031,3.3120305358968344e-10,-146833.0
PvVpgXTKXpLEWqn,520,21613.529185428568,10673.743843078613,-942.5937970569357,0.0,128597.04284667969,3.146428913854832e-10,-147942.0
PvVpgXTKXpLEWqn,521,21686.942232388334,10880.994163513184,-1212.455796633847,0.0,129839.62707519531,2.9891074977608095e-10,-149195.0
PvVpgXTKXpLEWqn,522,21760.55306873808,11019.110748291016,-898.4135013978521,0.0,130836.40380859375,2.839652166837167e-10,-150718.0
PvVpgXTKXpLEWqn,523,21788.735531986167,11191.211151123047,-837.1336171649164,0.0,131796.771484375,2.6976695573568965e-10,-151940.0
PvVpgXTKXpLEWqn,524,21889.750472579733,11261.303199768066,-694.0586413503624,0.0,132663.76342773438,2.562786102040457e-10,-153121.0
PvVpgXTKXpLEWqn,525,21906.730773143572,11414.332679748535,-680.8038959209807,0.0,133517.3046875,2.434646841770194e-10,-154158.0
PvVpgXTKXpLEWqn,526,22019.585455861932,11466.502815246582,-601.5705911242403,0.0,134330.03369140625,2.3129144151139147e-10,-155215.0
PvVpgXTKXpLEWqn,527,22091.277456520133,11576.540641784668,-676.504446987994,0.0,135217.8330078125,2.1972687514956735e-10,-156209.0
PvVpgXTKXpLEWqn,528,22140.950545045554,11758.198959350586,-931.9822392715141,0.0,136302.81591796875,2.0874052529887277e-10,-157270.0
PvVpgXTKXpLEWqn,529,22228.659826836505,11843.499282836914,-642.3550835913047,0.0,137135.09985351562,1.9830350837975186e-10,-158565.0
PvVpgXTKXpLEWqn,530,22302.695506600387,11967.85147857666,-772.1403623940423,0.0,138074.15795898438,1.8838832360409952e-10,-159573.0
PvVpgXTKXpLEWqn,531,22338.547813910714,12162.236236572266,-934.1431377893314,0.0,139151.81274414062,1.7896890946219463e-10,-160718.0
PvVpgXTKXpLEWqn,532,22394.09195406914,12424.218086242676,-1343.5579014439136,0.0,140544.5830078125,1.7002046222725636e-10,-162019.0
PvVpgXTKXpLEWqn,533,22463.74049851278,12596.044075012207,-974.8203006852418,0.0,141614.10766601562,1.615194439785403e-10,-163699.0
PvVpgXTKXpLEWqn,534,22539.19171422522,12742.692169189453,-862.5276023820043,0.0,142601.70678710938,1.5344346783853838e-10,-165021.0
PvVpgXTKXpLEWqn,535,22649.88056050593,13018.459785461426,-1671.4783961568028,0.0,144260.95874023438,1.4577129580457468e-10,-166258.0
PvVpgXTKXpLEWqn,536,22738.726229027758,13252.261100769043,-1373.4877169830725,0.0,145681.119140625,1.3848272886491514e-10,-168299.0
PvVpgXTKXpLEWqn,537,22804.65423717184,13519.087936401367,-1462.4907736135647,0.0,147146.66381835938,1.3155859431360217e-10,-170008.0
PvVpgXTKXpLEWqn,538,22901.443622469815,13701.232894897461,-1183.2669210564345,0.0,148363.79321289062,1.2498066302582891e-10,-171783.0
PvVpgXTKXpLEWqn,539,23002.360652346222,13909.055473327637,-1308.6698584193364,0.0,149700.85571289062,1.187316318396539e-10,-173304.0
PvVpgXTKXpLEWqn,540,23066.121066391934,14189.861351013184,-1539.319315337576,0.0,151200.79296875,1.1279504739079849e-10,-174917.0
PvVpgXTKXpLEWqn,541,23125.014480360987,14460.722053527832,-1461.6173456078395,0.0,152619.27856445312,1.0715529662587778e-10,-176743.0
PvVpgXTKXpLEWqn,542,23223.04748715376,14661.90911102295,-1323.9032669775188,0.0,153929.66162109375,1.0179753372717426e-10,-178491.0
PvVpgXTKXpLEWqn,543,23315.629044337344,14876.641273498535,-1366.2606852753088,0.0,155292.11547851562,9.670765425441596e-11,-180118.0
PvVpgXTKXpLEWqn,544,23361.131417631477,15125.545570373535,-1296.0149379624054,0.0,156604.31372070312,9.187227140074888e-11,-181795.0
PvVpgXTKXpLEWqn,545,23437.96835791618,15402.790924072266,-1583.1356418123469,0.0,158136.40234375,8.727865812344603e-11,-183394.0
PvVpgXTKXpLEWqn,546,23509.564647018313,15660.182846069336,-1471.7386014340445,0.0,159568.90405273438,8.291472527012858e-11,-185267.0
PvVpgXTKXpLEWqn,547,23583.793167797558,15914.498062133789,-1481.2314201211557,0.0,161009.93139648438,7.87689916276809e-11,-187027.0
PvVpgXTKXpLEWqn,548,23635.667497875664,16196.049362182617,-1511.5987175414339,0.0,162487.10693359375,7.483054085231922e-11,-188807.0
PvVpgXTKXpLEWqn,549,23724.322961085243,16343.572723388672,-1040.1871877759695,0.0,163576.12817382812,7.108901442227748e-11,-190604.0
PvVpgXTKXpLEWqn,550,23793.009583804174,16551.539474487305,-1232.009981703246,0.0,164842.07983398438,6.753456490869378e-11,-191955.0
PvVpgXTKXpLEWqn,551,23845.720044501533,16755.731857299805,-1130.9217201927677,0.0,166036.91333007812,6.415783361394048e-11,-193507.0
PvVpgXTKXpLEWqn,552,23905.263744405675,16905.695861816406,-884.2866123868152,0.0,167044.80419921875,6.094994298220906e-11,-194971.0
PvVpgXTKXpLEWqn,553,23926.88864170431,17141.331756591797,-1131.576981282793,0.0,168250.89306640625,5.790244702436574e-11,-196188.0
PvVpgXTKXpLEWqn,554,23981.897552234244,17324.818069458008,-1014.8797955522314,0.0,169351.89086914062,5.500732351169588e-11,-197644.0
PvVpgXTKXpLEWqn,555,24050.016611092095,17593.84602355957,-1492.7059795660898,0.0,170841.65307617188,5.225695657445906e-11,-198993.0
PvVpgXTKXpLEWqn,556,24117.914838281937,17835.154327392578,-1355.372624966316,0.0,172232.90600585938,4.9644108810788234e-11,-200831.0
PvVpgXTKXpLEWqn,557,24178.59395446056,18038.6378326416,-1100.123322344385,0.0,173434.12670898438,4.7161904318925724e-11,-202551.0
PvVpgXTKXpLEWqn,558,24265.04870551727,18301.973587036133,-1535.207170508802,0.0,174992.03393554688,4.4803808991848715e-11,-204024.0
PvVpgXTKXpLEWqn,559,24295.06965171105,18586.288162231445,-1342.6832451615483,0.0,176397.14331054688,4.2563618319994834e-11,-205936.0
PvVpgXTKXpLEWqn,560,24394.830056205574,18787.119262695312,-1279.122758519603,0.0,177748.81958007812,4.0435436601685484e-11,-207652.0
PvVpgXTKXpLEWqn,561,24459.17329428692,19045.435806274414,-1374.5683877514675,0.0,179181.92895507812,3.8413666629652683e-11,-209312.0
PvVpgXTKXpLEWqn,562,24554.518824864303,19205.294326782227,-1042.0644189231098,0.0,180361.63647460938,3.6492982409801894e-11,-211079.0
PvVpgXTKXpLEWqn,563,24611.65512395648,19537.789474487305,-1676.7542275178712,0.0,182044.43701171875,3.466833305078732e-11,-212517.0
PvVpgXTKXpLEWqn,564,24660.872455278928,19860.171966552734,-1621.5073111439124,0.0,183692.8173828125,3.2934916580529446e-11,-214592.0
PvVpgXTKXpLEWqn,565,24778.62423897656,20091.70445251465,-1524.7787271651905,0.0,185253.74487304688,3.12881710015471e-11,-216599.0
PvVpgXTKXpLEWqn,566,24831.231116557312,20392.135864257812,-1535.9476468628272,0.0,186813.16357421875,2.9723761727764794e-11,-218501.0
PvVpgXTKXpLEWqn,567,24886.771379660306,20698.329025268555,-1609.039580126293,0.0,188412.14672851562,2.8237574510093545e-11,-220388.0
PvVpgXTKXpLEWqn,568,24937.93928962073,21023.102005004883,-1681.0505371047184,0.0,190063.61254882812,2.6825695541321005e-11,-222344.0
PvVpgXTKXpLEWqn,569,24965.094070224113,21382.4561920166,-1747.6992752291262,0.0,191772.50512695312,2.5484410642959837e-11,-224372.0
PvVpgXTKXpLEWqn,570,25081.68948617216,21600.678604125977,-1501.1402140781283,0.0,193260.79833984375,2.421019020839004e-11,-226442.0
PvVpgXTKXpLEWqn,571,25158.808085142686,21860.238815307617,-1503.0749880857766,0.0,194755.82177734375,2.2999680868054755e-11,-228272.0
PvVpgXTKXpLEWqn,572,25205.015439325038,22183.5890045166,-1701.1047897366807,0.0,196418.7333984375,2.184969638893827e-11,-230106.0
PvVpgXTKXpLEWqn,573,25228.79320558214,22493.976531982422,-1528.415251661092,0.0,197956.01342773438,2.075721177244045e-11,-232150.0
PvVpgXTKXpLEWqn,574,25312.645561989484,22623.084686279297,-917.7785380175337,0.0,199003.83911132812,1.9719351511111958e-11,-234022.0
PvVpgXTKXpLEWqn,575,25371.354195942302,22828.725158691406,-1155.680593099445,0.0,200257.19018554688,1.8733383767843836e-11,-235302.0
PvVpgXTKXpLEWqn,576,25439.210884703512,23062.430938720703,-1343.3208284480497,0.0,201664.09838867188,1.7796714080718645e-11,-236822.0
PvVpgXTKXpLEWqn,577,25460.41251802708,23403.904327392578,-1610.7738479366526,0.0,203285.79223632812,1.6906878403787767e-11,-238539.0
PvVpgXTKXpLEWqn,578,25498.235952772644,23700.437698364258,-1454.9133797474205,0.0,204796.36572265625,1.6061534995883905e-11,-240540.0
PvVpgXTKXpLEWqn,579,25605.88577751819,23978.111907958984,-1698.2431261288002,0.0,206495.3046875,1.5258457773106512e-11,-242381.0
PvVpgXTKXpLEWqn,580,25705.27210722758,24272.640899658203,-1735.1553545193747,0.0,208204.22778320312,1.4495534743504904e-11,-244447.0
PvVpgXTKXpLEWqn,581,25774.444786621185,24765.579818725586,-2561.291728249751,0.0,210572.65258789062,1.3770758154391018e-11,-246551.0
PvVpgXTKXpLEWqn,582,25885.01489508082,25066.43214416504,-1836.027078379877,0.0,212348.28369140625,1.3082220196188304e-11,-249464.0
PvVpgXTKXpLEWqn,583,25951.906945875628,25479.919540405273,-2207.3023756043985,0.0,214432.29663085938,1.24281093229206e-11,-251657.0
PvVpgXTKXpLEWqn,584,26002.385556134854,25901.931869506836,-2180.6515922173858,0.0,216487.49609375,1.1806703889300635e-11,-254211.0
PvVpgXTKXpLEWqn,585,26056.23284030833,26212.516387939453,-1654.1586758522317,0.0,218108.26635742188,1.1216368627072967e-11,-256723.0
PvVpgXTKXpLEWqn,586,26137.98356378814,26560.726776123047,-1977.2166291614994,0.0,219983.2451171875,1.0655550514881333e-11,-258705.0
PvVpgXTKXpLEWqn,587,26161.253455155005,26873.380615234375,-1549.2416418669745,0.0,221493.4169921875,1.0122772554270552e-11,-260979.0
PvVpgXTKXpLEWqn,588,26183.385834102053,27210.911193847656,-1656.8606242304668,0.0,223108.44091796875,9.616634260965632e-12,-262846.0
PvVpgXTKXpLEWqn,589,26261.89508805622,27549.298553466797,-1941.5928194364533,0.0,224964.42822265625,9.135802625336161e-12,-264834.0
PvVpgXTKXpLEWqn,590,26324.705461454898,27760.616943359375,-1220.0377537594177,0.0,226254.37426757812,8.67901240038751e-12,-267120.0
PvVpgXTKXpLEWqn,591,26362.44680692155,28125.844848632812,-1814.4375888109207,0.0,228040.87329101562,8.245061863207956e-12,-268715.0
PvVpgXTKXpLEWqn,592,26453.34874321813,28347.922149658203,-1362.4605410164222,0.0,229451.53051757812,7.832808610297145e-12,-270890.0
PvVpgXTKXpLEWqn,593,26490.54647337459,28771.039001464844,-2075.1942249713466,0.0,231454.99682617188,7.441168334450503e-12,-272641.0
PvVpgXTKXpLEWqn,594,26608.309126506225,29091.319610595703,-1946.7765102600679,0.0,233354.48901367188,7.069110006835844e-12,-275107.0
PvVpgXTKXpLEWqn,595,26652.922181945658,29543.141845703125,-2252.260888506309,0.0,235485.43432617188,6.715654128717358e-12,-277429.0
PvVpgXTKXpLEWqn,596,26745.070105845152,29844.6591796875,-1751.069246920757,0.0,237182.71557617188,6.379871420248611e-12,-280021.0
PvVpgXTKXpLEWqn,597,26798.79865087931,30242.091033935547,-2032.0256897965446,0.0,239122.642578125,6.060878124521888e-12,-282132.0
PvVpgXTKXpLEWqn,598,26856.330298679022,30612.80844116211,-1952.4882464921102,0.0,240998.42407226562,5.757834154260103e-12,-284515.0
PvVpgXTKXpLEWqn,599,26936.003195159676,30961.690673828125,-1954.2028466155753,0.0,242886.62109375,5.469942305770222e-12,-286830.0
PvVpgXTKXpLEWqn,600,26978.82791704683,31320.13690185547,-1833.2613252429292,0.0,244684.20703125,5.196445229953446e-12,-289150.0
