step_no,qty,e_demand
1,600.0,100.0
2,647.5519986152649,2583.7749996185303
3,568.5,2648.80756688118
4,496.0,3029.188856601715
5,639.0,3717.3240003585815
6,708.5,3735.6519088745117
7,739.5,3878.113609313965
8,971.5,4187.014837265015
9,633.5,3376.4327936172485
10,723.5,4823.231179237366
11,655.5,4796.616128921509
12,653.0,5217.43862247467
13,990.0,5282.522274971008
14,672.0,4249.839547634125
15,888.5,5146.483882904053
16,986.0,4423.313470840454
17,1107.5,4271.201244354248
18,1131.0,3786.193076133728
19,1234.0,3720.963406085968
20,1240.5,3524.8483753204346
21,1302.0,3174.9584488868713
22,1354.0,2976.1817893981934
23,1398.0,2882.5335264205933
24,1434.5,2808.972905397415
25,1435.0,2570.426654100418
26,1478.5,2544.035485625267
27,1430.0,2310.1792010068893
28,1430.5,2563.5448920726776
29,1388.5,2389.67590880394
30,1377.0,2380.551087617874
31,1406.5,2138.8870692253113
32,1474.0,2405.4905112981796
33,1394.5,2078.914479136467
34,1402.5,2137.9217425584793
35,1493.5,2083.8580473661423
36,1453.5,1876.9990510344505
37,1446.5,1890.2866801023483
38,1451.5,1918.5570357441902
39,1481.5,1822.1898183226585
40,1445.0,1780.7650334239006
41,1467.0,1943.7722930908203
42,1471.5,1734.1739612221718
43,1494.5,1749.5843022316694
44,1464.0,1646.416518356651
45,1438.0,1661.1659430861473
46,1489.5,1734.3379920125008
47,1373.4794998168945,1484.721625328064
48,1448.0,1828.4674271941185
49,1430.0,1605.785553753376
50,1409.139892578125,1551.7809331715107
51,1374.4294776916504,1524.941943258047
52,1366.0,1505.5811513960361
53,1468.0,1663.4516719579697
54,1333.0,1436.2015684098005
55,1474.0,1608.8593664765358
56,1268.6732339859009,1310.0761115550995
57,1360.5,1444.05241304636
58,1252.3648414611816,1291.7059745676816
59,1490.5,1607.2060157060623
60,1187.0,1245.9803175628185
61,1466.0,1710.3679576516151
62,1212.5,1261.5795308202505
63,1499.0,1617.061711549759
64,1147.5,1192.127835907042
65,1489.5,1614.8182806372643
66,1082.0,1114.4989685714245
67,1494.3307161331177,1543.5112676620483
68,944.0,982.2735650613904
69,1491.0,1740.574362397194
70,842.5,878.9342809021473
71,1490.0,1740.013902425766
72,750.0,788.1798243224621
73,1499.0,1775.0208599567413
74,687.5,723.4189874976873
75,1499.0,1769.9632093906403
76,579.5,623.877145960927
77,1496.0,1764.1569287776947
78,548.5,585.4599298834801
79,1500.0,1805.3586782217026
80,513.5,552.8188741803169
81,1500.0,1769.8614426851273
82,488.5,528.8677686005831
83,1499.0,1771.8460481762886
84,476.0,519.3530111983418
85,1499.5,1658.037405014038
86,460.0,501.96833531558514
87,1500.0,1636.6263686418533
88,452.5,496.4148559421301
89,1495.5,1593.2392627000809
90,447.0,485.6643015295267
91,1440.5,1478.9294457435608
92,431.0,469.534847214818
93,1410.5,1438.7801411151886
94,411.0,452.8746739178896
95,1290.5,1324.0375797748566
96,406.0,447.5582245439291
97,1147.5,1184.288708806038
98,367.5,407.64520137012005
99,1039.0,1073.8518438339233
100,328.5,367.2289130985737
101,914.0,950.8927586078644
102,279.0,328.33097971975803
103,757.5,796.0511751174927
104,252.5,299.8540698364377
105,674.5,715.9373566508293
106,200.0,246.29660615324974
107,577.0,619.9492759108543
108,169.0,215.62770280241966
109,488.0,530.5685304999352
110,144.0,189.5390908382833
111,379.5,427.3237380683422
112,121.0,168.11970615014434
113,285.5,332.4750686213374
114,86.5,126.91676973924041
115,222.0,268.00324073433876
116,65.0,102.41403565648943
117,160.0,205.00641594082117
118,48.5,85.66904966905713
119,105.5,152.95462518930435
120,35.0,66.24166652932763
121,62.0,108.23384143412113
122,18.0,52.92672510817647
123,25.0,76.5619634538889
124,8.0,57.16632042825222
125,12.5,60.19671972095966
126,4.5,51.09021154418588
127,4.5,50.40637078881264
128,4.5,45.36020953580737
129,3.0,43.099438743665814
130,4.0,41.162744116038084
131,2.0,36.021357452496886
132,2.0,34.13080491509754
133,3.0,31.170825854875147
134,2.5,28.571821497753263
135,1.5,26.395435262471437
136,3.5,26.839354653842747
137,3.5,23.526382776908576
138,2.5,22.32041568122804
139,3.0,21.264707636088133
140,4.0,20.19601723458618
141,5.0,17.696693499106914
142,1.0,37.94576535653323
143,0.5,41.298274375498295
144,2.5,39.34548247233033
145,1.5,35.688067585229874
146,1.0,33.31215531937778
147,1.5,31.121984099969268
148,3.5,28.97655300423503
149,1.0,24.64567169174552
150,2.0,24.786046942695975
151,2.0,23.11379229836166
152,2.0,21.754938069730997
153,2.5,20.079992674291134
154,2.0,18.718626964837313
155,2.5,17.819347260519862
156,3.0,16.35912397876382
157,3.0,15.593078928999603
158,4.0,14.612844035029411
159,3.5,13.526562042534351
160,3.5,12.414906302466989
161,3.0,11.88251998461783
162,3.0,11.27685271203518
163,3.0,10.844816263765097
164,3.5,10.02519718464464
165,4.5,9.388538679108024
166,3.0,8.71272352617234
167,3.5,8.498123542871326
168,2.5,8.39170492067933
169,4.0,7.932410650886595
170,4.0,7.495279109105468
171,3.5,7.070326485671103
172,3.5,6.862255770713091
173,3.0,6.614856392145157
174,3.5,6.3392631420865655
175,3.5,6.098553493618965
176,4.0,5.62024764623493
177,4.0,5.341268658172339
178,4.0,5.162038488313556
179,3.5,5.174218021798879
180,4.0,5.070089371409267
181,4.0,4.830588835757226
182,4.5,4.784643474034965
183,4.5,4.440467652399093
184,4.5,4.278152066515759
185,4.5,4.1763017270714045
186,4.0,4.079249210422859
187,5.0,4.068366030231118
188,5.0,3.685279324417934
189,4.5,3.752680776640773
190,5.0,3.6312550604343414
191,4.5,3.5318811018951237
192,4.5,3.4589910823851824
193,4.0,3.3026827718131244
194,4.5,3.394995569018647
195,5.0,3.2334736683405936
196,5.0,3.066623299382627
197,5.0,2.975386285223067
198,5.0,2.9177721315063536
199,4.5,2.9394270463380963
200,5.0,2.8897426640614867
201,5.0,2.80421863659285
202,5.0,2.777776644565165
203,5.0,2.67224129056558
204,4.5,2.662779306061566
205,4.5,2.5194511495064944
206,5.0,2.5396209000609815
207,5.0,2.3868840020149946
208,5.0,2.3979700410272926
209,4.5,2.2296089767478406
210,4.5,2.3429430844262242
211,5.0,2.2620571008883417
212,4.0,2.1058085791300982
213,5.0,2.1823038780130446
214,5.0,2.067763232626021
215,5.0,2.0343433213420212
216,4.5,1.9557470246218145
217,5.0,1.9153322209604084
218,5.0,1.847823794465512
219,4.5,1.8616825200151652
220,5.0,1.7794902345631272
221,5.0,1.7102671205066144
222,4.5,1.734764113323763
223,5.0,1.6897464412031695
224,4.5,1.593275488819927
225,4.5,1.6181104800198227
226,5.0,1.6172593596857041
227,5.0,1.4980655902763829
228,5.0,1.4770253498572856
229,5.0,1.4977146561723202
230,5.0,1.4257149957120419
231,5.0,1.3974016741849482
232,4.5,1.3466994640184566
233,5.0,1.372028642334044
234,5.0,1.3053189215715975
235,5.0,1.2751808727625757
236,5.0,1.2282070808578283
237,5.0,1.2213874862063676
238,5.0,1.20686655852478
239,5.0,1.1872965139336884
240,5.0,1.1509293530834839
241,5.0,1.1179801947437227
242,5.0,1.0812051307875663
243,5.0,1.0713908675825223
244,5.0,1.0553670866647735
245,5.0,1.0273565110983327
246,5.0,1.0200155136408284
247,4.5,0.9712882130406797
248,5.0,0.9651285398285836
249,5.0,0.9562111126724631
250,4.5,0.9152801648015156
251,4.5,0.93466001318302
252,4.5,0.8889364264905453
253,4.5,0.9039892078144476
254,5.0,0.85456527560018
255,5.0,0.8180622064974159
256,5.0,0.8046221391996369
257,5.0,0.7951825064374134
258,5.0,0.7687473979312927
259,5.0,0.7674104035831988
260,4.5,0.7349858136149123
261,5.0,0.7381786331534386
262,5.0,0.7167954057222232
263,5.0,0.6908326122211292
264,4.5,0.6788265897193924
265,5.0,0.6692180772079155
266,5.0,0.636416865629144
267,4.5,0.6116093856981024
268,4.5,0.6495953784324229
269,5.0,0.6261406376725063
270,5.0,0.5899025438702665
271,5.0,0.5768577231792733
272,5.0,0.5547568846959621
273,4.5,0.5456332010217011
274,5.0,0.5404581627808511
275,5.0,0.5220891583012417
276,4.5,0.5205674590542912
277,4.5,0.5033497058902867
278,4.5,0.49803339986829087
279,5.0,0.4787951603066176
280,5.0,0.4648132970323786
281,5.0,0.45818906038766727
282,5.0,0.4657650262815878
283,5.0,0.4362830630852841
284,5.0,0.4407811568817124
285,4.5,0.42580682784318924
286,5.0,0.4276034996146336
287,5.0,0.40768465353176
288,5.0,0.3917907936265692
289,5.0,0.3884133972460404
290,5.0,0.3726945146918297
291,5.0,0.353222458565142
292,4.0,0.34903053822927177
293,4.5,0.34938912437064573
294,4.5,0.3405168725294061
295,5.0,0.3358574739540927
296,5.0,0.3367425461183302
297,5.0,0.3083585078129545
298,5.0,0.30793990805977955
299,5.0,0.30427700065774843
300,5.0,0.29885424481472
301,5.0,0.29299171426100656
302,5.0,0.2778703856165521
303,5.0,0.2817649556673132
304,5.0,0.2688167114392854
305,4.5,0.25990455772262067
306,4.5,0.26469727873336524
307,4.5,0.2570489032077603
308,4.5,0.24646782033960335
309,5.0,0.23798735422315076
310,4.0,0.22989635716658086
311,5.0,0.23261103560798801
312,5.0,0.2208159287692979
313,5.0,0.21314276370685548
314,5.0,0.20963512983871624
315,5.0,0.21172698657028377
316,4.5,0.2044176588242408
317,4.0,0.19359671653364785
318,4.0,0.20242936443537474
319,4.5,0.19128277758136392
320,5.0,0.18361826706677675
321,5.0,0.18095419261953793
322,4.5,0.1716804431634955
323,4.5,0.1693099246476777
324,5.0,0.1656625531904865
325,4.5,0.16129917136277072
326,4.5,0.16170361250988208
327,3.5,0.1614105207263492
328,4.5,0.16141668320051394
329,4.0,0.15063164397724904
330,4.5,0.1485098270350136
331,4.5,0.14207930702832527
332,4.5,0.13765632107970305
333,4.5,0.1338324623357039
334,4.0,0.13235912710661069
335,4.0,0.12938637865590863
336,4.5,0.12657011128612794
337,4.5,0.12174236273858696
338,4.0,0.1197024594002869
339,4.5,0.11657434806693345
340,5.0,0.11244670770247467
341,5.0,0.11115624365629628
342,4.5,0.1083913961192593
343,5.0,0.10131292798905633
344,5.0,0.10189095762325451
345,5.0,0.10128055179666262
346,5.0,0.09335027089400683
347,4.5,0.09503034727822524
348,4.5,0.09637761724297889
349,4.0,0.0926171071769204
350,5.0,0.09069547691615298
351,5.0,0.08604486513650045
352,5.0,0.08188112427887972
353,4.5,0.07667432980088051
354,5.0,0.08005913882516325
355,4.5,0.07806284689286258
356,5.0,0.07623694534413517
357,5.0,0.07662670206627809
358,5.0,0.07449424572405405
359,4.5,0.07352143964089919
360,5.0,0.06996784797956934
361,4.5,0.06656428391579539
362,4.0,0.06807134096743539
363,5.0,0.06825353369640652
364,5.0,0.0623842414788669
365,5.0,0.06409714836627245
366,4.5,0.05936719918099698
367,4.5,0.0578997230695677
368,5.0,0.05863087126635946
369,5.0,0.05596442357636988
370,5.0,0.05383661035011755
371,5.0,0.05513832218275638
372,4.5,0.053070362366270274
373,4.0,0.05109394292230718
374,5.0,0.05008199927397072
375,4.5,0.050075169776391704
376,4.5,0.04960116704751272
377,5.0,0.047073029723833315
378,5.0,0.04469082040304784
379,4.0,0.043907826649956405
380,3.0,0.04360008141520666
381,3.0,0.044254663262108807
382,4.5,0.044164296305098105
383,4.0,0.04112217581132427
384,3.0,0.03952269187720958
385,4.0,0.039871440625574905
386,4.5,0.037920225273410324
387,5.0,0.03537198194680968
388,5.0,0.03580602011788869
389,3.0,0.03419497147842776
390,3.5,0.03522988870827248
391,4.5,0.033756085264030844
392,4.5,0.031440887818462215
393,4.5,0.03200866881525144
394,4.5,0.031470165402424755
395,4.0,0.03037698593107052
396,4.5,0.028804563677113038
397,4.0,0.028005857690004632
398,4.0,0.028402958691003732
399,4.5,0.027795991369202966
400,5.0,0.026713936880696565
401,4.5,0.025192246637743665
402,4.5,0.025012583919306053
403,4.0,0.024658566449943464
404,4.5,0.024863314425601857
405,4.5,0.023332157765253214
406,4.5,0.02275024412665516
407,4.5,0.021809481811942533
408,5.0,0.021298544757883064
409,4.5,0.020672526032285532
410,4.5,0.021013085020967992
411,5.0,0.020351428109279368
412,5.0,0.019273170841188403
413,5.0,0.019054687465541065
414,5.0,0.01897917238602531
415,4.5,0.01822415711649228
416,5.0,0.017914759995619534
417,5.0,0.017166459936561296
418,4.5,0.016836976777995005
419,5.0,0.016560606338316575
420,4.5,0.01605097434730851
421,4.5,0.015494255829253234
422,4.5,0.01530766767609748
423,4.5,0.01526830888906261
424,4.0,0.01434067919763038
425,4.0,0.014268464423366822
426,4.0,0.014211817269824678
427,4.5,0.013758268447418232
428,4.5,0.013256011821795255
429,5.0,0.012931218851008452
430,4.0,0.01210199121851474
431,4.0,0.012307801907809335
432,4.0,0.011992052404821152
433,3.5,0.011890842150023673
434,4.5,0.011657191285848967
435,4.0,0.010719729176344117
436,4.0,0.010877318301936612
437,4.0,0.010675051289581461
438,4.0,0.010473450442077592
439,3.5,0.009897790769173298
440,3.5,0.009828480142459739
441,4.0,0.009897605059450143
442,3.5,0.0093703807269776
443,4.0,0.009369460494781379
444,3.5,0.008873039480022271
445,4.5,0.009064656298505724
446,4.5,0.008521780435330584
447,4.5,0.008144638639350887
448,4.5,0.007829939370822103
449,4.5,0.007683797941353987
450,4.0,0.00762140829465352
451,3.5,0.0074581792832759675
452,3.0,0.007401154352919548
453,4.5,0.007289570385182742
454,3.5,0.0068579903008867404
455,5.0,0.006857831198431086
456,5.0,0.006313618247077102
457,5.0,0.006204576406162232
458,5.0,0.006153552682008012
459,4.0,0.00580128631554544
460,5.0,0.0059662162502718274
461,5.0,0.005589941987636848
462,5.0,0.005529508524887206
463,3.5,0.005249539874057518
464,3.0,0.005332388866008841
465,3.5,0.005348495645193907
466,3.5,0.00516070782305178
467,5.0,0.005076288996860967
468,3.5,0.00473758104180888
469,4.5,0.004904832459942554
470,4.0,0.004555254421575228
471,4.5,0.004619475315848831
472,5.0,0.004296783426525508
473,5.0,0.00408369655997376
474,4.0,0.003970036906139285
475,4.5,0.004038903965010832
476,4.5,0.0037721081453128136
477,4.5,0.0037886463351242128
478,4.0,0.003771259697714413
479,5.0,0.003774196010454034
480,5.0,0.0035363934066481306
481,4.5,0.003353399356456066
482,4.0,0.0034096635808964493
483,3.5,0.0033928191714949207
484,5.0,0.0033551182932569645
485,4.5,0.003045029998247628
486,4.5,0.003055799414141802
487,4.5,0.0029160951639823907
488,4.5,0.0028243519104762527
489,5.0,0.0028139211731286196
490,5.0,0.0027301701306896575
491,5.0,0.002680369438166963
492,4.5,0.002601886925731378
493,5.0,0.002639751337483176
494,5.0,0.002449988547596149
495,5.0,0.002415303248199052
496,5.0,0.0023319693791563623
497,4.5,0.0022644516438958817
498,5.0,0.0022987032948549313
499,4.5,0.002227112485343241
500,4.0,0.0021454469806485577
501,4.5,0.0021366790929278068
502,5.0,0.002083802958168235
503,5.0,0.0020132688373450947
504,5.0,0.002009549065860483
505,4.0,0.0018803153202497924
506,4.0,0.0019046277075176477
507,3.5,0.0018340063577397814
508,4.5,0.0018490153224774986
509,4.0,0.0017147909052255272
510,5.0,0.0017459803693782305
511,4.0,0.0016490805960529542
512,3.5,0.0015917751586584927
513,4.0,0.0016161313455995696
514,3.5,0.0015557235635696998
515,4.5,0.0015516683897658368
516,4.5,0.0014610136474857427
517,3.5,0.0013827591826611751
518,3.5,0.0014072254305119714
519,4.0,0.0013950816139640665
520,3.0,0.0013442575807403045
521,2.5,0.0013400574507613783
522,3.5,0.0013266433516037068
523,3.5,0.0012663581233027799
524,4.0,0.0011955192685491056
525,3.5,0.0011768410665808915
526,3.5,0.0011153846519391664
527,4.0,0.001129850997358517
528,3.0,0.0010764172209292155
529,3.5,0.0010547574509018887
530,4.5,0.0010386725934949936
531,3.0,0.0009501241520410986
532,3.0,0.0009892735399716912
533,2.5,0.0009665913057688158
534,3.5,0.0009686188848263555
535,3.5,0.0009134000035828649
536,4.5,0.000901311489769796
537,4.0,0.0008336232731380733
538,3.5,0.0008179847613973834
539,3.5,0.0008058817772962357
540,3.0,0.0007849677715512371
541,4.0,0.000812136361219018
542,4.0,0.0007498097827465244
543,4.0,0.0007357006301162983
544,3.5,0.0007295664534012758
545,4.5,0.0007081158187247638
546,4.0,0.0006645665251880928
547,4.0,0.0006680026897356584
548,3.5,0.0006392951950147108
549,3.0,0.0006393043859134195
550,3.5,0.0006306268517164426
551,4.0,0.0006106505386469507
552,4.5,0.0005914830460369558
553,4.0,0.0005602689270745032
554,3.0,0.0005292712371556263
555,3.5,0.0005451789135122453
556,4.0,0.0005402528513513971
557,5.0,0.0005192027807652266
558,4.5,0.0004844073537242366
559,3.5,0.0004855287389773366
560,3.5,0.0004686981734494111
561,4.0,0.00047414387165645167
562,2.5,0.0004418595959236882
563,2.5,0.0004578853109933334
564,4.0,0.00044530754644256376
565,3.0,0.00040551418135237327
566,4.0,0.0004197343748728599
567,4.0,0.0004025018049560458
568,4.0,0.0003872876333161912
569,3.5,0.00037188500027696136
570,3.5,0.00036593645393168117
571,4.0,0.00036892074109573514
572,4.0,0.0003582116313509687
573,3.5,0.00034254126410360186
574,3.5,0.0003408296366842478
575,3.5,0.0003274471228564835
576,3.0,0.0003314822085371816
577,3.0,0.0003135848719466594
578,3.5,0.00031036033880127434
579,4.0,0.00030680862755616545
580,3.5,0.00028372438924861854
581,3.5,0.0002914013324470943
582,4.0,0.0002716989184250451
583,3.5,0.00026448744117146816
584,3.5,0.0002658279209981629
585,4.5,0.000260104618917012
586,4.0,0.0002503616780700213
587,3.0,0.0002451207925560084
588,2.5,0.0002377138895326425
589,2.5,0.0002388685761616216
590,4.5,0.0002293843485290381
591,5.0,0.00021844902551038103
592,4.5,0.0001978486931761836
593,4.5,0.0002051460058964949
594,4.5,0.0001966899123146959
595,5.0,0.0001920877290615408
596,4.5,0.00019299222785207348
597,4.0,0.0001836579474172595
598,4.0,0.00017914241755079274
599,4.0,0.00017649250239060166
600,3.5,0.00017419912666127857
601,3.0,0.00017073108281806526
602,5.0,0.00017258419643439993
603,4.5,0.00015795602226376104
604,3.5,0.00015057858010436576
605,4.0,0.00015444030987055157
606,4.0,0.00015006562728103745
607,4.5,0.000146152691968382
608,4.5,0.00014025999303157732
609,3.0,0.000134969930115858
610,4.5,0.00014046028255165766
611,4.5,0.00012932070498550274
612,3.5,0.00012935018366988515
613,4.0,0.00012876754738044838
614,3.5,0.00012079667646958114
615,4.0,0.0001203146406680844
616,4.0,0.00011997492649129526
617,4.0,0.00011207754644715351
618,4.0,0.00011216165378868936
619,3.0,0.00010912502250448597
620,3.0,0.0001074920361219256
621,3.0,0.00010684888641776524
622,3.5,0.0001044308595368193
623,4.0,0.0001002541395962453
624,4.0,9.691984141113608e-05
625,3.0,9.244780952144538e-05
626,4.0,9.554832182345763e-05
627,3.0,8.68765815482675e-05
628,3.0,8.947761567412726e-05
629,3.5,8.854395950663729e-05
630,2.5,8.237007099864968e-05
631,3.5,8.335223677136128e-05
632,3.5,7.992006834456333e-05
633,3.0,7.521749725469817e-05
634,3.5,7.41320165786874e-05
635,3.0,7.164969838413526e-05
636,3.5,7.23987027555495e-05
637,3.0,6.89592005898021e-05
638,3.5,6.872991156114949e-05
639,3.5,6.600211214902174e-05
640,4.0,6.340128665272005e-05
641,4.0,6.085238334208043e-05
642,5.0,6.018005133512361e-05
643,4.5,5.750336564602776e-05
644,3.5,5.525716611742837e-05
645,3.5,5.5877331689657694e-05
646,4.0,5.3897668578883895e-05
647,4.0,5.166695471814364e-05
648,3.0,5.318936746334657e-05
649,4.0,5.1810752225378565e-05
650,4.0,5.01752185755322e-05
651,3.5,4.6827694148987575e-05
652,3.0,4.713676939616107e-05
653,3.0,4.704737057181774e-05
654,4.0,4.5784846150809244e-05
655,2.5,4.402342752740651e-05
656,3.0,4.4225338918124635e-05
657,3.0,4.2952438768395496e-05
658,2.5,4.080606787937313e-05
659,2.5,4.0095761761449467e-05
660,3.5,3.954729872646112e-05
661,3.5,3.6389307943807125e-05
662,4.5,3.647191945077566e-05
663,4.0,3.550031480870075e-05
664,4.0,3.581114086159687e-05
665,2.5,3.3874197441718934e-05
666,3.0,3.377464437193112e-05
667,4.5,3.283431779266266e-05
668,4.5,3.166396908937941e-05
669,4.5,3.0569507693201103e-05
670,4.5,2.8622617058715605e-05
671,4.0,2.824693391545452e-05
672,3.0,2.8711098103428867e-05
673,4.0,2.8375107930855847e-05
674,4.0,2.68012748279034e-05
675,4.0,2.6453983934970893e-05
676,3.5,2.5626383219901072e-05
677,3.5,2.5377886249344783e-05
678,2.5,2.4529490616487237e-05
679,3.0,2.4806061936999413e-05
680,2.5,2.3981811793305496e-05
681,3.0,2.3688307262403896e-05
682,3.0,2.2743561167715143e-05
683,2.5,2.2504584087812418e-05
684,2.5,2.1686387647434913e-05
685,2.0,2.1480731270173692e-05
686,2.5,2.0861438482455696e-05
687,3.0,1.9874627124494282e-05
688,3.5,1.949747422713699e-05
689,4.5,1.849211484739044e-05
690,4.0,1.8054595837924126e-05
691,4.0,1.748396179834799e-05
692,3.0,1.7158066661693283e-05
693,3.5,1.719009239664615e-05
694,3.5,1.6514128851952137e-05
695,2.5,1.6016558689102567e-05
696,3.5,1.643308689835976e-05
697,3.5,1.525841672744832e-05
698,4.0,1.490079183597004e-05
699,4.0,1.4510801747746882e-05
700,2.5,1.3872041467521967e-05
701,3.5,1.423449660364895e-05
702,3.5,1.3422184583333774e-05
703,3.5,1.2839464742953055e-05
704,3.5,1.2809519638778966e-05
705,3.5,1.2420672110380337e-05
706,3.0,1.2305503947374064e-05
707,3.5,1.2179776748055815e-05
708,2.5,1.1646426932188092e-05
709,3.0,1.1592044041108807e-05
710,3.0,1.1276894648304392e-05
711,2.5,1.0714942066059052e-05
712,4.0,1.0859354665271326e-05
713,3.5,9.992788587709356e-06
714,4.5,1.0295359425427364e-05
715,4.0,9.52028769418689e-06
716,4.0,9.482039262209696e-06
717,2.5,8.823375019062496e-06
718,2.5,9.388723578140912e-06
719,3.0,9.21055741365251e-06
720,4.0,8.887269332902292e-06
721,2.0,7.973963040086574e-06
722,3.0,8.595081641971092e-06
723,3.5,8.020646999895575e-06
724,4.0,7.807430421280515e-06
725,2.5,7.2455819246641795e-06
726,3.0,7.482227387001217e-06
727,2.5,7.417495501371718e-06
728,3.0,7.117214158469665e-06
729,3.0,6.975976198475564e-06
730,3.0,6.676185879683771e-06
731,3.0,6.413456278053786e-06
732,3.5,6.304504932330701e-06
733,3.0,5.948383044795946e-06
734,3.5,6.141056767106079e-06
735,3.0,5.6088770090667595e-06
736,2.5,5.706038849417894e-06
737,3.5,5.670891307651971e-06
738,4.5,5.3159869324304054e-06
739,4.0,5.148629699469609e-06
740,4.5,5.03774048787875e-06
741,4.0,4.758738977095334e-06
742,4.0,4.751736097929893e-06
743,3.0,4.6296808946522106e-06
744,3.0,4.7808243337499334e-06
745,3.5,4.582226118543531e-06
746,3.0,4.466954615089946e-06
747,3.5,4.267667940816011e-06
748,4.0,4.14295133221998e-06
749,3.5,3.973199685702866e-06
750,4.0,3.991000019354374e-06
751,4.0,3.7882392733834536e-06
752,3.5,3.7362930846995823e-06
753,3.0,3.6094499584748974e-06
754,3.5,3.700277250384687e-06
755,3.0,3.589836770068189e-06
756,3.5,3.4016233918521266e-06
757,3.5,3.3151956024823903e-06
758,3.5,3.2733158628062142e-06
759,3.0,3.2817191817358093e-06
760,4.0,3.144391599541052e-06
761,3.5,2.8669523897129068e-06
762,3.0,2.922892565759838e-06
763,3.0,2.918957997977145e-06
764,3.0,2.811374327560401e-06
765,3.5,2.7448286021858337e-06
766,2.0,2.5845093398757513e-06
767,3.5,2.7042045482872368e-06
768,4.0,2.567929963337434e-06
769,3.0,2.467255333371554e-06
770,4.0,2.454936416818043e-06
771,4.0,2.3302846225981e-06
772,2.5,2.216231619556197e-06
773,3.0,2.342026598434188e-06
774,3.0,2.2235139662818426e-06
775,4.0,2.197923241187283e-06
776,3.5,2.0748446583063185e-06
777,3.0,2.00503070324487e-06
778,2.5,1.987680804393932e-06
779,3.5,1.933051897218263e-06
780,4.0,1.9240908510909094e-06
781,3.0,1.7696179610560137e-06
782,2.5,1.8107126713573507e-06
783,3.5,1.7962801996951328e-06
784,3.0,1.6896486187967241e-06
785,3.5,1.7053427043833835e-06
786,3.0,1.6000023990159207e-06
787,3.0,1.5602726974872638e-06
788,3.0,1.5333757150681748e-06
789,3.5,1.4785939237427215e-06
790,3.5,1.4494014477506312e-06
791,3.0,1.4007370174873301e-06
792,3.5,1.4462578463714237e-06
793,2.5,1.3530955333962424e-06
794,1.5,1.3383029149327541e-06
795,3.5,1.3718797378103886e-06
796,3.0,1.221748801238931e-06
797,3.5,1.2207484001436342e-06
798,3.0,1.1839363138754777e-06
799,3.0,1.1398712989052484e-06
800,2.0,1.0978080624557407e-06
801,3.5,1.1229281746683029e-06
802,2.0,1.0524947333667711e-06
803,3.5,1.057147418492832e-06
804,4.0,9.978409711841607e-07
805,2.5,9.62703611495641e-07
806,3.0,9.771335702790651e-07
807,4.0,9.396430042940551e-07
808,3.5,8.908694836273767e-07
809,3.0,9.04128488521394e-07
810,3.0,8.522180454662021e-07
811,3.0,8.549865488927111e-07
812,3.5,8.184880286865592e-07
813,2.5,7.958650563022474e-07
814,2.5,7.778207109510049e-07
815,2.5,7.792447738186326e-07
816,3.0,7.529106224035687e-07
817,3.0,7.313545595799553e-07
818,2.0,6.904593344847498e-07
819,3.5,6.951940001442836e-07
820,3.0,6.459940115055574e-07
821,2.5,6.476437677260805e-07
822,3.0,6.372875968052583e-07
823,3.0,6.148633885372234e-07
824,2.5,5.902402867574708e-07
825,2.0,5.804414028309779e-07
826,2.5,5.835477221438623e-07
827,3.5,5.592209881832844e-07
828,3.5,5.294164514557664e-07
829,3.0,5.155979401205713e-07
830,2.5,5.090218466730079e-07
831,3.0,5.046426427846029e-07
832,3.0,5.033532602949364e-07
833,3.0,4.869447629562984e-07
834,3.0,4.726584081904406e-07
835,3.5,4.6745662241054475e-07
836,2.5,4.3845355657268215e-07
837,2.5,4.302704570413596e-07
838,2.5,4.241458481102356e-07
839,3.0,4.1781980109067973e-07
840,2.5,3.992673184294304e-07
841,2.0,4.0167838788462973e-07
842,3.5,4.0326950356828206e-07
843,3.5,3.722560522612106e-07
844,3.5,3.4805470894294643e-07
845,3.0,3.4862296677262705e-07
846,3.0,3.46824645058863e-07
847,2.5,3.334314171432595e-07
848,3.0,3.271867305421061e-07
849,3.0,3.172966467901439e-07
850,3.5,3.107601581064934e-07
851,3.0,2.9872381551721006e-07
852,2.0,2.925968524136735e-07
853,2.0,2.9679161134277265e-07
854,1.5,2.8614206182275836e-07
855,2.0,2.894501096584179e-07
856,2.0,2.763904087821345e-07
857,2.0,2.6609635589425196e-07
858,2.0,2.603208210105734e-07
859,3.0,2.541428476554586e-07
860,3.0,2.4070821458277436e-07
861,3.0,2.3202943394418085e-07
862,2.5,2.2319544584759043e-07
863,2.5,2.2008140210250104e-07
864,2.0,2.1941466646357988e-07
865,2.5,2.1365204982970454e-07
866,2.0,2.0438834608116352e-07
867,2.5,2.0522214605467326e-07
868,2.0,1.9520253075056004e-07
869,2.0,1.9372165457887114e-07
870,1.5,1.8694489617443466e-07
871,2.0,1.8275116103749767e-07
872,2.5,1.760074666845579e-07
873,2.0,1.669755052557953e-07
874,2.0,1.669588685637713e-07
875,3.0,1.6499019694915518e-07
876,2.5,1.5875287334710109e-07
877,2.5,1.5460763200247918e-07
878,2.0,1.4867218978142915e-07
879,2.0,1.501742841747422e-07
880,1.0,1.435168819619026e-07
881,2.0,1.4520829555442205e-07
882,2.5,1.388413428116131e-07
883,3.0,1.3099166615293534e-07
884,3.0,1.2741434768370752e-07
885,3.0,1.2266851692754877e-07
886,2.5,1.1478053676960975e-07
887,3.0,1.1834555407874703e-07
888,3.5,1.1543833106086865e-07
889,2.5,1.0964475319341638e-07
890,2.5,1.0857130483543642e-07
891,3.0,1.0647682308073669e-07
892,2.5,1.0327389782238683e-07
893,3.0,1.0343269221668727e-07
894,3.0,9.852355908890331e-08
895,3.5,9.693512484365563e-08
896,3.0,9.467724727818538e-08
897,2.5,9.263523022273734e-08
898,3.0,9.025467741230475e-08
899,2.0,8.65060681143337e-08
900,2.5,8.646198081108114e-08
901,3.5,8.489511961473628e-08
902,3.5,7.97302597277394e-08
903,3.5,7.912557281608557e-08
904,3.0,7.543289894107463e-08
905,3.5,7.494907111604832e-08
906,3.0,7.361735873678832e-08
907,3.0,7.032950455343467e-08
908,2.5,6.951901776464098e-08
909,3.0,6.833656385207831e-08
910,2.5,6.783212223859802e-08
911,3.5,6.539510069569765e-08
912,2.5,6.244825320744773e-08
913,1.5,6.223487113155013e-08
914,2.0,6.412660730203967e-08
915,2.0,6.055917295411106e-08
916,2.0,5.955994147877064e-08
917,2.5,5.701451671891178e-08
918,3.0,5.492798452189085e-08
919,2.0,5.2587142654325625e-08
920,2.5,5.2146651913220765e-08
921,2.5,5.084927634513292e-08
922,2.5,4.9159949139232495e-08
923,2.5,4.946724944943082e-08
924,2.0,4.6585240928709304e-08
925,2.0,4.5901098574829824e-08
926,2.5,4.470422137331509e-08
927,2.5,4.313927880195134e-08
928,2.5,4.1866596592332606e-08
929,2.5,4.016878207141472e-08
930,2.5,4.061200294808165e-08
931,2.5,3.949992288809767e-08
932,2.5,3.767323703690595e-08
933,3.0,3.742492379193996e-08
934,2.5,3.611826950022934e-08
935,2.5,3.6217212506794993e-08
936,2.5,3.429635120344443e-08
937,2.5,3.320976254411745e-08
938,3.0,3.3165098015097705e-08
939,3.0,3.192671693685867e-08
940,3.0,3.162223204122849e-08
941,3.0,2.8925448085359573e-08
942,3.0,2.939996838341452e-08
943,3.0,2.8262542736690044e-08
944,3.0,2.784435731290058e-08
945,3.0,2.70476545188858e-08
946,3.0,2.6590463851616786e-08
947,2.5,2.5326102919692728e-08
948,2.5,2.5355215149680532e-08
949,2.5,2.4738379379718456e-08
950,1.5,2.4197620476784643e-08
951,3.0,2.4343740655241586e-08
952,2.5,2.2968841689730013e-08
953,3.0,2.2454725211173976e-08
954,2.0,2.1731828340337822e-08
955,2.5,2.1587119994337378e-08
956,2.5,2.0849616345908206e-08
957,2.0,2.0644850020484773e-08
958,2.0,1.9939872721724816e-08
959,2.5,1.9528495130011203e-08
960,2.0,1.8860056599789843e-08
961,3.0,1.8771479502743826e-08
962,2.0,1.7200308097958805e-08
963,2.5,1.718162027236625e-08
964,2.5,1.6869977931960323e-08
965,2.5,1.6781504220964027e-08
966,2.0,1.6082129069422413e-08
967,2.5,1.578653629347171e-08
968,3.0,1.48813927118574e-08
969,3.0,1.4178469377734704e-08
970,3.5,1.3924861406305888e-08
971,2.0,1.3372993341170814e-08
972,2.0,1.3489729867866007e-08
973,2.0,1.3130454321053087e-08
974,2.5,1.3001683465962977e-08
975,2.0,1.2758146775149193e-08
976,2.0,1.2315926486983209e-08
977,3.0,1.182926110190885e-08
978,2.5,1.1422928020143885e-08
979,2.0,1.1233251079323381e-08
980,3.0,1.1094800184477394e-08
981,3.0,1.0600600754834266e-08
982,2.5,1.0169505959556346e-08
983,2.0,1.0342874143948189e-08
984,2.0,1.0082849057416188e-08
985,3.0,9.821733528911358e-09
986,1.5,9.127303491132666e-09
987,2.5,9.345919493169985e-09
988,2.0,8.728261115600877e-09
989,2.0,8.645975314164334e-09
990,3.5,8.551049880331507e-09
991,3.0,7.962155450583208e-09
992,3.0,7.896524633829727e-09
993,3.0,7.588500302961598e-09
994,3.5,7.4429642154399955e-09
995,3.0,7.17792924577465e-09
996,2.5,7.249505913978216e-09
997,2.5,7.0206323098814805e-09
998,3.0,6.775395178931776e-09
999,3.0,6.603376888694723e-09
1000,3.0,6.358119784138916e-09
1001,3.5,6.131812018209115e-09
1002,3.5,6.177207577048871e-09
1003,3.5,5.887990812795951e-09
1004,3.5,5.747417621687623e-09
1005,2.5,5.51637276049316e-09
1006,2.0,5.695458989846136e-09
1007,2.5,5.494776515735378e-09
1008,3.0,5.557869896949397e-09
1009,2.5,5.204864078796334e-09
1010,2.5,5.0101293582599515e-09
1011,2.5,4.994908550139121e-09
1012,2.0,4.844777342326301e-09
1013,2.5,4.823770302468666e-09
1014,2.5,4.7057151994489566e-09
1015,2.5,4.492681280818256e-09
1016,3.0,4.427121904314324e-09
1017,2.0,4.204960664389024e-09
1018,2.0,4.231170951801699e-09
1019,2.5,4.0946377868195105e-09
1020,2.0,3.9298169076523726e-09
1021,2.5,4.000352788607886e-09
1022,2.5,3.777491365715424e-09
1023,3.0,3.716739413635317e-09
1024,3.0,3.5405048389586247e-09
1025,3.0,3.3677858158470686e-09
1026,2.5,3.3443331506899376e-09
1027,2.0,3.247794721529529e-09
1028,2.5,3.270288735125748e-09
1029,2.5,3.145884428824852e-09
1030,3.0,3.1299531369488598e-09
1031,3.0,2.9571273615566773e-09
1032,2.5,2.7818958109326886e-09
1033,3.0,2.828600837497669e-09
1034,3.0,2.8060017556036376e-09
1035,3.0,2.7117416064384448e-09
1036,2.5,2.667999804591148e-09
1037,3.0,2.582259153900701e-09
1038,2.0,2.4803463163566852e-09
1039,3.0,2.491583679393311e-09
1040,3.0,2.421557223838966e-09
1041,1.5,2.3226195190219345e-09
1042,3.0,2.367823559185772e-09
1043,2.5,2.11659136788514e-09
1044,2.0,2.123224156821285e-09
1045,2.0,2.120770273804362e-09
1046,2.5,2.0688662575631123e-09
1047,2.5,2.0394212256469313e-09
1048,2.5,1.9655329135115363e-09
1049,3.0,1.884425267304618e-09
1050,3.0,1.8401653807502416e-09
1051,2.5,1.7537712697010543e-09
1052,2.5,1.7350539520746833e-09
1053,1.0,1.6581671864572545e-09
1054,2.0,1.7370581193061618e-09
1055,1.0,1.6350289117408878e-09
1056,1.0,1.6154788518192575e-09
1057,2.0,1.5986775085165272e-09
1058,1.5,1.5058123463418394e-09
1059,2.0,1.5035741640460898e-09
1060,1.0,1.4229412374951178e-09
1061,1.5,1.423689392938965e-09
1062,1.5,1.3914301056835998e-09
1063,1.5,1.3265966313739247e-09
1064,0.0,1.270516909344585e-09
1065,1.5,1.3186796639450687e-09
1066,1.5,1.2468292661348135e-09
1067,2.0,1.195039624765984e-09
1068,2.0,1.153433036148871e-09
1069,1.5,1.1307076368954894e-09
1070,2.0,1.1090123936373375e-09
1071,2.0,1.0756381631747691e-09
1072,1.5,1.0111787201831646e-09
1073,2.5,1.0144005199632516e-09
1074,2.0,9.860475506853067e-10
1075,2.0,9.478565994158056e-10
1076,2.0,9.343907470676927e-10
1077,1.5,8.872950325866658e-10
1078,1.5,8.91899141781255e-10
1079,1.5,8.694926768599426e-10
1080,2.5,8.506578711830332e-10
1081,2.5,8.058255993904917e-10
1082,2.5,7.651763491486191e-10
1083,2.0,7.620529669533777e-10
1084,2.0,7.456167601740948e-10
1085,2.0,7.405025329899895e-10
1086,3.0,7.260951805088123e-10
1087,2.0,7.037460878801804e-10
1088,2.0,6.841105559644844e-10
1089,2.5,6.701252002307492e-10
1090,2.0,6.457446203190359e-10
1091,2.5,6.344858528547007e-10
1092,1.5,6.104023030301456e-10
1093,2.0,6.253064489813998e-10
1094,2.0,5.916813052963404e-10
1095,2.5,5.791116173842897e-10
1096,2.0,5.55114707673221e-10
1097,2.5,5.555948625430782e-10
1098,3.0,5.269843575189323e-10
1099,2.5,5.045540959862371e-10
1100,2.5,4.941680569522239e-10
1101,2.5,4.948340527480624e-10
1102,3.0,4.744514788641505e-10
1103,3.0,4.6957164296247e-10
1104,3.0,4.5249681584168255e-10
1105,3.0,4.320592439594276e-10
1106,2.5,4.3068784172720087e-10
1107,2.0,4.2194370751275773e-10
1108,3.0,4.1999636337134924e-10
1109,3.0,3.939459898702133e-10
1110,3.0,3.9048694757282815e-10
1111,3.0,3.7539441422995007e-10
1112,2.5,3.702587104644807e-10
1113,3.0,3.6024668534709314e-10
1114,3.5,3.455360251939689e-10
1115,3.0,3.3462144432292243e-10
1116,3.0,3.3585377371986996e-10
1117,3.0,3.2609281084856195e-10
1118,2.5,3.1077921280268234e-10
1119,2.5,3.1028214763154094e-10
1120,2.5,3.04819057256496e-10
1121,3.0,3.0228814536150533e-10
1122,3.0,2.8795801219850745e-10
1123,3.0,2.871918219188828e-10
1124,3.0,2.728666451319063e-10
1125,3.0,2.607031446733195e-10
1126,3.0,2.5632053277839864e-10
1127,2.5,2.468612596783458e-10
1128,2.5,2.519722141439834e-10
1129,3.0,2.4283251093531327e-10
1130,2.5,2.2856336896921736e-10
1131,2.5,2.3124366527529916e-10
1132,2.5,2.2259616789784345e-10
1133,2.0,2.2387690377760616e-10
1134,2.5,2.1884094428097078e-10
1135,2.5,2.1146691494243475e-10
1136,3.0,2.0405038520399793e-10
1137,2.0,1.9479570213809527e-10
1138,2.5,1.9574270232036034e-10
1139,2.0,1.894177355384833e-10
1140,2.0,1.8981026022853523e-10
1141,1.5,1.8237264893779595e-10
1142,1.5,1.746588481753731e-10
1143,2.0,1.7523256809351753e-10
1144,1.5,1.648712183487458e-10
1145,2.0,1.6524976661569726e-10
1146,2.0,1.5726404559027532e-10
1147,2.0,1.550713779119913e-10
1148,2.5,1.4984531427090705e-10
1149,1.5,1.4146928282153005e-10
1150,1.5,1.4211891440161356e-10
1151,2.0,1.4155896008345714e-10
1152,2.5,1.3776300486121294e-10
1153,2.5,1.300987230543494e-10
1154,2.5,1.2887280140066147e-10
1155,2.0,1.2094631668250512e-10
1156,2.5,1.2168496489302696e-10
1157,2.0,1.1460619654896434e-10
1158,2.0,1.1561194037702782e-10
1159,2.5,1.1415737672109023e-10
1160,2.5,1.0876430723942565e-10
1161,1.0,1.0383766548970226e-10
1162,1.0,1.0635879140298912e-10
1163,2.0,1.0532363474207926e-10
1164,2.5,1.0068593594774692e-10
1165,2.5,9.60347438101446e-11
1166,2.5,9.360286401223841e-11
1167,2.0,9.150217257882561e-11
1168,1.5,8.79622090498109e-11
1169,2.5,8.883773649711896e-11
1170,2.5,8.456226369905461e-11
1171,2.5,8.264102141324059e-11
1172,2.5,7.996795925641932e-11
1173,2.5,7.717329877086117e-11
1174,2.5,7.682131333516286e-11
1175,2.5,7.499649077485123e-11
1176,2.5,7.197646494929658e-11
1177,2.5,6.879326169590035e-11
1178,2.5,6.865291653581924e-11
1179,2.5,6.774737316820635e-11
1180,2.5,6.599291129023594e-11
1181,2.0,6.215906099300145e-11
1182,1.5,6.362196492836099e-11
1183,3.0,6.29537987901661e-11
1184,2.5,5.909969729041547e-11
1185,3.0,5.737739828344437e-11
1186,2.5,5.596521245835196e-11
1187,2.5,5.447751619388694e-11
1188,2.0,5.250799128180342e-11
1189,2.0,5.2804648227231486e-11
1190,2.0,5.2213830725430024e-11
1191,2.0,5.022381561201397e-11
1192,2.0,4.944054838923115e-11
1193,2.0,4.79122084075332e-11
1194,1.5,4.582172998240236e-11
1195,1.5,4.6492960096265485e-11
1196,2.0,4.4813907101805446e-11
1197,2.5,4.315535895218353e-11
1198,2.5,4.1714914508772516e-11
1199,2.0,3.986495217321671e-11
1200,2.5,3.9664127898472214e-11
1201,2.5,3.8117572784951686e-11
1202,1.5,3.713394958822398e-11
1203,1.5,3.7397595775896277e-11
1204,1.5,3.5725320793290275e-11
1205,1.5,3.532029810499656e-11
1206,2.0,3.4622927680243165e-11
1207,1.5,3.295533620030055e-11
1208,2.5,3.274219179068066e-11
1209,2.0,3.1006536090570896e-11
1210,1.5,3.0721236942169924e-11
1211,1.0,2.9747880848636325e-11
1212,2.0,2.9937554707124264e-11
1213,2.0,2.8188446883755866e-11
1214,1.5,2.6976143337902915e-11
1215,2.0,2.724146320169261e-11
1216,2.0,2.6276974404704483e-11
1217,1.5,2.5558911737543714e-11
1218,2.0,2.5688410200278098e-11
1219,2.5,2.3773182702198793e-11
1220,2.0,2.380431875920186e-11
1221,2.0,2.277916385655691e-11
1222,2.5,2.2271380859049516e-11
1223,2.5,2.1764060748107137e-11
1224,1.5,2.105846862176814e-11
1225,2.0,2.0853946560317905e-11
1226,2.5,2.047563199992098e-11
1227,2.0,1.952837820921524e-11
1228,2.0,1.8921970496813423e-11
1229,2.0,1.9001215846651794e-11
1230,2.0,1.804003362573239e-11
1231,2.5,1.8111776587916495e-11
1232,2.5,1.723682956993554e-11
1233,2.5,1.6373662679609186e-11
1234,2.5,1.61572091494336e-11
1235,2.5,1.583259699288863e-11
1236,2.5,1.503599426634335e-11
1237,2.0,1.464428354107242e-11
1238,2.5,1.516619459751849e-11
1239,2.5,1.4379456172731444e-11
1240,2.5,1.3958399997779153e-11
1241,2.0,1.3522143789483328e-11
1242,2.0,1.3563876977433671e-11
1243,2.0,1.3101898392774082e-11
1244,1.5,1.2699721984210828e-11
1245,1.5,1.265267594811729e-11
1246,2.0,1.2383904677483351e-11
1247,1.5,1.1788198990894932e-11
1248,2.0,1.1532872504826171e-11
1249,2.0,1.1135692850344921e-11
1250,2.0,1.0923557993883877e-11
1251,2.5,1.0524526540726747e-11
1252,2.0,1.0192851389786701e-11
1253,2.5,1.0144308922608106e-11
1254,2.5,9.814062811117769e-12
1255,2.0,9.516555248099013e-12
1256,2.0,9.327195887862193e-12
1257,1.5,9.220686461746167e-12
1258,2.0,8.90593213732178e-12
1259,2.0,8.739910891227476e-12
1260,1.5,8.499942482991744e-12
1261,2.0,8.363062917556745e-12
1262,2.0,8.049303858539449e-12
1263,2.0,7.901303502672258e-12
1264,1.0,7.61679061091051e-12
1265,2.0,7.694580814049672e-12
1266,1.0,7.265831206549993e-12
1267,1.5,7.370230992078796e-12
1268,1.5,6.964939077750928e-12
1269,0.5,6.772501820012352e-12
1270,1.0,6.788707954008435e-12
1271,1.5,6.500633837580832e-12
1272,0.5,6.25941525953693e-12
1273,1.0,6.243483543886966e-12
1274,0.5,5.954994820078275e-12
1275,0.0,5.853968984465853e-12
1276,0.5,5.8470802814992355e-12
1277,1.0,5.6249858422377855e-12
1278,0.5,5.3731451144344434e-12
1279,1.0,5.365633325561496e-12
1280,0.5,5.018868670607205e-12
1281,0.5,5.008669841656782e-12
1282,0.5,4.876415959569156e-12
1283,0.5,4.791255335661877e-12
1284,1.0,4.585854198007992e-12
1285,1.5,4.517746553002737e-12
1286,2.0,4.268116904758315e-12
1287,2.0,4.033836544686028e-12
1288,0.5,3.9023140154090166e-12
1289,0.5,3.997265572774705e-12
1290,1.0,3.909959279733792e-12
1291,1.5,3.83562512687349e-12
1292,1.0,3.5949578309059458e-12
1293,1.0,3.5316838480238663e-12
1294,1.0,3.5057025277588955e-12
1295,1.0,3.3833579375844975e-12
1296,1.0,3.3243434631655936e-12
1297,1.0,3.244926060606845e-12
1298,0.0,3.095262649568378e-12
1299,1.0,3.13847981891352e-12
1300,1.0,2.9656160670295403e-12
1301,1.0,2.8837941721381467e-12
1302,1.5,2.7973064280205383e-12
1303,1.5,2.695058185798858e-12
1304,1.0,2.6084787533293247e-12
1305,1.0,2.5935245801925785e-12
1306,1.0,2.538439251905663e-12
1307,1.0,2.461673211126103e-12
1308,0.5,2.412944502154713e-12
1309,1.0,2.3841082357416816e-12
1310,1.0,2.3407202672849235e-12
1311,1.5,2.2291757457170195e-12
1312,1.0,2.1496568182127296e-12
1313,1.0,2.080146291405727e-12
1314,0.5,2.0274541166449085e-12
1315,1.0,2.0218671415349278e-12
1316,1.0,1.93082898861742e-12
1317,1.0,1.8711595091261185e-12
1318,1.0,1.8416861574697214e-12
1319,1.5,1.7845201566988635e-12
1320,0.5,1.7444714335245718e-12
1321,0.5,1.7181004624337544e-12
1322,1.0,1.6676868588170926e-12
1323,0.0,1.618370774424913e-12
1324,1.0,1.6181740493288472e-12
1325,1.0,1.5461185396105023e-12
1326,1.5,1.4984029946994108e-12
1327,0.5,1.4113200998220731e-12
1328,0.5,1.4217417522242165e-12
1329,0.0,1.411657201570905e-12
1330,1.5,1.3824490214137006e-12
1331,1.5,1.291424600806092e-12
1332,1.5,1.2647053124031883e-12
1333,1.5,1.2279301036958648e-12
1334,1.0,1.1854486229112365e-12
1335,1.5,1.186243231083561e-12
1336,1.5,1.1467457832093638e-12
1337,1.5,1.1106130642391258e-12
1338,1.5,1.083224781379426e-12
1339,1.0,1.0430513796139796e-12
1340,1.5,1.042933421805745e-12
1341,1.5,1.0002934149933897e-12
1342,1.0,9.707109290709695e-13
1343,1.0,9.559873570542233e-13
1344,1.5,9.536883624634005e-13
1345,1.5,9.035895342893884e-13
1346,1.5,9.037544147582857e-13
1347,1.5,8.628908300068675e-13
1348,1.0,8.516609677773325e-13
1349,1.5,8.390687823305425e-13
1350,1.0,8.087926436575613e-13
1351,1.5,8.030303583502456e-13
1352,0.0,7.51114355666138e-13
1353,0.0,7.723733162665433e-13
1354,0.0,7.550492296466742e-13
1355,0.5,7.356147454038863e-13
1356,1.0,7.055209857358222e-13
1357,0.0,6.697447977561602e-13
1358,0.0,6.73423033882689e-13
1359,0.5,6.561646786077137e-13
1360,1.0,6.26588498104432e-13
1361,1.5,6.008324482634868e-13
1362,0.5,5.793442368194786e-13
1363,0.5,5.809488810222291e-13
1364,0.5,5.666209046261905e-13
1365,1.0,5.511508525315453e-13
1366,1.0,5.306010754543055e-13
1367,0.5,5.07162158144199e-13
1368,1.0,5.085232713748889e-13
1369,1.0,4.854431022699768e-13
1370,1.0,4.754970380095304e-13
1371,1.0,4.700679122538308e-13
1372,1.0,4.5324254973945916e-13
1373,1.0,4.349929329821358e-13
1374,1.0,4.2718677432551264e-13
1375,1.0,4.2130407492029436e-13
1376,1.5,4.152783132384716e-13
1377,1.5,3.8678012552089737e-13
1378,1.5,3.8171810013876866e-13
1379,1.5,3.697420344405315e-13
1380,1.0,3.628057972025238e-13
1381,1.0,3.5992769349132243e-13
1382,1.0,3.5148544178455237e-13
1383,1.0,3.4003287945247025e-13
1384,0.5,3.2893146574597984e-13
1385,0.5,3.3023241893804695e-13
1386,1.0,3.172870209110706e-13
1387,1.5,3.0625493865125796e-13
1388,1.5,2.9484971497889463e-13
1389,1.0,2.8635024815530123e-13
1390,1.5,2.860420448942287e-13
1391,1.5,2.6757644738791017e-13
1392,1.5,2.6602635533627596e-13
1393,1.0,2.6036231145128163e-13
1394,1.0,2.5754390196352156e-13
1395,1.0,2.4570636008641793e-13
1396,1.0,2.404356776139142e-13
1397,1.0,2.367922665587975e-13
1398,1.0,2.317923755432124e-13
1399,1.0,2.2415768690123918e-13
1400,0.5,2.2040368330700154e-13
1401,0.5,2.1675435715611633e-13
1402,1.0,2.092134259028604e-13
1403,1.5,2.0348981654343278e-13
1404,1.5,1.9652270558977235e-13
1405,1.0,1.854542163186395e-13
1406,1.5,1.8395376942390925e-13
1407,1.0,1.782142382538232e-13
1408,1.5,1.7782797886848816e-13
1409,1.5,1.7157799425122805e-13
1410,1.0,1.6485192338395843e-13
1411,0.5,1.6294208460763385e-13
1412,1.5,1.6345372803021967e-13
1413,1.5,1.5355894356791646e-13
1414,1.5,1.5053774330174605e-13
1415,1.0,1.4815778157264909e-13
1416,1.5,1.4480464375870761e-13
1417,1.5,1.386454252068418e-13
1418,1.5,1.354768952591391e-13
1419,1.0,1.353096177664105e-13
1420,1.0,1.3092935700095838e-13
1421,1.5,1.2869143258566016e-13
1422,1.5,1.250936534188735e-13
1423,1.5,1.1994819957954454e-13
1424,1.0,1.158952104014642e-13
1425,1.5,1.1471732627913325e-13
1426,1.5,1.1081705883550875e-13
1427,1.5,1.0832390044390389e-13
1428,1.5,1.0689407433881581e-13
1429,1.0,1.0319368051860108e-13
1430,1.5,1.0067993144426273e-13
1431,1.5,9.792858033732692e-14
1432,0.5,9.285085075259788e-14
1433,1.0,9.505558431420685e-14
1434,1.0,9.142039278740093e-14
1435,1.0,9.00924433847554e-14
1436,1.5,8.590451680244955e-14
1437,1.5,8.410819129366667e-14
1438,1.5,8.215179294264631e-14
1439,1.5,8.026061143017865e-14
1440,1.5,7.75881585438387e-14
1441,1.5,7.475798548897694e-14
1442,1.5,7.232510898962518e-14
1443,1.5,7.109108787782896e-14
1444,1.0,6.903040579495796e-14
1445,1.0,6.998288472238054e-14
1446,1.0,6.65769924788742e-14
1447,1.5,6.552050537000665e-14
1448,1.5,6.230319985059946e-14
1449,1.0,6.124373812083983e-14
1450,0.5,6.025016213419832e-14
1451,1.5,6.00687950821902e-14
1452,1.5,5.739056983836829e-14
1453,1.5,5.516157247535474e-14
1454,1.0,5.383241078327324e-14
1455,1.0,5.351208033973664e-14
1456,1.5,5.137697381283426e-14
1457,1.5,4.936700495570903e-14
1458,1.0,4.882832557817072e-14
1459,1.5,4.7590973800477e-14
1460,1.5,4.596680384716596e-14
1461,1.5,4.425389502976631e-14
1462,1.5,4.369243440994402e-14
1463,0.5,4.194620836550984e-14
1464,1.5,4.2981070346039636e-14
1465,1.5,4.068718837991206e-14
1466,1.0,3.968992535149538e-14
1467,1.0,3.840539118504419e-14
1468,1.5,3.799172258777706e-14
1469,1.5,3.612550641190021e-14
1470,1.0,3.549905659362979e-14
1471,1.5,3.526253718825292e-14
1472,1.5,3.3549459718652533e-14
1473,1.5,3.2754481326755534e-14
1474,1.5,3.1803864396126705e-14
1475,1.5,3.119081825882421e-14
1476,1.0,3.0257707494129324e-14
1477,1.5,3.000044075124584e-14
1478,0.5,2.8578691191336615e-14
1479,1.0,2.877128896716559e-14
1480,1.0,2.7518937499907973e-14
1481,1.5,2.706037675862385e-14
1482,1.0,2.6326219580739335e-14
1483,1.5,2.5632436148876358e-14
1484,1.0,2.4722098884054917e-14
1485,1.5,2.406641892492171e-14
1486,1.5,2.3511038168628467e-14
1487,1.0,2.279072305096675e-14
1488,1.5,2.270977593708081e-14
1489,1.5,2.1608592269397738e-14
1490,1.5,2.1076098363191642e-14
1491,0.5,2.0406918340005536e-14
1492,1.5,2.0571753813586142e-14
1493,0.5,1.9355170727893725e-14
1494,1.5,1.9759750175254617e-14
1495,1.5,1.8435681020614295e-14
1496,1.5,1.8260919171233538e-14
1497,1.5,1.7806954027057078e-14
1498,1.5,1.715631384116814e-14
1499,1.5,1.6668301562475915e-14
1500,0.5,1.615330633787358e-14
1501,1.0,1.6316449201397554e-14
1502,1.5,1.5687572213525502e-14
1503,1.5,1.520628889029772e-14
1504,1.5,1.4860194983449593e-14
1505,1.0,1.422799425814485e-14
1506,1.0,1.4171534479643504e-14
1507,1.5,1.3707190733408565e-14
1508,1.5,1.3320565724316615e-14
1509,1.5,1.2598397066955733e-14
1510,1.5,1.243031513115526e-14
1511,1.0,1.209250280109006e-14
1512,0.5,1.2017494855582778e-14
1513,1.5,1.187748688217879e-14
1514,1.5,1.13383438930682e-14
1515,1.0,1.0881320410704226e-14
1516,1.5,1.0902284155202692e-14
1517,1.5,1.036513255709471e-14
1518,1.5,1.0085630301027657e-14
1519,1.5,9.784183581893006e-15
1520,1.0,9.605067170872e-15
1521,1.5,9.522136085793546e-15
1522,1.5,9.185658203197186e-15
1523,1.5,9.083993460823515e-15
1524,1.5,8.811472683572665e-15
1525,1.0,8.718788257297678e-15
1526,1.0,8.32384705887725e-15
1527,1.5,8.192826247318695e-15
1528,1.5,8.014423883417864e-15
1529,1.5,7.603096030267607e-15
1530,1.5,7.413677217066151e-15
1531,1.5,7.22571819897484e-15
1532,1.5,7.11089112212057e-15
1533,1.0,6.826964630990273e-15
1534,1.0,6.779281000560098e-15
1535,1.0,6.685426204708216e-15
1536,1.0,6.537681842645591e-15
1537,1.0,6.315498673387428e-15
1538,1.0,6.179661419078187e-15
1539,1.0,6.033627125546201e-15
1540,0.0,5.793911261017491e-15
1541,0.5,5.859091547286105e-15
1542,0.5,5.681768472932101e-15
1543,0.5,5.455734005335812e-15
1544,0.5,5.338444863438586e-15
1545,0.5,5.210265293207059e-15
1546,1.0,5.084419771892528e-15
1547,1.0,4.841900515340079e-15
1548,1.0,4.681798758177097e-15
1549,1.5,4.591545744940287e-15
1550,1.0,4.378021834860936e-15
1551,0.5,4.2876876148218505e-15
1552,0.5,4.295026926180779e-15
1553,0.5,4.223845624066286e-15
1554,0.0,4.056780371820799e-15
1555,1.0,4.006919860098736e-15
1556,1.5,3.8796266461536035e-15
1557,1.0,3.695757759913042e-15
1558,1.0,3.664564644183227e-15
1559,1.0,3.5245647498522816e-15
1560,1.5,3.478995936525455e-15
1561,0.5,3.259268227273057e-15
1562,1.5,3.3194001003959035e-15
1563,1.0,3.1446934520861446e-15
1564,1.0,3.0615600791617106e-15
1565,1.5,3.0079767004721485e-15
1566,1.0,2.8998515964507386e-15
1567,1.5,2.851762740991822e-15
1568,1.0,2.717206485876141e-15
1569,1.0,2.71554928245845e-15
1570,1.0,2.625924397091589e-15
1571,1.5,2.5934249973248403e-15
1572,1.5,2.503787657513086e-15
1573,1.5,2.391966423896707e-15
1574,1.5,2.3377022615009433e-15
1575,1.5,2.2911190219950223e-15
1576,1.0,2.2625469612121607e-15
1577,0.5,2.2304941293747596e-15
1578,1.5,2.188920122777712e-15
1579,1.5,2.070548284590306e-15
1580,1.0,2.001700622351996e-15
1581,1.0,2.000956341780433e-15
1582,1.0,1.9721638340556035e-15
1583,1.0,1.898798397516021e-15
1584,1.0,1.8429673912583204e-15
1585,1.5,1.777045834941983e-15
1586,1.5,1.7183846368358774e-15
1587,1.5,1.6726325920432271e-15
1588,1.5,1.6325599602373791e-15
1589,0.5,1.5590886404434867e-15
1590,1.5,1.606861581977989e-15
1591,1.5,1.4978647896503967e-15
1592,1.5,1.4718706389009178e-15
1593,1.0,1.4271098064974462e-15
1594,1.5,1.4301244397701161e-15
1595,1.5,1.370965958877717e-15
1596,1.5,1.3331552189560805e-15
1597,1.0,1.2745959880244696e-15
1598,1.5,1.2939186140458465e-15
1599,1.0,1.2232641509149092e-15
1600,1.0,1.2061331957611829e-15
1601,1.5,1.181499918212778e-15
1602,1.5,1.1357857256185484e-15
1603,1.5,1.1019904018384477e-15
1604,0.5,1.0539569095779295e-15
1605,1.0,1.076154494462463e-15
1606,1.5,1.0387994845294338e-15
1607,1.5,1.0084377713420187e-15
1608,1.5,9.702811150347654e-16
1609,1.0,9.40504827138561e-16
1610,1.0,9.263815807218018e-16
1611,1.0,9.019580412283595e-16
1612,1.0,8.829746891254855e-16
1613,1.0,8.590295633945885e-16
1614,0.5,8.42929654339619e-16
1615,1.0,8.332076802455042e-16
1616,1.0,7.924362698328189e-16
1617,1.0,7.794893914999619e-16
1618,1.0,7.704923365744023e-16
1619,1.0,7.425801530247478e-16
1620,1.0,7.242069821778546e-16
1621,1.0,7.145059944830608e-16
1622,0.5,6.7237495722368945e-16
1623,0.5,6.707030258551922e-16
1624,1.0,6.553681665327983e-16
1625,1.5,6.286841351583313e-16
1626,1.0,6.014979621386528e-16
1627,1.0,5.906986626380749e-16
1628,1.0,5.84303322349566e-16
1629,1.5,5.656443096260305e-16
1630,0.5,5.418143238174857e-16
1631,0.5,5.412128412962241e-16
1632,1.0,5.346913468653142e-16
1633,1.0,5.080939906807554e-16
1634,1.0,4.946690766068931e-16
1635,1.0,4.815156514818768e-16
1636,1.0,4.714820595292567e-16
1637,1.0,4.626090475743797e-16
1638,1.0,4.495515155332227e-16
1639,1.0,4.3825301532470365e-16
1640,1.0,4.2628752805881735e-16
1641,1.0,4.136262439654068e-16
1642,1.0,4.0413006660387147e-16
1643,1.0,3.9036909365575206e-16
1644,1.0,3.7978278530469074e-16
1645,1.5,3.754110889282458e-16
1646,1.0,3.4952850612843895e-16
1647,1.0,3.523089518517932e-16
1648,0.5,3.4055507997896843e-16
1649,0.5,3.4160885208957328e-16
1650,0.5,3.317869884918671e-16
1651,0.5,3.2398187725434896e-16
1652,1.0,3.1134267769422146e-16
1653,1.5,3.003385064939234e-16
1654,1.5,2.855294724969434e-16
1655,0.5,2.748301029284092e-16
1656,1.0,2.8087189097197033e-16
1657,0.5,2.6987669757645064e-16
1658,0.5,2.654431913695036e-16
1659,0.5,2.616440824928613e-16
1660,1.5,2.527686442104526e-16
1661,0.5,2.4094523472734933e-16
1662,1.0,2.4002733742381276e-16
1663,1.5,2.3235753938942574e-16
1664,1.0,2.191140290741248e-16
1665,1.0,2.15790407291623e-16
1666,1.0,2.1111069666901142e-16
1667,1.0,2.072050199944036e-16
1668,1.0,1.9983269678780596e-16
1669,1.0,1.9831666063383894e-16
1670,0.5,1.9020055207837131e-16
1671,1.0,1.9080648736456903e-16
1672,1.0,1.8104338967610837e-16
1673,1.0,1.764948606187152e-16
1674,0.0,1.694739929351582e-16
1675,0.5,1.7236664710447253e-16
1676,1.5,1.6698505217371498e-16
1677,1.5,1.598847381091711e-16
1678,1.0,1.5047134666355068e-16
1679,1.0,1.5021935438759192e-16
1680,0.0,1.4674340483959605e-16
1681,1.0,1.4781271233268283e-16
1682,1.0,1.415948310300929e-16
1683,1.0,1.3871787840316606e-16
1684,1.5,1.318834229533819e-16
1685,1.0,1.2653125344780166e-16
1686,0.5,1.2432469283798663e-16
1687,1.0,1.2358622540742535e-16
1688,1.0,1.2049370757416262e-16
1689,1.0,1.1589548287558515e-16
1690,1.0,1.1242962082100877e-16
1691,1.0,1.1120128788100806e-16
1692,1.0,1.083369451313811e-16
1693,0.5,1.0380057107949908e-16
1694,1.0,1.0308843195480536e-16
1695,0.5,9.896146394192066e-17
1696,1.0,9.789249841046898e-17
1697,1.0,9.434903949905658e-17
1698,0.5,9.2507696823594e-17
1699,1.0,9.126565476080751e-17
1700,0.5,8.759192781469038e-17
1701,1.0,8.558319429845685e-17
1702,0.5,8.257061309286562e-17
1703,0.0,8.12904509673116e-17
1704,1.0,8.109258341942826e-17
1705,1.0,7.734774444105889e-17
1706,0.5,7.421729505173542e-17
1707,0.5,7.376254125257324e-17
1708,1.0,7.125145301457225e-17
1709,1.0,6.891852590958326e-17
1710,0.5,6.711126361819514e-17
1711,0.5,6.564977943108992e-17
1712,1.0,6.447906884898724e-17
1713,1.5,6.20616176631224e-17
1714,1.0,5.975374846967645e-17
1715,1.5,5.928422458519532e-17
1716,1.5,5.612729110863049e-17
1717,1.0,5.464217616795752e-17
1718,0.5,5.464259538050702e-17
1719,1.5,5.4133465739330026e-17
1720,0.5,5.162829802071399e-17
1721,1.0,5.1128280859658823e-17
1722,1.5,4.8790012533132304e-17
1723,1.0,4.714571938208838e-17
1724,1.0,4.676775797430477e-17
1725,1.5,4.552387327623094e-17
1726,1.0,4.334230411270425e-17
1727,1.0,4.305769604703139e-17
1728,1.5,4.163466472718093e-17
1729,1.0,4.0934756495357226e-17
1730,1.5,4.005278299312664e-17
1731,1.0,3.829069288635602e-17
1732,1.5,3.861169606533825e-17
1733,0.5,3.6538553755892063e-17
1734,1.0,3.70193591560822e-17
1735,1.0,3.4902271577662075e-17
1736,1.0,3.4278510975778843e-17
1737,1.0,3.3660597377603625e-17
1738,1.0,3.2930768045545224e-17
1739,1.0,3.1272878035634275e-17
1740,1.5,3.064456237629991e-17
1741,1.5,2.990794490286687e-17
1742,1.0,2.8845116056358666e-17
1743,1.5,2.858583280368571e-17
1744,1.0,2.7308862897362502e-17
1745,1.0,2.7522817389175285e-17
1746,1.5,2.6815067872885488e-17
1747,1.5,2.548903593926485e-17
1748,1.0,2.4814905650626844e-17
1749,1.0,2.4695129048130333e-17
1750,1.5,2.420043237739859e-17
1751,0.0,2.2330405773092006e-17
1752,0.5,2.3370550903823304e-17
1753,0.5,2.2658254550189713e-17
1754,1.0,2.182909508896691e-17
1755,1.0,2.1091016394519444e-17
1756,0.5,2.069948648788536e-17
1757,1.0,2.0381436204749445e-17
1758,0.5,1.912541742301784e-17
1759,1.0,1.916787639383386e-17
1760,1.0,1.823141262078293e-17
1761,1.0,1.7525646237699988e-17
1762,1.0,1.7079173728159818e-17
1763,0.5,1.6968572028840812e-17
1764,0.5,1.67034584033138e-17
1765,0.5,1.6191389136723202e-17
1766,1.0,1.576188658641638e-17
1767,0.5,1.49480611085834e-17
1768,1.0,1.4844240028465342e-17
1769,1.5,1.4264289642165175e-17
1770,1.0,1.3634073267186008e-17
1771,0.5,1.3424266139411118e-17
1772,1.0,1.3433715789336613e-17
1773,0.5,1.2767305771226019e-17
1774,1.0,1.270095958207827e-17
1775,1.0,1.2043362859970524e-17
1776,0.5,1.1952872209014064e-17
1777,0.0,1.1605225768683694e-17
1778,0.0,1.1597872082954897e-17
1779,0.5,1.1323127407763408e-17
1780,0.5,1.085014456253772e-17
1781,0.5,1.0581518634425753e-17
1782,1.0,1.0282634410426028e-17
1783,1.0,1.0073007698497554e-17
1784,0.5,9.59238071567255e-18
1785,1.0,9.495909724986328e-18
1786,1.0,9.176002421375233e-18
1787,0.5,8.953027071002574e-18
1788,1.0,8.887002115507005e-18
1789,1.0,8.590552725105312e-18
1790,1.0,8.294217136661329e-18
1791,0.0,7.983997463807312e-18
1792,0.5,8.13149596309279e-18
1793,0.0,7.842603719001188e-18
1794,1.0,7.724206356165578e-18
1795,0.5,7.28664172233025e-18
1796,1.0,7.194809403807274e-18
1797,0.5,6.934121509596911e-18
1798,0.5,6.800869638936661e-18
1799,0.5,6.66960961272909e-18
1800,1.0,6.418378467334088e-18
1801,0.5,6.157399620421195e-18
1802,0.5,6.177833463093093e-18
1803,0.5,5.977914741550759e-18
1804,0.5,5.848881146278883e-18
1805,0.5,5.65721589637149e-18
1806,0.5,5.5217870713237274e-18
1807,1.0,5.3859627028857675e-18
1808,0.5,5.164720924359803e-18
1809,1.0,5.1085364309330046e-18
1810,1.0,4.976251687889607e-18
1811,0.5,4.8175204450473184e-18
1812,0.0,4.750605670202635e-18
1813,1.5,4.70583107673202e-18
1814,1.0,4.379538067231192e-18
1815,0.5,4.3223004161726614e-18
1816,0.0,4.250594342224813e-18
1817,0.0,4.2481445902951874e-18
1818,1.0,4.1290150304458006e-18
1819,0.5,3.916736871035351e-18
1820,0.5,3.847137381346224e-18
1821,1.0,3.783102368757278e-18
1822,0.0,3.536773599735451e-18
1823,0.0,3.6029901339767375e-18
1824,0.5,3.5176348440218246e-18
1825,0.5,3.3920415470397256e-18
1826,0.5,3.271447448567736e-18
1827,0.0,3.1627951279935947e-18
1828,1.0,3.143292134929458e-18
1829,0.5,2.997239456074049e-18
1830,1.0,2.9605423014798535e-18
1831,1.0,2.8422443336036888e-18
1832,1.0,2.7696866554047906e-18
1833,1.0,2.6698581575953657e-18
1834,1.0,2.601285966046409e-18
1835,0.5,2.5133020936103297e-18
1836,0.5,2.50707370430607e-18
1837,0.5,2.4494566447260483e-18
1838,0.5,2.4036213625642767e-18
1839,1.0,2.318684634885045e-18
1840,1.0,2.2492018176480696e-18
1841,0.5,2.1444338944174184e-18
1842,0.5,2.1437475808860373e-18
1843,0.5,2.077600964813041e-18
1844,0.5,2.044647539602278e-18
1845,1.0,2.000601386905354e-18
1846,1.0,1.897710552165468e-18
1847,1.0,1.8480246000611103e-18
1848,0.5,1.784853279950046e-18
1849,0.5,1.787418309272333e-18
1850,0.5,1.7444131064268606e-18
1851,0.5,1.7162828881651567e-18
1852,1.0,1.6483937062718923e-18
1853,1.0,1.6013670598653296e-18
1854,1.0,1.5456872358733777e-18
1855,1.5,1.528726335640988e-18
1856,1.5,1.4504148678610436e-18
1857,1.0,1.3923889577034996e-18
1858,1.0,1.4063528000152636e-18
1859,1.0,1.3604400409588475e-18
1860,1.0,1.3272411832227938e-18
1861,1.0,1.3022531809623153e-18
1862,1.5,1.2650918928222563e-18
1863,1.0,1.2053216730200815e-18
1864,1.5,1.2161599037293372e-18
1865,1.5,1.1508462958936343e-18
1866,0.5,1.11789453211229e-18
1867,1.0,1.1357293046370926e-18
1868,1.5,1.0946429580565578e-18
1869,1.0,1.0533120992295536e-18
1870,1.0,1.036101739015097e-18
1871,0.5,1.0159301826734708e-18
1872,1.0,9.94581045872583e-19
1873,1.0,9.717612126387315e-19
1874,1.5,9.32646014031897e-19
1875,1.0,9.1095651421937e-19
1876,1.0,8.972405789065404e-19
1877,1.5,8.692366452345896e-19
1878,1.0,8.2810048606374905e-19
1879,1.5,8.264592801607775e-19
1880,1.0,7.842544589723778e-19
1881,1.5,7.885920559719059e-19
1882,0.5,7.50516382268671e-19
1883,1.5,7.484129066015432e-19
1884,1.0,7.126775045658055e-19
1885,1.0,6.995699979539611e-19
1886,1.0,6.848238244353003e-19
1887,0.5,6.576755773001639e-19
1888,0.5,6.552801073816758e-19
1889,0.5,6.362455009975068e-19
1890,0.0,6.234336909568884e-19
1891,0.5,6.148776625638538e-19
1892,1.0,5.970955156694796e-19
1893,1.0,5.694186972956443e-19
1894,1.0,5.485396535376602e-19
1895,0.5,5.39535879407829e-19
1896,0.5,5.269520636488746e-19
1897,0.0,5.112287856569646e-19
1898,0.5,5.103198471467848e-19
1899,0.5,4.899940545385053e-19
1900,0.0,4.713837186022839e-19
1901,0.5,4.702455672538443e-19
1902,1.0,4.51288154329752e-19
1903,1.0,4.359623565140904e-19
1904,1.5,4.2622633003662257e-19
1905,1.0,4.0796120387344214e-19
1906,0.5,3.9958888106612506e-19
1907,0.5,3.9397693074580873e-19
1908,0.0,3.834487756361932e-19
1909,1.0,3.813200602571178e-19
1910,0.5,3.6016538996297534e-19
1911,0.5,3.590826947536228e-19
1912,1.0,3.518552486810611e-19
1913,1.0,3.389301028805936e-19
1914,0.5,3.280332486736749e-19
1915,0.5,3.242062464262681e-19
1916,1.0,3.177239035862769e-19
1917,1.0,3.026130070312236e-19
1918,1.0,2.9790156690495796e-19
1919,1.5,2.890487030022552e-19
1920,1.0,2.791795431582512e-19
1921,1.0,2.7451107138934696e-19
1922,1.0,2.669196203583867e-19
1923,1.0,2.5756421222473785e-19
1924,1.0,2.5606035359393156e-19
1925,0.5,2.4800430110268407e-19
1926,0.5,2.436190670523873e-19
1927,0.5,2.3975024093964216e-19
1928,0.5,2.3459010081994174e-19
1929,0.0,2.2328143506818094e-19
1930,0.0,2.2339433987016205e-19
1931,0.0,2.1830527715300755e-19
1932,0.0,2.1205953962361693e-19
1933,0.0,2.0639883845666441e-19
1934,0.0,2.0036383599256063e-19
1935,0.5,1.9475080681344855e-19
1936,0.5,1.8747606664897445e-19
1937,0.5,1.8141239869613627e-19
1938,0.0,1.753119228216266e-19
1939,0.0,1.7428829347788917e-19
1940,0.5,1.696316934723851e-19
1941,0.0,1.6410361451534574e-19
1942,0.5,1.6124594228346434e-19
1943,0.0,1.5340937245404015e-19
1944,0.0,1.5266102035147403e-19
1945,0.5,1.4898874442373663e-19
1946,0.0,1.4244969094124895e-19
1947,0.0,1.413289942699862e-19
1948,0.0,1.3801897351880716e-19
1949,0.5,1.3440824411499832e-19
1950,1.0,1.2892150634139748e-19
1951,0.5,1.2477923009031172e-19
1952,0.5,1.2203535845299008e-19
1953,0.5,1.1980575871983716e-19
1954,0.5,1.163057229345812e-19
1955,0.0,1.126002867527545e-19
1956,0.5,1.1219878848508646e-19
1957,0.5,1.071877750852929e-19
1958,0.5,1.053803275886503e-19
1959,0.0,1.024191850030481e-19
1960,0.0,1.0076849732016193e-19
1961,0.5,9.804483099808677e-20
1962,0.5,9.495869699925802e-20
1963,0.5,9.21697643648527e-20
1964,0.5,9.029885958432958e-20
1965,0.0,8.710411440827644e-20
1966,0.0,8.635206844243352e-20
1967,0.5,8.41799367592203e-20
1968,0.5,8.152549541758075e-20
1969,0.5,7.954196016934492e-20
1970,0.0,7.658078902066706e-20
1971,0.0,7.616333017837667e-20
1972,0.5,7.41583098805577e-20
1973,0.5,7.092048855718907e-20
1974,0.0,6.918473502415414e-20
1975,0.0,6.806996608092516e-20
1976,0.0,6.637579620823837e-20
1977,0.0,6.468369547352976e-20
1978,0.5,6.292182058497775e-20
1979,0.5,6.005837386602658e-20
1980,0.0,5.904397968535212e-20
1981,0.0,5.805697779715459e-20
1982,0.5,5.665247397592857e-20
1983,0.0,5.374052885845266e-20
1984,0.0,5.361938069982571e-20
1985,0.0,5.2217117395031816e-20
1986,0.0,5.0912606224759604e-20
1987,0.0,4.9589611740555475e-20
1988,0.0,4.826814932520348e-20
1989,0.0,4.6931971750960986e-20
1990,0.0,4.578747835211844e-20
1991,0.0,4.4676664359882346e-20
1992,0.0,4.3436179759696076e-20
1993,0.0,4.234406995613447e-20
1994,0.0,4.11369453433078e-20
1995,0.0,4.006797084216685e-20
1996,0.5,3.904445593374776e-20
1997,0.0,3.7520594642906095e-20
1998,0.0,3.687971582041847e-20
1999,0.0,3.592870324977562e-20
2000,0.0,3.500031160637789e-20
2001,0.0,3.411318387591531e-20
2002,0.0,3.3277446842533036e-20
2003,0.0,3.246202492752436e-20
2004,0.0,3.152640711628642e-20
2005,0.0,3.075416053680801e-20
2006,0.0,2.9977267989427297e-20
2007,0.0,2.9124174451030124e-20
2008,0.0,2.841343283828779e-20
2009,0.0,2.7684408623071376e-20
2010,0.0,2.694668515902566e-20
2011,0.0,2.6206348337640467e-20
2012,0.0,2.548243135938575e-20
2013,0.0,2.4857921571075414e-20
2014,0.0,2.4174753316475857e-20
2015,0.0,2.356801539369057e-20
2016,0.0,2.2980303161419416e-20
2017,0.0,2.2327262224231395e-20
2018,0.0,2.177636194313322e-20
2019,0.0,2.1283246830903198e-20
2020,0.0,2.072309784673346e-20
2021,0.0,2.017909525179457e-20
2022,0.0,1.9629338938915824e-20
2023,0.0,1.9077277104310923e-20
2024,0.0,1.857715133157366e-20
2025,0.0,1.810285289958321e-20
2026,0.0,1.7611473186681365e-20
2027,0.0,1.7143077321217255e-20
2028,0.0,1.6682450303098168e-20
2029,0.0,1.625361853833418e-20
2030,0.0,1.5856826081556705e-20
2031,0.0,1.5428696901558456e-20
2032,0.0,1.502784163441425e-20
2033,0.0,1.465915224010019e-20
2034,0.0,1.4288218874143244e-20
2035,0.0,1.3915320727039544e-20
2036,0.0,1.3551683958424433e-20
2037,0.0,1.3229727362556044e-20
2038,0.0,1.2870921079564414e-20
2039,0.0,1.2562066201154298e-20
2040,0.0,1.2240790253407597e-20
2041,0.0,1.1924778241952802e-20
2042,0.0,1.1629714580142002e-20
2043,0.0,1.1343752886963507e-20
2044,0.0,1.1043200930508467e-20
2045,0.0,1.073477458974106e-20
2046,0.0,1.0439311073270065e-20
2047,0.0,1.0157241613487044e-20
2048,0.0,9.89006503349014e-21
2049,0.0,9.641984854343473e-21
2050,0.0,9.379351969587958e-21
2051,0.0,9.15093935656362e-21
2052,0.0,8.901356765001688e-21
2053,0.0,8.702104311719589e-21
2054,0.0,8.479123283706737e-21
2055,0.0,8.246228312531835e-21
2056,0.0,8.04048006774495e-21
2057,0.0,7.84925760789966e-21
2058,0.0,7.602404773259215e-21
2059,0.0,7.396312332682163e-21
2060,0.0,7.217642213361254e-21
2061,0.0,7.033552917810899e-21
2062,0.0,6.854622715782703e-21
2063,0.0,6.669264905075482e-21
2064,0.0,6.501035787397783e-21
2065,0.0,6.332587820772315e-21
2066,0.0,6.170499152204646e-21
2067,0.0,6.017305538787008e-21
2068,0.0,5.846206622444484e-21
2069,0.0,5.687357247101037e-21
2070,0.0,5.552253769873822e-21
2071,0.0,5.381892367480198e-21
2072,0.0,5.258093772684641e-21
2073,0.0,5.124096788839551e-21
2074,0.0,5.000820529614916e-21
2075,0.0,4.86355328581077e-21
2076,0.0,4.720144730671625e-21
2077,0.0,4.595487913586894e-21
2078,0.0,4.478596560422764e-21
2079,0.0,4.3710527064811055e-21
2080,0.0,4.259172481776865e-21
2081,0.0,4.1390042469552395e-21
2082,0.0,4.032531759208458e-21
2083,0.0,3.93067579828614e-21
2084,0.0,3.821344518061883e-21
2085,0.0,3.725575709229116e-21
2086,0.0,3.621614218597334e-21
2087,0.0,3.522406382481169e-21
2088,0.0,3.424518849451437e-21
2089,0.0,3.3329248100693745e-21
2090,0.0,3.240427688245041e-21
2091,0.0,3.156346231981927e-21
2092,0.0,3.0763110547164143e-21
2093,0.0,2.9946576756375385e-21
2094,0.0,2.9115526954631647e-21
2095,0.0,2.842460442452571e-21
2096,0.0,2.770320531830878e-21
2097,0.0,2.6963892206453456e-21
2098,0.0,2.624492458253886e-21
2099,0.0,2.553898633753753e-21
2100,0.0,2.48389057634107e-21
2101,0.0,2.4221086811675107e-21
2102,0.0,2.352974336116736e-21
2103,0.0,2.291556823289477e-21
2104,0.0,2.2302326713614898e-21
2105,0.0,2.1708616743482357e-21
2106,0.0,2.112866071706022e-21
2107,0.0,2.057008442255721e-21
2108,0.0,2.0044879318816375e-21
2109,0.0,1.9494202831246126e-21
2110,0.0,1.901669016340925e-21
2111,0.0,1.8538874979248133e-21
2112,0.0,1.809204788044187e-21
2113,0.0,1.757797619942608e-21
2114,0.0,1.7062265170785932e-21
2115,0.0,1.6577186277682982e-21
2116,0.0,1.6134339317409442e-21
2117,0.0,1.5757997429578436e-21
2118,0.0,1.5335754273693343e-21
2119,0.0,1.4924133536160417e-21
2120,0.0,1.4538759518341906e-21
2121,0.0,1.4135533885893996e-21
2122,0.0,1.3749964766996406e-21
2123,0.0,1.3394276575061797e-21
2124,0.0,1.3049849340994783e-21
2125,0.0,1.2687861100767244e-21
2126,0.0,1.2330958745403278e-21
2127,0.0,1.2045461744151639e-21
2128,0.0,1.1749902492704478e-21
2129,0.0,1.1440200846659963e-21
2130,0.0,1.1133038965909939e-21
2131,0.0,1.0843531354400958e-21
2132,0.0,1.0514271641649784e-21
2133,0.0,1.025352169608869e-21
2134,0.0,9.98101421852523e-22
2135,0.0,9.720901759350253e-22
2136,0.0,9.48158557084738e-22
2137,0.0,9.216188627131636e-22
2138,0.0,8.955172539622642e-22
2139,0.0,8.719898513841166e-22
2140,0.0,8.506206211757904e-22
2141,0.0,8.284670100033238e-22
2142,0.0,8.076825473956807e-22
2143,0.0,7.8875116934428445e-22
2144,0.0,7.681424032179587e-22
2145,0.0,7.480922411343184e-22
2146,0.0,7.297645956886277e-22
2147,0.0,7.106999888911009e-22
2148,0.0,6.917326413462245e-22
2149,0.0,6.74917152128484e-22
2150,0.0,6.56838694234902e-22
2151,0.0,6.396743714151261e-22
2152,0.0,6.239957403148674e-22
2153,0.0,6.090285600866688e-22
2154,0.0,5.91623294790358e-22
2155,0.0,5.768684242474556e-22
2156,0.0,5.613431365645115e-22
2157,0.0,5.464843098329115e-22
2158,0.0,5.323639494025395e-22
2159,0.0,5.184207313369166e-22
2160,0.0,5.053593983307878e-22
2161,0.0,4.942747292804437e-22
2162,0.0,4.806354697740094e-22
2163,0.0,4.671404734028326e-22
2164,0.0,4.549434909518195e-22
2165,0.0,4.42839033404734e-22
2166,0.0,4.303239111406467e-22
2167,0.0,4.1897722677240643e-22
2168,0.0,4.07471754959137e-22
2169,0.0,3.9585177071635906e-22
2170,0.0,3.8543530521109865e-22
2171,0.0,3.759019922675918e-22
2172,0.0,3.6596774057179116e-22
2173,0.0,3.5680886410542915e-22
2174,0.0,3.4909830559408523e-22
2175,0.0,3.3920114367285775e-22
2176,0.5,3.300413522264533e-22
2177,0.0,3.1533554621875394e-22
2178,0.0,3.1239450153196976e-22
2179,0.0,3.0401471080092172e-22
2180,0.0,2.9701617858636455e-22
2181,0.0,2.8934752431700217e-22
2182,0.0,2.817403292146894e-22
2183,0.0,2.7486934220065587e-22
2184,0.0,2.6706662989513636e-22
2185,0.0,2.6055543144383286e-22
2186,0.0,2.538833130592581e-22
2187,0.0,2.4733843300831483e-22
2188,0.0,2.411304076079536e-22
2189,0.0,2.3513452800703552e-22
2190,0.0,2.2926142094886067e-22
2191,0.0,2.230297709393251e-22
2192,0.0,2.172693226354429e-22
2193,0.0,2.1139957430048343e-22
2194,0.0,2.065001861635774e-22
2195,0.0,2.008579739591953e-22
2196,0.0,1.9575013632922515e-22
2197,0.0,1.9117017256676985e-22
2198,0.0,1.8622073330083933e-22
2199,0.0,1.8147883954267934e-22
2200,0.0,1.7703230694313246e-22
2201,0.0,1.7272313095231407e-22
2202,0.0,1.6834716701437938e-22
2203,0.0,1.6425025539865895e-22
2204,0.0,1.600782450382743e-22
2205,0.0,1.558778807489809e-22
2206,0.0,1.5133984930702498e-22
2207,0.0,1.472723149453707e-22
2208,0.0,1.4367863658444867e-22
2209,0.0,1.3958871242745576e-22
2210,0.0,1.360270114554473e-22
2211,0.0,1.3249233276583575e-22
2212,0.0,1.2924760401880605e-22
2213,0.0,1.257638543864508e-22
2214,0.0,1.2256496622336397e-22
2215,0.0,1.19633374727978e-22
2216,0.0,1.1663213070966173e-22
2217,0.0,1.1336989267715067e-22
2218,0.0,1.1039832151387287e-22
2219,0.0,1.0753332412768766e-22
2220,0.0,1.0483957244494069e-22
2221,0.0,1.0219660338714448e-22
2222,0.0,9.97873291216646e-23
2223,0.0,9.697072951065414e-23
2224,0.0,9.428370146196569e-23
2225,0.0,9.182652450548478e-23
2226,0.0,8.96348615512963e-23
2227,0.0,8.722182345787429e-23
2228,0.0,8.485447410499685e-23
2229,0.0,8.256957972333243e-23
2230,0.0,8.035656398076905e-23
2231,0.0,7.828230542016757e-23
2232,0.0,7.6261674905802e-23
2233,0.0,7.420850631963448e-23
2234,0.0,7.221277809793875e-23
2235,0.0,7.023700164765027e-23
2236,0.0,6.852538254378651e-23
2237,0.0,6.673786413702518e-23
2238,0.0,6.509014497282967e-23
2239,0.0,6.330255861309693e-23
2240,0.0,6.151672780167901e-23
2241,0.0,5.990807845292876e-23
2242,0.0,5.830758203093778e-23
2243,0.0,5.668113363823494e-23
2244,0.0,5.522889371331512e-23
2245,0.0,5.395948758736032e-23
2246,0.0,5.263436246538462e-23
2247,0.0,5.131066210015946e-23
2248,0.0,4.997663289560535e-23
2249,0.0,4.8564548813404216e-23
2250,0.0,4.732383680029758e-23
2251,0.0,4.600524313846832e-23
2252,0.0,4.4783076357774915e-23
2253,0.0,4.3629468566233844e-23
2254,0.0,4.245050685915468e-23
2255,0.0,4.1384210057018004e-23
2256,0.0,4.0138943247326285e-23
2257,0.0,3.910655697472926e-23
2258,0.0,3.796154093847789e-23
2259,0.0,3.688146393810729e-23
2260,0.0,3.603603083449258e-23
2261,0.0,3.504030494345427e-23
2262,0.0,3.4120398138020226e-23
2263,0.0,3.321441552875019e-23
2264,0.0,3.232055721855533e-23
2265,0.0,3.1474135419544374e-23
2266,0.0,3.068488021945622e-23
2267,0.0,2.993017195628003e-23
2268,0.0,2.914506221408584e-23
2269,0.0,2.844541360096222e-23
2270,0.0,2.7737418001296655e-23
2271,0.0,2.6946692105636184e-23
2272,0.0,2.6271589232379215e-23
2273,0.0,2.5607577577049305e-23
2274,0.0,2.4967428649790564e-23
2275,0.0,2.4313240913506453e-23
2276,0.0,2.36979654670056e-23
2277,0.0,2.3100942184928707e-23
2278,0.0,2.2505546427669874e-23
2279,0.0,2.192773217980605e-23
2280,0.0,2.132799444584322e-23
2281,0.0,2.074413997630978e-23
2282,0.0,2.0223131589904968e-23
2283,0.0,1.9688227437143616e-23
2284,0.0,1.915218227412006e-23
2285,0.0,1.8716377302707365e-23
2286,0.0,1.8176630298952494e-23
2287,0.0,1.7709052903794645e-23
2288,0.0,1.7208327798348026e-23
2289,0.0,1.6770361098454504e-23
2290,0.0,1.635136461129797e-23
2291,0.0,1.5880852299201588e-23
2292,0.0,1.5497501478123597e-23
2293,0.0,1.5075340792839024e-23
2294,0.0,1.4686099565870675e-23
2295,0.0,1.430395924568877e-23
2296,0.0,1.3921892181718973e-23
2297,0.0,1.3532321380374077e-23
2298,0.0,1.3173246009532104e-23
2299,0.0,1.2821046223999034e-23
2300,0.0,1.2451899579995158e-23
2301,0.0,1.2115557618127285e-23
2302,0.0,1.1797063227483633e-23
2303,0.0,1.1509145005407661e-23
2304,0.0,1.1221088288939017e-23
2305,0.0,1.0939550666605824e-23
2306,0.0,1.067593676522611e-23
2307,0.0,1.0409198555579365e-23
2308,0.0,1.0127890969400218e-23
2309,0.0,9.848944413095518e-24
2310,0.0,9.621658508580996e-24
2311,0.0,9.364232589297719e-24
2312,0.0,9.142601239751821e-24
2313,0.0,8.892379988656671e-24
2314,0.0,8.672140793719214e-24
2315,0.0,8.442376443855627e-24
2316,0.0,8.203974085568797e-24
2317,0.0,7.999901470140757e-24
2318,0.0,7.784820306943333e-24
2319,0.0,7.569386846477506e-24
2320,0.0,7.38162613506951e-24
2321,0.0,7.198927134252426e-24
2322,0.0,7.025053012529972e-24
2323,0.0,6.84627909237666e-24
2324,0.0,6.665487503302361e-24
2325,0.0,6.492782242329851e-24
2326,0.0,6.319566082987646e-24
2327,0.0,6.1608849138542434e-24
2328,0.0,5.990603676072802e-24
2329,0.0,5.835033648008587e-24
2330,0.0,5.679056123983018e-24
2331,0.0,5.528864506429769e-24
2332,0.0,5.389213173742945e-24
2333,0.0,5.2508546192201744e-24
2334,0.0,5.095215744553051e-24
2335,0.0,4.9499600019503786e-24
2336,0.0,4.828126896248771e-24
2337,0.0,4.7089635184879324e-24
2338,0.0,4.590956476769424e-24
2339,0.0,4.4750272954456395e-24
2340,0.0,4.343750273624444e-24
2341,0.0,4.227498859569061e-24
2342,0.0,4.1224891617695675e-24
2343,0.0,4.020883807843623e-24
2344,0.0,3.924458454355402e-24
2345,0.0,3.820673853689857e-24
2346,0.0,3.717476245656483e-24
2347,0.0,3.6212678581913326e-24
2348,0.0,3.5252733521798546e-24
2349,0.0,3.433514353613189e-24
2350,0.0,3.349733210921984e-24
2351,0.0,3.2580549650571428e-24
2352,0.0,3.1738874969969056e-24
2353,0.0,3.0965761169011854e-24
2354,0.0,3.0145970360440648e-24
2355,0.0,2.936077360627231e-24
2356,0.0,2.860323444640426e-24
2357,0.0,2.7865219339717674e-24
2358,0.0,2.7060122976028714e-24
2359,0.0,2.6296602648125372e-24
2360,0.0,2.5684296686694436e-24
2361,0.0,2.498895882401707e-24
2362,0.0,2.4400027026911987e-24
2363,0.0,2.3775047706889884e-24
2364,0.0,2.313456271332994e-24
2365,0.0,2.2519986600495655e-24
2366,0.0,2.1909900315696083e-24
2367,0.0,2.132437863948401e-24
2368,0.0,2.0797006254082167e-24
2369,0.0,2.023865106003456e-24
2370,0.0,1.9689617051065274e-24
2371,0.0,1.915501552583906e-24
2372,0.0,1.8680554991875066e-24
2373,0.0,1.818468949147174e-24
2374,0.0,1.7747713724905062e-24
2375,0.0,1.7300219141427866e-24
2376,0.0,1.6812316540898423e-24
2377,0.0,1.6397557793724693e-24
2378,0.0,1.5976802952558604e-24
2379,0.0,1.5527210950482912e-24
2380,0.0,1.5119937607371955e-24
2381,0.0,1.4741509953188396e-24
2382,0.0,1.4367258866830374e-24
2383,0.0,1.3992553268709198e-24
2384,0.0,1.358668492615941e-24
2385,0.0,1.3207887870908797e-24
2386,0.0,1.2843047733371947e-24
2387,0.0,1.2520139073547532e-24
2388,0.0,1.2182226901381186e-24
2389,0.0,1.1845293841183687e-24
2390,0.0,1.1557401295605734e-24
2391,0.0,1.1262442206838963e-24
2392,0.0,1.0954849221785586e-24
2393,0.0,1.0682880035802163e-24
2394,0.0,1.040632778366356e-24
2395,0.0,1.0128099442842606e-24
2396,0.0,9.87802623528598e-25
2397,0.0,9.609906474815881e-25
2398,0.0,9.366893235323243e-25
2399,0.0,9.108847265205486e-25
2400,0.0,8.850296924850173e-25
2401,0.0,8.607452202301738e-25
2402,0.0,8.380844964299553e-25
2403,0.0,8.18063519233876e-25
2404,0.0,7.968031441036393e-25
2405,0.0,7.752277241975418e-25
2406,0.0,7.553523806238462e-25
2407,0.0,7.3504772088030645e-25
2408,0.0,7.135065305271105e-25
2409,0.0,6.96239111802269e-25
2410,0.0,6.767870065486991e-25
2411,0.0,6.58857528990617e-25
2412,0.0,6.421246923737761e-25
2413,0.0,6.265359686922799e-25
2414,0.0,6.101764302617346e-25
2415,0.0,5.932438522725768e-25
2416,0.0,5.7897861445624345e-25
2417,0.0,5.636442602832682e-25
2418,0.0,5.4795707170002825e-25
2419,0.0,5.325617481702105e-25
2420,0.0,5.196834756403789e-25
2421,0.0,5.068184655456268e-25
2422,0.0,4.916266544552535e-25
2423,0.0,4.792005889282131e-25
2424,0.0,4.6805461864246735e-25
2425,0.0,4.558749650666036e-25
2426,0.0,4.448096631269505e-25
2427,0.0,4.327782641715317e-25
2428,0.0,4.216500828340139e-25
2429,0.0,4.101486255546911e-25
2430,0.0,3.9912774855958273e-25
2431,0.0,3.8927854523139884e-25
2432,0.0,3.8091928473791316e-25
2433,0.0,3.7075473710361383e-25
2434,0.0,3.6143178195122685e-25
2435,0.0,3.5231478454338643e-25
2436,0.0,3.4233390682935224e-25
2437,0.0,3.32060138215311e-25
2438,0.0,3.237928544544759e-25
2439,0.0,3.159522167542101e-25
2440,0.0,3.071543357788742e-25
2441,0.0,2.9876874777490047e-25
2442,0.0,2.911370849810321e-25
2443,0.0,2.831950387876955e-25
2444,0.0,2.7581285614399816e-25
2445,0.0,2.6939666945289268e-25
2446,0.0,2.621799904434083e-25
2447,0.0,2.554893652352412e-25
2448,0.0,2.491916012319659e-25
2449,0.0,2.4319440613731044e-25
2450,0.0,2.3650104399009936e-25
2451,0.0,2.300287504337785e-25
2452,0.0,2.235318197556818e-25
2453,0.0,2.1751779959258745e-25
2454,0.0,2.1200479826005626e-25
2455,0.0,2.0660775341391324e-25
2456,0.0,2.010738227117869e-25
2457,0.0,1.9619790499371867e-25
2458,0.0,1.9120436827838602e-25
2459,0.0,1.8566072400414043e-25
2460,0.0,1.8077177216998756e-25
2461,0.0,1.7556873476938267e-25
2462,0.0,1.7155221567037936e-25
2463,0.0,1.6703304488925778e-25
2464,0.0,1.6247679047150176e-25
2465,0.0,1.5872453279425144e-25
2466,0.0,1.5480568169532915e-25
2467,0.0,1.5060128586728318e-25
2468,0.0,1.4685342595476438e-25
2469,0.0,1.4298021657885151e-25
2470,0.0,1.3917008932900423e-25
2471,0.0,1.3555810577221426e-25
2472,0.0,1.3215496074190754e-25
2473,0.0,1.2885874107914551e-25
2474,0.0,1.2512529302077118e-25
2475,0.0,1.2208025622284405e-25
2476,0.0,1.188777162481377e-25
2477,0.0,1.159458062158797e-25
2478,0.0,1.1273436310037467e-25
2479,0.0,1.0966352837454598e-25
2480,0.0,1.0669660240811596e-25
2481,0.0,1.0386963189296286e-25
2482,0.0,1.0101698991128317e-25
2483,0.0,9.840012853082001e-26
2484,0.0,9.566332485565227e-26
2485,0.0,9.324311401883467e-26
2486,0.0,9.078197250031872e-26
2487,0.0,8.866550847689981e-26
2488,0.0,8.645359931359345e-26
2489,0.0,8.42293329383926e-26
2490,0.0,8.187601298280978e-26
2491,0.0,8.002504155593494e-26
2492,0.0,7.779888235271062e-26
2493,0.0,7.599401185072926e-26
2494,0.0,7.394138127068429e-26
2495,0.0,7.192468588321086e-26
2496,0.0,6.998013408608016e-26
2497,0.0,6.829473379726281e-26
2498,0.0,6.654374937067794e-26
2499,0.0,6.470401424039583e-26
2500,0.0,6.299786228513189e-26
2501,0.0,6.149328399582266e-26
2502,0.0,5.990734338767653e-26
2503,0.0,5.835536092075457e-26
2504,0.0,5.667749701247673e-26
2505,0.0,5.512982358510116e-26
2506,0.0,5.360062720461136e-26
2507,0.0,5.231397062092266e-26
2508,0.0,5.1051451163522106e-26
2509,0.0,4.960552195491778e-26
2510,0.0,4.830862168689262e-26
2511,0.0,4.719003981778144e-26
2512,0.0,4.5865731905533075e-26
2513,0.0,4.4528130418325386e-26
2514,0.0,4.332208278986466e-26
2515,0.0,4.2262225028466775e-26
2516,0.0,4.121128102455637e-26
2517,0.0,4.012885461421705e-26
2518,0.0,3.9087826272662385e-26
2519,0.0,3.8109956600851527e-26
2520,0.0,3.7018426199294463e-26
2521,0.0,3.608784017197447e-26
2522,0.0,3.518539685013362e-26
2523,0.0,3.4240664397926677e-26
2524,0.0,3.3335812790968333e-26
2525,0.0,3.2454286518789514e-26
2526,0.0,3.1605162934589416e-26
2527,0.0,3.087793831167648e-26
2528,0.0,3.0039791360564363e-26
2529,0.0,2.928898990049529e-26
2530,0.0,2.859923031454962e-26
2531,0.0,2.781822915952431e-26
2532,0.0,2.707406805914371e-26
2533,0.0,2.6351466552821373e-26
2534,0.0,2.5693564231494172e-26
2535,0.0,2.510228885473994e-26
2536,0.0,2.4441435611514885e-26
2537,0.0,2.37863518706057e-26
2538,0.0,2.315200772296977e-26
2539,0.0,2.2493211782185434e-26
2540,0.0,2.1932491524740148e-26
2541,0.0,2.1368439101545986e-26
2542,0.0,2.0751221899830688e-26
2543,0.0,2.023287807756328e-26
2544,0.0,1.9716327958112514e-26
2545,0.0,1.9226656186178724e-26
2546,0.0,1.8696815871173833e-26
2547,0.0,1.818316200429389e-26
2548,0.0,1.771886233715096e-26
2549,0.0,1.7269371921740932e-26
2550,0.0,1.6829531561882455e-26
2551,0.0,1.638583843333701e-26
2552,0.0,1.5961732253067227e-26
2553,0.0,1.5494576416770444e-26
2554,0.0,1.5126803163761783e-26
2555,0.0,1.474054930992475e-26
2556,0.0,1.433241554075925e-26
2557,0.0,1.3897193991232386e-26
2558,0.0,1.3566560353215696e-26
2559,0.0,1.320919513257159e-26
2560,0.0,1.2884632212314072e-26
2561,0.0,1.2530971469769745e-26
2562,0.0,1.2220324982252629e-26
2563,0.0,1.1916605929328525e-26
2564,0.0,1.1619840145542077e-26
2565,0.0,1.1330406250664758e-26
2566,0.0,1.1049069531015565e-26
2567,0.0,1.0741329362062496e-26
2568,0.0,1.0460663807934062e-26
2569,0.0,1.0182739523182707e-26
2570,0.0,9.914935157694757e-27
2571,0.0,9.659584177218626e-27
2572,0.0,9.396146504290873e-27
2573,0.0,9.153159995562341e-27
2574,0.0,8.916694828565618e-27
2575,0.0,8.70885782778317e-27
2576,0.0,8.487007452275645e-27
2577,0.0,8.27704709717855e-27
2578,0.0,8.048282225415193e-27
2579,0.0,7.841313570773258e-27
2580,0.0,7.635477973819527e-27
2581,0.0,7.408489152521166e-27
2582,0.0,7.217264960128269e-27
2583,0.0,7.040269717215804e-27
2584,0.0,6.851885097877318e-27
2585,0.0,6.678986655526735e-27
2586,0.0,6.500212858440346e-27
2587,0.0,6.3329835669231e-27
2588,0.0,6.169109793055305e-27
2589,0.0,6.0153630613824426e-27
2590,0.0,5.858315479882528e-27
2591,0.0,5.721920663812662e-27
2592,0.0,5.562116567996453e-27
2593,0.0,5.411271620676788e-27
2594,0.0,5.268474793043078e-27
2595,0.0,5.1342070522446974e-27
2596,0.0,5.001416490685865e-27
2597,0.0,4.872646050593738e-27
2598,0.0,4.7413828252078105e-27
2599,0.0,4.594078539095195e-27
2600,0.0,4.465373354926261e-27
2601,0.0,4.348863545855809e-27
2602,0.0,4.2350791608747445e-27
2603,0.0,4.135559542404863e-27
2604,0.0,4.0181740092271164e-27
2605,0.0,3.9234405305467775e-27
2606,0.0,3.812587862330901e-27
2607,0.0,3.717127931151019e-27
2608,0.0,3.629086210414544e-27
2609,0.0,3.532968328903513e-27
2610,0.0,3.4382728008231914e-27
2611,0.0,3.355765128439088e-27
2612,0.0,3.269948771605104e-27
2613,0.0,3.1786170848027114e-27
2614,0.0,3.090216432414546e-27
2615,0.0,3.009502219096577e-27
2616,0.0,2.9322508691960176e-27
2617,0.0,2.8533747122594577e-27
2618,0.0,2.7734468689271606e-27
2619,0.0,2.701674811535558e-27
2620,0.0,2.629746560473149e-27
2621,0.0,2.558282786537281e-27
2622,0.0,2.4931027066151463e-27
2623,0.0,2.429568233772411e-27
2624,0.0,2.370646056953715e-27
2625,0.0,2.3124966482404583e-27
2626,0.0,2.24852237312012e-27
2627,0.0,2.1913252950108036e-27
2628,0.0,2.1418443040080813e-27
2629,0.0,2.0846744770551616e-27
2630,0.0,2.0289807403638236e-27
2631,0.0,1.979017301276925e-27
2632,0.0,1.930824047596489e-27
2633,0.0,1.879092538992959e-27
2634,0.0,1.8284553133150167e-27
2635,0.0,1.7856956346291662e-27
2636,0.0,1.7397176273243237e-27
2637,0.0,1.690693740747574e-27
2638,0.0,1.6460825072435852e-27
2639,0.0,1.6050396728517435e-27
2640,0.0,1.5650822963381403e-27
2641,0.0,1.521617693814565e-27
2642,0.0,1.4804554021132899e-27
2643,0.0,1.4392286515680303e-27
2644,0.0,1.4012159685217609e-27
2645,0.0,1.3604004017626789e-27
2646,0.0,1.324370459456416e-27
2647,0.0,1.2909313206172185e-27
2648,0.0,1.2534000907167069e-27
2649,0.0,1.2213588307635185e-27
2650,0.0,1.188213969317846e-27
2651,0.0,1.1576087344529443e-27
2652,0.0,1.1282600577220094e-27
2653,0.0,1.0990700082173055e-27
2654,0.0,1.0695118546314721e-27
2655,0.0,1.0411672686240492e-27
2656,0.0,1.012936590088091e-27
2657,0.0,9.845476416761843e-28
2658,0.0,9.603117968082188e-28
2659,0.0,9.349164200503987e-28
2660,0.0,9.091952368836155e-28
2661,0.0,8.869343735525455e-28
2662,0.0,8.642233619008734e-28
2663,0.0,8.39420884557224e-28
2664,0.0,8.188429264591867e-28
2665,0.0,7.994269680368243e-28
2666,0.0,7.772436719104228e-28
2667,0.0,7.5593154950566425e-28
2668,0.0,7.3764932190659085e-28
2669,0.0,7.196444855836335e-28
2670,0.0,6.988927713649516e-28
2671,0.0,6.815101994335229e-28
2672,0.0,6.627289780560283e-28
2673,0.0,6.46114341161506e-28
2674,0.0,6.289058603195924e-28
2675,0.0,6.13994468660033e-28
2676,0.0,5.972633336925758e-28
2677,0.0,5.823382837290554e-28
2678,0.0,5.671457162658076e-28
2679,0.0,5.514898599597482e-28
2680,0.0,5.385190923001195e-28
2681,0.0,5.246098618606249e-28
2682,0.0,5.119848140484996e-28
2683,0.0,4.987095378686746e-28
2684,0.0,4.858933418857271e-28
2685,0.0,4.719410515835291e-28
2686,0.0,4.589793737866165e-28
2687,0.0,4.471110332535958e-28
2688,0.0,4.343459404299373e-28
2689,0.0,4.254898809071699e-28
2690,0.0,4.141163916164386e-28
2691,0.0,4.0272794956736706e-28
2692,0.0,3.9284175704308144e-28
2693,0.0,3.828574382000502e-28
2694,0.0,3.7251703860826785e-28
2695,0.0,3.625016313250811e-28
2696,0.0,3.5320175036846583e-28
2697,0.0,3.442890709503617e-28
2698,0.0,3.3582704870085438e-28
2699,0.0,3.2673214856834455e-28
2700,0.0,3.173289969535463e-28
2701,0.0,3.0886978027991594e-28
2702,0.0,3.013686669689431e-28
2703,0.0,2.935970098245268e-28
2704,0.0,2.851296765975029e-28
2705,0.0,2.7707787817846642e-28
2706,0.0,2.6966937139390615e-28
2707,0.0,2.6223871491035266e-28
2708,0.0,2.5464550020639966e-28
2709,0.0,2.48214608439068e-28
2710,0.0,2.4203398068856027e-28
2711,0.0,2.3536222589696544e-28
2712,0.0,2.298645130623928e-28
2713,0.0,2.2425922852984703e-28
2714,0.0,2.176531803929999e-28
2715,0.0,2.1171850395862208e-28
2716,0.0,2.0616179762349975e-28
2717,0.0,2.0120563738733964e-28
2718,0.0,1.9571702142142936e-28
2719,0.0,1.906526583173594e-28
2720,0.0,1.8565074683014014e-28
2721,0.0,1.8100567482625565e-28
2722,0.0,1.7624415694138549e-28
2723,0.0,1.716511923451238e-28
2724,0.0,1.6746897542663548e-28
2725,0.0,1.6268506865318158e-28
2726,0.0,1.587230580083184e-28
2727,0.0,1.5478387527566908e-28
2728,0.0,1.508055718794354e-28
2729,0.0,1.4685195960098144e-28
2730,0.0,1.434659022321384e-28
2731,0.0,1.39766370283448e-28
2732,0.0,1.359156341672729e-28
2733,0.0,1.3250032438641077e-28
2734,0.0,1.2878463218807312e-28
2735,0.0,1.2545403704071034e-28
2736,0.0,1.2178416899759147e-28
2737,0.0,1.1875314670474479e-28
2738,0.0,1.1576863329257624e-28
2739,0.0,1.129879596286369e-28
2740,0.0,1.100010273077031e-28
2741,0.0,1.0708379249185783e-28
2742,0.0,1.0439427557012842e-28
2743,0.0,1.0172606935005427e-28
2744,0.0,9.938484204753847e-29
2745,0.0,9.677857763241509e-29
2746,0.0,9.432474445981933e-29
2747,0.0,9.186659297942145e-29
2748,0.0,8.94542652075545e-29
2749,0.0,8.701713978285483e-29
2750,0.0,8.485292415609829e-29
2751,0.0,8.231909753498416e-29
2752,0.0,8.027126497079518e-29
2753,0.0,7.82738315623285e-29
2754,0.0,7.615634911232717e-29
2755,0.0,7.375068401893079e-29
2756,0.0,7.20990277633171e-29
2757,0.0,7.01799635522946e-29
2758,0.0,6.819094437941088e-29
2759,0.0,6.630684851572788e-29
2760,0.0,6.461020217691204e-29
2761,0.0,6.293727652651457e-29
2762,0.0,6.128194975452561e-29
2763,0.0,5.964233138391039e-29
2764,0.0,5.79931590301446e-29
2765,0.0,5.641688426500338e-29
2766,0.0,5.498520555532404e-29
2767,0.0,5.350292610439619e-29
2768,0.0,5.217107300809602e-29
2769,0.0,5.069530737103415e-29
2770,0.0,4.9470862320383596e-29
2771,0.0,4.8331941936389544e-29
2772,0.0,4.7133480048134394e-29
2773,0.0,4.59081922503189e-29
2774,0.0,4.469674137283109e-29
2775,0.0,4.357582206263768e-29
2776,0.0,4.241905969624843e-29
2777,0.0,4.122204950825171e-29
2778,0.0,4.0103061241403113e-29
2779,0.0,3.9126008956830144e-29
2780,0.0,3.810229814527071e-29
2781,0.0,3.7087415031799717e-29
2782,0.0,3.6114743056478407e-29
2783,0.0,3.5216937998977494e-29
2784,0.0,3.437117996395458e-29
2785,0.0,3.351753639544287e-29
2786,0.0,3.270470406885845e-29
2787,0.0,3.1814868040210066e-29
2788,0.0,3.095490089396064e-29
2789,0.0,3.024922462230184e-29
2790,0.0,2.948057814094957e-29
2791,0.0,2.87225295463836e-29
2792,0.0,2.793428674547961e-29
2793,0.0,2.724717172357686e-29
2794,0.0,2.656456371158437e-29
2795,0.0,2.5893968005833276e-29
2796,0.0,2.519223775116075e-29
2797,0.0,2.4606496962404836e-29
2798,0.0,2.3920231164640894e-29
2799,0.0,2.332815346804132e-29
2800,0.0,2.2775619142794653e-29
2801,0.0,2.2190920917610898e-29
2802,0.0,2.1549929384685897e-29
2803,0.0,2.09938334232282e-29
2804,0.0,2.0433032766036528e-29
2805,0.0,1.9923959728936583e-29
2806,0.0,1.9432728309828588e-29
2807,0.0,1.8935417430833444e-29
2808,0.0,1.8449281600473376e-29
2809,0.0,1.793392621316133e-29
2810,0.0,1.7476827209156403e-29
2811,0.0,1.7034845515068376e-29
2812,0.0,1.6625378044682603e-29
2813,0.0,1.6134362178912454e-29
2814,0.0,1.5682596342818698e-29
2815,0.0,1.530188987491612e-29
2816,0.0,1.486995913654157e-29
2817,0.0,1.4471534656816766e-29
2818,0.0,1.4099224251354483e-29
2819,0.0,1.3715113848624246e-29
2820,0.0,1.3361859529019936e-29
2821,0.0,1.302814226935839e-29
2822,0.0,1.2677184272090942e-29
2823,0.0,1.2323938468943204e-29
2824,0.0,1.2009144384932121e-29
2825,0.0,1.1716508366495303e-29
2826,0.0,1.1384853837871958e-29
2827,0.0,1.1090686599922607e-29
2828,0.0,1.0824554126414096e-29
2829,0.0,1.0541742898577658e-29
2830,0.0,1.0231489511206196e-29
2831,0.0,9.974611334440988e-30
2832,0.0,9.705963420571153e-30
2833,0.0,9.441585046181562e-30
2834,0.0,9.177580108714812e-30
2835,0.0,8.942442079894793e-30
2836,0.0,8.721735812686274e-30
2837,0.0,8.473437990896316e-30
2838,0.0,8.250324161381784e-30
2839,0.0,8.035828089603376e-30
2840,0.0,7.815985872456165e-30
2841,0.0,7.616984939458266e-30
2842,0.0,7.439021858244393e-30
2843,0.0,7.235056880193897e-30
2844,0.0,7.050488236310589e-30
2845,0.0,6.879163628669238e-30
2846,0.0,6.69003400205255e-30
2847,0.0,6.507695138709636e-30
2848,0.0,6.323761454262972e-30
2849,0.0,6.155886572831715e-30
2850,0.0,5.9846621525738846e-30
2851,0.0,5.829955965543537e-30
2852,0.0,5.685530162805958e-30
2853,0.0,5.543291436368377e-30
2854,0.0,5.394773773060416e-30
2855,0.0,5.257602987743629e-30
2856,0.0,5.126121714103626e-30
2857,0.0,4.997876382454868e-30
2858,0.0,4.867675480771667e-30
2859,0.0,4.7329451040117924e-30
2860,0.0,4.6156640093106014e-30
2861,0.0,4.482508115398157e-30
2862,0.0,4.3643955648899545e-30
2863,0.0,4.2554159310477575e-30
2864,0.0,4.149268813943708e-30
2865,0.0,4.046950657363795e-30
2866,0.0,3.9417139584304054e-30
2867,0.0,3.837822731800335e-30
2868,0.0,3.7361861305184486e-30
2869,0.0,3.640744964865731e-30
2870,0.0,3.548896964386583e-30
2871,0.0,3.447394217381109e-30
2872,0.0,3.3538926159378805e-30
2873,0.0,3.253283025703208e-30
2874,0.0,3.1690152989929896e-30
2875,0.0,3.083160886334611e-30
2876,0.0,3.002846844507255e-30
2877,0.0,2.9289281561026803e-30
2878,0.0,2.855514770107854e-30
2879,0.0,2.7800601727029712e-30
2880,0.0,2.7126022187169707e-30
2881,0.0,2.647348005867443e-30
2882,0.0,2.577036482039472e-30
2883,0.0,2.5002170868368005e-30
2884,0.0,2.4388389343659948e-30
2885,0.0,2.3697876672150898e-30
2886,0.0,2.3162434230925805e-30
2887,0.0,2.2531145517837975e-30
2888,0.0,2.1841967546695887e-30
2889,0.0,2.1236314888684713e-30
2890,0.0,2.0690755874916795e-30
2891,0.0,2.014011264237006e-30
2892,0.0,1.957808831025286e-30
2893,0.0,1.9086998931270063e-30
2894,0.0,1.86040687100042e-30
2895,0.0,1.811587793111322e-30
2896,0.0,1.7644100649637745e-30
2897,0.0,1.7202221111886277e-30
2898,0.0,1.676531693846332e-30
2899,0.0,1.6297264993276854e-30
2900,0.0,1.5884788088375663e-30
2901,0.0,1.5490466818619197e-30
2902,0.0,1.5097018739127301e-30
2903,0.0,1.469666639356585e-30
2904,0.0,1.4314087842176359e-30
2905,0.0,1.389710159768204e-30
2906,0.0,1.3556380201583552e-30
2907,0.0,1.3174769341020887e-30
2908,0.0,1.281510550916434e-30
2909,0.0,1.2476858662754158e-30
2910,0.0,1.2152890270716925e-30
2911,0.0,1.1812402458202916e-30
2912,0.0,1.1479692708137305e-30
2913,0.0,1.1208582994652108e-30
2914,0.0,1.0920019234315346e-30
2915,0.0,1.0650573273289975e-30
2916,0.0,1.0397430083622396e-30
2917,0.0,1.0126816718953415e-30
2918,0.0,9.85982807744056e-31
2919,0.0,9.59239475743505e-31
2920,0.0,9.331850934514601e-31
2921,0.0,9.084088529830292e-31
2922,0.0,8.857950150045016e-31
2923,0.0,8.604223692937528e-31
2924,0.0,8.419076665425996e-31
2925,0.0,8.173004044891254e-31
2926,0.0,7.977504541487787e-31
2927,0.0,7.775762850840766e-31
2928,0.0,7.556061094248218e-31
2929,0.0,7.370975240197388e-31
2930,0.0,7.17426243009591e-31
2931,0.0,6.99657214181527e-31
2932,0.0,6.808066989592958e-31
2933,0.0,6.615302502467064e-31
2934,0.0,6.454547857927374e-31
2935,0.0,6.272720865436236e-31
2936,0.0,6.08934313600191e-31
2937,0.0,5.9348188760078065e-31
2938,0.0,5.769976153234479e-31
2939,0.0,5.6091598586078626e-31
2940,0.0,5.45290081231601e-31
2941,0.0,5.301590036126238e-31
2942,0.0,5.1700061269520575e-31
2943,0.0,5.03785623285999e-31
2944,0.0,4.9165477174540455e-31
2945,0.0,4.78445944314319e-31
2946,0.0,4.6578455663286145e-31
2947,0.0,4.537917397204642e-31
2948,0.0,4.4228204703732856e-31
2949,0.0,4.3076931083401475e-31
2950,0.0,4.204736970935767e-31
2951,0.0,4.0965982065899505e-31
2952,0.0,3.989907083740981e-31
2953,0.0,3.8774375980053535e-31
2954,0.0,3.781947389809965e-31
2955,0.0,3.6818578891529614e-31
2956,0.0,3.5923664031172618e-31
2957,0.0,3.488865477345863e-31
2958,0.0,3.3913950010613653e-31
2959,0.0,3.300459813271604e-31
2960,0.0,3.2221308702641257e-31
2961,0.0,3.1351063271825846e-31
2962,0.0,3.0534737711781355e-31
2963,0.0,2.968520664956159e-31
2964,0.0,2.8971623074809636e-31
2965,0.0,2.8259339867724403e-31
2966,0.0,2.753585064085036e-31
2967,0.0,2.6758492126196676e-31
2968,0.0,2.607941380598889e-31
2969,0.0,2.538406612509517e-31
2970,0.0,2.4722623039499454e-31
2971,0.0,2.411102660817936e-31
2972,0.0,2.350703705794283e-31
2973,0.0,2.289841822728177e-31
2974,0.0,2.224003481113622e-31
2975,0.0,2.1669810440730972e-31
2976,0.0,2.1076915298013e-31
2977,0.0,2.0541497926041646e-31
2978,0.0,2.002857532824641e-31
2979,0.0,1.9497034428995157e-31
2980,0.0,1.9009730959157924e-31
2981,0.0,1.8537036556071583e-31
2982,0.0,1.804476830778348e-31
2983,0.0,1.7578545694456413e-31
2984,0.0,1.7134199531501602e-31
2985,0.0,1.6687844857369194e-31
2986,0.0,1.6261303053276174e-31
2987,0.0,1.5852273621676686e-31
2988,0.0,1.546524716221251e-31
2989,0.0,1.504879567764903e-31
2990,0.0,1.4640402427265626e-31
2991,0.0,1.4272170474023944e-31
2992,0.0,1.3864630880495077e-31
2993,0.0,1.3485553419184188e-31
2994,0.0,1.3163696938205564e-31
2995,0.0,1.2822592740535021e-31
2996,0.0,1.2480555404683904e-31
2997,0.0,1.2142301160924507e-31
2998,0.0,1.1828257743197755e-31
2999,0.0,1.153134634977776e-31
3000,0.0,1.1196451313010464e-31
