step_no,step_id,worker_id,wealth,human_wealth,spent_amount,employed,employer_id,budget
1,568513272,W_0,2.85,0.088,0.15,1,C_186,0.15
2,116381266,W_0,2.6195,0.08448,0.2305,0,,0.2305
3,561622615,W_0,2.40405,0.0811008,0.215455,0,,0.215455
4,580265595,W_0,2.20274,0.0778568,0.201303,0,,0.201303
5,92974295,W_0,2.01475,0.0747425,0.187994,0,,0.187994
6,844295000,W_0,1.83927,0.0717528,0.17548,0,,0.17548
7,461579371,W_0,1.67555,0.0688827,0.163716,0,,0.163716
8,924166741,W_0,1.52289,0.0661274,0.15266,0,,0.15266
9,656175618,W_0,1.38062,0.0634823,0.142272,0,,0.142272
10,290272111,W_0,1.24811,0.060943,0.132513,0,,0.132513
11,3764035,W_0,1.12476,0.0585053,0.123348,0,,0.123348
12,121302646,W_0,1.01002,0.0561651,0.114743,0,,0.114743
13,238110832,W_0,0.903349,0.0539185,0.106666,0,,0.106666
14,961221646,W_0,0.804263,0.0517617,0.0990859,0,,0.0990859
15,831476582,W_0,0.712288,0.0496913,0.0919749,0,,0.0919749
16,104392272,W_0,0.626983,0.0477036,0.0853057,0,,0.0853057
17,916001675,W_0,0.54793,0.0457955,0.0790527,0,,0.0790527
18,936052797,W_0,0.474738,0.0439636,0.073192,0,,0.073192
19,77616671,W_0,0.407037,0.0422051,0.0677005,0,,0.0677005
20,680394204,W_0,0.34448,0.0405169,0.062557,0,,0.062557
21,658983578,W_0,1.28674,0.0788962,0.0577409,1,C_125,0.0577409
22,211060894,W_0,2.14351,0.11574,0.143233,1,C_125,0.143233
23,770567819,W_0,2.92059,0.151111,0.222916,1,C_125,0.222916
24,501229029,W_0,3.62345,0.185066,0.29714,1,C_125,0.29714
25,276334154,W_0,4.25721,0.217664,0.366239,1,C_125,0.366239
26,502571959,W_0,4.82669,0.248957,0.430524,1,C_125,0.430524
27,131486380,W_0,5.3364,0.278999,0.490291,1,C_125,0.490291
28,811259257,W_0,5.79058,0.307839,0.545819,1,C_125,0.545819
29,802722953,W_0,6.19321,0.335525,0.597368,1,C_125,0.597368
30,61986554,W_0,6.54802,0.362104,0.645186,1,C_125,0.645186
31,238863426,W_0,6.85852,0.38762,0.689506,1,C_125,0.689506
32,56500805,W_0,7.12797,0.412115,0.730546,1,C_125,0.730546
33,578502809,W_0,8.12797,0.435631,0.0,1,C_125,0.768514
34,798280695,W_0,8.28594,0.458205,0.842029,1,C_125,0.842029
35,963350314,W_0,8.41344,0.479877,0.872503,1,C_125,0.872503
36,519322908,W_0,7.51289,0.460682,0.900549,0,,0.900549
37,26405910,W_0,7.51289,0.442255,0.0,0,,0.836327
38,789979588,W_0,6.69499,0.424565,0.817899,0,,0.817899
39,258068337,W_0,5.93568,0.407582,0.759314,0,,0.759314
40,882293954,W_0,5.23131,0.391279,0.704366,0,,0.704366
41,696091386,W_0,4.57847,0.375628,0.652844,0,,0.652844
42,139397762,W_0,4.57847,0.360603,0.0,0,,0.604551
43,404803651,W_0,3.98894,0.346178,0.589526,0,,0.589526
44,711004912,W_0,3.98894,0.332331,0.0,0,,0.545626
45,213932851,W_0,3.45716,0.319038,0.531778,0,,0.531778
46,124159291,W_0,2.96527,0.306277,0.491896,0,,0.491896
47,579575343,W_0,2.51073,0.294025,0.45454,0,,0.45454
48,116845730,W_0,2.09116,0.282264,0.419562,0,,0.419562
49,524959716,W_0,1.70434,0.270974,0.386823,0,,0.386823
50,757509101,W_0,1.34815,0.260135,0.356191,0,,0.356191
51,752074527,W_0,1.02061,0.24973,0.327542,0,,0.327542
52,731272528,W_0,0.719849,0.23974,0.30076,0,,0.30076
53,936623480,W_0,0.444116,0.230151,0.275733,0,,0.275733
54,695622944,W_0,0.191759,0.220945,0.252357,0,,0.252357
55,820378914,W_0,0.0,0.212107,0.191759,0,,0.191759
56,49883617,W_0,0.0,0.203623,0.0,0,,0.0
57,327204046,W_0,0.0,0.195478,0.0,0,,0.0
58,737990378,W_0,0.0,0.187659,0.0,0,,0.0
59,605582596,W_0,0.0,0.180152,0.0,0,,0.0
60,577084075,W_0,0.0,0.172946,0.0,0,,0.0
61,578649092,W_0,0.0,0.166028,0.0,0,,0.0
62,454409803,W_0,0.0,0.159387,0.0,0,,0.0
63,9834243,W_0,0.0,0.153012,0.0,0,,0.0
64,481639408,W_0,0.0,0.146891,0.0,0,,0.0
65,64469925,W_0,0.0,0.141016,0.0,0,,0.0
66,576255941,W_0,0.0,0.135375,0.0,0,,0.0
67,97464052,W_0,0.0,0.12996,0.0,0,,0.0
68,838240484,W_0,0.0,0.124762,0.0,0,,0.0
69,802090407,W_0,0.0,0.119771,0.0,0,,0.0
70,432857668,W_0,0.0,0.11498,0.0,0,,0.0
71,862982991,W_0,0.0,0.110381,0.0,0,,0.0
72,506005329,W_0,0.0,0.105966,0.0,0,,0.0
73,506080158,W_0,0.0,0.101727,0.0,0,,0.0
74,837796974,W_0,0.0,0.0976581,0.0,0,,0.0
75,300223173,W_0,0.0,0.0937518,0.0,0,,0.0
76,766130737,W_0,0.0,0.0900017,0.0,0,,0.0
77,490787890,W_0,0.0,0.0864016,0.0,0,,0.0
78,186812278,W_0,0.0,0.0829456,0.0,0,,0.0
79,702691503,W_0,0.0,0.0796278,0.0,0,,0.0
80,302667780,W_0,0.0,0.0764426,0.0,0,,0.0
81,91319182,W_0,0.0,0.0733849,0.0,0,,0.0
82,402367222,W_0,0.0,0.0704495,0.0,0,,0.0
83,79197749,W_0,0.0,0.0676316,0.0,0,,0.0
84,704068245,W_0,0.0,0.0649263,0.0,0,,0.0
85,422263071,W_0,0.0,0.0623292,0.0,0,,0.0
86,459418317,W_0,0.0,0.0598361,0.0,0,,0.0
87,341241262,W_0,0.0,0.0574426,0.0,0,,0.0
88,962936925,W_0,0.0,0.0551449,0.0,0,,0.0
89,870353475,W_0,0.0,0.0529391,0.0,0,,0.0
90,445570690,W_0,0.0,0.0508216,0.0,0,,0.0
91,125574090,W_0,0.0,0.0487887,0.0,0,,0.0
92,62447300,W_0,0.0,0.0468372,0.0,0,,0.0
93,861976170,W_0,0.0,0.0449637,0.0,0,,0.0
94,130599393,W_0,0.0,0.0431651,0.0,0,,0.0
95,606449881,W_0,0.0,0.0414385,0.0,0,,0.0
96,933213130,W_0,0.0,0.039781,0.0,0,,0.0
97,841486551,W_0,0.0,0.0381897,0.0,0,,0.0
98,15594369,W_0,0.0,0.0366621,0.0,0,,0.0
99,768189608,W_0,0.0,0.0351957,0.0,0,,0.0
100,911298003,W_0,0.0,0.0337878,0.0,0,,0.0
101,637640609,W_0,0.0,0.0324363,0.0,0,,0.0
102,742098497,W_0,0.0,0.0311389,0.0,0,,0.0
103,874457708,W_0,0.0,0.0298933,0.0,0,,0.0
104,80630140,W_0,0.0,0.0286976,0.0,0,,0.0
105,682691133,W_0,0.0,0.0275497,0.0,0,,0.0
106,427865688,W_0,0.0,0.0264477,0.0,0,,0.0
107,166444688,W_0,0.0,0.0253898,0.0,0,,0.0
108,153095289,W_0,0.0,0.0243742,0.0,0,,0.0
109,501975820,W_0,0.0,0.0233992,0.0,0,,0.0
110,17106968,W_0,0.0,0.0224633,0.0,0,,0.0
111,593269862,W_0,0.0,0.0215647,0.0,0,,0.0
112,992393856,W_0,0.0,0.0207021,0.0,0,,0.0
113,816240382,W_0,0.0,0.019874,0.0,0,,0.0
114,91888968,W_0,0.0,0.0190791,0.0,0,,0.0
115,471092618,W_0,0.0,0.0183159,0.0,0,,0.0
116,317043351,W_0,0.0,0.0175833,0.0,0,,0.0
117,805962990,W_0,0.0,0.01688,0.0,0,,0.0
118,920954217,W_0,0.0,0.0162048,0.0,0,,0.0
119,856769218,W_0,0.0,0.0155566,0.0,0,,0.0
120,796631172,W_0,0.0,0.0149343,0.0,0,,0.0
121,714076111,W_0,0.0,0.0143369,0.0,0,,0.0
122,97631309,W_0,0.0,0.0137635,0.0,0,,0.0
123,450675632,W_0,0.0,0.0132129,0.0,0,,0.0
124,200322327,W_0,0.0,0.0126844,0.0,0,,0.0
125,139257017,W_0,0.0,0.012177,0.0,0,,0.0
126,707597789,W_0,0.0,0.0116899,0.0,0,,0.0
127,698675811,W_0,0.0,0.0112223,0.0,0,,0.0
128,889808781,W_0,0.0,0.0107735,0.0,0,,0.0
129,166225787,W_0,0.0,0.0103425,0.0,0,,0.0
130,79692009,W_0,0.0,0.00992881,0.0,0,,0.0
131,700289104,W_0,0.0,0.00953166,0.0,0,,0.0
132,786519094,W_0,0.0,0.00915039,0.0,0,,0.0
133,817579004,W_0,0.0,0.00878438,0.0,0,,0.0
134,862707412,W_0,0.0,0.008433,0.0,0,,0.0
135,608022599,W_0,0.0,0.00809568,0.0,0,,0.0
136,183592588,W_0,0.0,0.00777186,0.0,0,,0.0
137,624743927,W_0,0.0,0.00746098,0.0,0,,0.0
138,290088913,W_0,0.0,0.00716254,0.0,0,,0.0
139,130908304,W_0,0.0,0.00687604,0.0,0,,0.0
140,196763317,W_0,0.0,0.006601,0.0,0,,0.0
141,384506102,W_0,0.0,0.00633696,0.0,0,,0.0
142,249204111,W_0,0.0,0.00608348,0.0,0,,0.0
143,382602851,W_0,0.0,0.00584014,0.0,0,,0.0
144,216083730,W_0,0.0,0.00560654,0.0,0,,0.0
145,968375681,W_0,0.0,0.00538227,0.0,0,,0.0
146,459662802,W_0,0.0,0.00516698,0.0,0,,0.0
147,223676795,W_0,0.0,0.0049603,0.0,0,,0.0
148,460567039,W_0,0.0,0.00476189,0.0,0,,0.0
149,536723214,W_0,0.0,0.00457142,0.0,0,,0.0
150,175172006,W_0,0.0,0.00438856,0.0,0,,0.0
151,562379494,W_0,0.0,0.00421302,0.0,0,,0.0
152,614657114,W_0,0.0,0.0040445,0.0,0,,0.0
153,500777399,W_0,0.0,0.00388272,0.0,0,,0.0
154,918325665,W_0,0.0,0.00372741,0.0,0,,0.0
155,976454076,W_0,0.0,0.00357831,0.0,0,,0.0
156,339606783,W_0,0.0,0.00343518,0.0,0,,0.0
157,623132091,W_0,0.0,0.00329777,0.0,0,,0.0
158,698350577,W_0,0.0,0.00316586,0.0,0,,0.0
159,716478456,W_0,0.0,0.00303923,0.0,0,,0.0
160,448812350,W_0,0.0,0.00291766,0.0,0,,0.0
161,738870838,W_0,0.0,0.00280095,0.0,0,,0.0
162,265364271,W_0,0.0,0.00268891,0.0,0,,0.0
163,21022628,W_0,0.0,0.00258136,0.0,0,,0.0
164,526565930,W_0,0.0,0.0024781,0.0,0,,0.0
165,446557523,W_0,0.0,0.00237898,0.0,0,,0.0
166,296096629,W_0,0.0,0.00228382,0.0,0,,0.0
167,908430668,W_0,0.0,0.00219247,0.0,0,,0.0
168,14912060,W_0,0.0,0.00210477,0.0,0,,0.0
169,54699858,W_0,0.0,0.00202058,0.0,0,,0.0
170,525725169,W_0,0.0,0.00193975,0.0,0,,0.0
171,683881335,W_0,0.0,0.00186216,0.0,0,,0.0
172,639354202,W_0,0.0,0.00178768,0.0,0,,0.0
173,993476526,W_0,0.0,0.00171617,0.0,0,,0.0
174,904089024,W_0,0.0,0.00164752,0.0,0,,0.0
175,867878819,W_0,0.0,0.00158162,0.0,0,,0.0
176,372226432,W_0,0.0,0.00151836,0.0,0,,0.0
177,302752054,W_0,0.0,0.00145762,0.0,0,,0.0
178,896792023,W_0,0.0,0.00139932,0.0,0,,0.0
179,370659053,W_0,0.0,0.00134335,0.0,0,,0.0
180,639266381,W_0,0.0,0.00128961,0.0,0,,0.0
181,236331067,W_0,0.0,0.00123803,0.0,0,,0.0
182,305170747,W_0,0.0,0.00118851,0.0,0,,0.0
183,866824477,W_0,0.0,0.00114097,0.0,0,,0.0
184,108062707,W_0,0.0,0.00109533,0.0,0,,0.0
185,453852245,W_0,0.0,0.00105151,0.0,0,,0.0
186,141432107,W_0,0.0,0.00100945,0.0,0,,0.0
187,239885474,W_0,0.0,0.000969075,0.0,0,,0.0
188,219093766,W_0,0.0,0.000930312,0.0,0,,0.0
189,22148652,W_0,0.0,0.0008931,0.0,0,,0.0
190,668580760,W_0,0.0,0.000857376,0.0,0,,0.0
191,484498776,W_0,0.0,0.000823081,0.0,0,,0.0
192,106186031,W_0,0.0,0.000790158,0.0,0,,0.0
193,121380578,W_0,0.0,0.000758551,0.0,0,,0.0
194,109606916,W_0,0.0,0.000728209,0.0,0,,0.0
195,499275632,W_0,0.0,0.000699081,0.0,0,,0.0
196,867913190,W_0,0.0,0.000671118,0.0,0,,0.0
197,389082205,W_0,0.0,0.000644273,0.0,0,,0.0
198,700879034,W_0,0.0,0.000618502,0.0,0,,0.0
199,10669007,W_0,0.0,0.000593762,0.0,0,,0.0
200,283859287,W_0,0.0,0.000570011,0.0,0,,0.0
201,602695052,W_0,0.0,0.000547211,0.0,0,,0.0
202,705804787,W_0,0.0,0.000525323,0.0,0,,0.0
203,166894322,W_0,0.0,0.00050431,0.0,0,,0.0
204,202862963,W_0,0.0,0.000484137,0.0,0,,0.0
205,233947586,W_0,0.0,0.000464772,0.0,0,,0.0
206,188059232,W_0,0.0,0.000446181,0.0,0,,0.0
207,300876871,W_0,0.0,0.000428334,0.0,0,,0.0
208,2658098,W_0,0.0,0.0004112,0.0,0,,0.0
209,298387604,W_0,0.0,0.000394752,0.0,0,,0.0
210,607947311,W_0,0.0,0.000378962,0.0,0,,0.0
211,889364532,W_0,0.0,0.000363804,0.0,0,,0.0
212,875774962,W_0,0.0,0.000349252,0.0,0,,0.0
213,990735240,W_0,0.0,0.000335282,0.0,0,,0.0
214,607216559,W_0,0.0,0.00032187,0.0,0,,0.0
215,551247484,W_0,0.0,0.000308995,0.0,0,,0.0
216,217501998,W_0,0.0,0.000296636,0.0,0,,0.0
217,741572992,W_0,0.0,0.00028477,0.0,0,,0.0
218,206514133,W_0,0.0,0.000273379,0.0,0,,0.0
219,15178248,W_0,0.0,0.000262444,0.0,0,,0.0
220,153054463,W_0,0.0,0.000251946,0.0,0,,0.0
221,467297306,W_0,0.0,0.000241869,0.0,0,,0.0
222,341480049,W_0,0.0,0.000232194,0.0,0,,0.0
223,354217056,W_0,0.0,0.000222906,0.0,0,,0.0
224,617861270,W_0,0.0,0.00021399,0.0,0,,0.0
225,984952402,W_0,0.0,0.00020543,0.0,0,,0.0
226,997035739,W_0,0.0,0.000197213,0.0,0,,0.0
227,545603301,W_0,0.0,0.000189325,0.0,0,,0.0
228,690221441,W_0,0.0,0.000181752,0.0,0,,0.0
229,379039057,W_0,0.0,0.000174482,0.0,0,,0.0
230,600195480,W_0,0.0,0.000167502,0.0,0,,0.0
231,85379391,W_0,0.0,0.000160802,0.0,0,,0.0
232,668715559,W_0,0.0,0.00015437,0.0,0,,0.0
233,101699668,W_0,0.0,0.000148195,0.0,0,,0.0
234,564160796,W_0,0.0,0.000142267,0.0,0,,0.0
235,543781884,W_0,0.0,0.000136577,0.0,0,,0.0
236,366471115,W_0,0.0,0.000131114,0.0,0,,0.0
237,500825286,W_0,0.0,0.000125869,0.0,0,,0.0
238,840295589,W_0,0.0,0.000120834,0.0,0,,0.0
239,446191670,W_0,0.0,0.000116001,0.0,0,,0.0
240,240511312,W_0,0.0,0.000111361,0.0,0,,0.0
241,773880751,W_0,0.0,0.000106907,0.0,0,,0.0
242,968142369,W_0,0.0,0.00010263,0.0,0,,0.0
243,207368622,W_0,0.0,9.85251e-05,0.0,0,,0.0
244,412283738,W_0,0.0,9.4584e-05,0.0,0,,0.0
245,956168485,W_0,0.0,9.08007e-05,0.0,0,,0.0
246,686698496,W_0,0.0,8.71687e-05,0.0,0,,0.0
247,254337552,W_0,0.0,8.36819e-05,0.0,0,,0.0
248,723789435,W_0,0.0,8.03346e-05,0.0,0,,0.0
249,257004539,W_0,0.0,7.71213e-05,0.0,0,,0.0
250,22019533,W_0,0.0,7.40364e-05,0.0,0,,0.0
251,55727148,W_0,0.0,7.10749e-05,0.0,0,,0.0
252,460029646,W_0,0.0,6.82319e-05,0.0,0,,0.0
253,859940727,W_0,0.0,6.55027e-05,0.0,0,,0.0
254,327915947,W_0,0.0,6.28826e-05,0.0,0,,0.0
255,802867316,W_0,0.0,6.03673e-05,0.0,0,,0.0
256,40665707,W_0,0.0,5.79526e-05,0.0,0,,0.0
257,692806374,W_0,0.0,5.56345e-05,0.0,0,,0.0
258,122247502,W_0,0.0,5.34091e-05,0.0,0,,0.0
259,478167346,W_0,0.0,5.12727e-05,0.0,0,,0.0
260,134576833,W_0,0.0,4.92218e-05,0.0,0,,0.0
261,60807888,W_0,0.0,4.72529e-05,0.0,0,,0.0
262,898859456,W_0,0.0,4.53628e-05,0.0,0,,0.0
263,819354129,W_0,0.0,4.35483e-05,0.0,0,,0.0
264,68213335,W_0,0.0,4.18064e-05,0.0,0,,0.0
265,642711902,W_0,0.0,4.01341e-05,0.0,0,,0.0
266,242500356,W_0,0.0,3.85288e-05,0.0,0,,0.0
267,305998458,W_0,0.0,3.69876e-05,0.0,0,,0.0
268,164264184,W_0,0.0,3.55081e-05,0.0,0,,0.0
269,393914410,W_0,0.0,3.40878e-05,0.0,0,,0.0
270,957277630,W_0,0.0,3.27243e-05,0.0,0,,0.0
271,136554556,W_0,0.0,3.14153e-05,0.0,0,,0.0
272,67101124,W_0,0.0,3.01587e-05,0.0,0,,0.0
273,941588760,W_0,0.0,2.89523e-05,0.0,0,,0.0
274,853037710,W_0,0.0,2.77942e-05,0.0,0,,0.0
275,855320006,W_0,0.0,2.66825e-05,0.0,0,,0.0
276,373438215,W_0,0.0,2.56152e-05,0.0,0,,0.0
277,703776264,W_0,0.0,2.45906e-05,0.0,0,,0.0
278,228412864,W_0,0.0,2.36069e-05,0.0,0,,0.0
279,107701386,W_0,0.0,2.26627e-05,0.0,0,,0.0
280,413905273,W_0,0.0,2.17562e-05,0.0,0,,0.0
281,113465216,W_0,0.0,2.08859e-05,0.0,0,,0.0
282,852600574,W_0,0.0,2.00505e-05,0.0,0,,0.0
283,739612202,W_0,0.0,1.92485e-05,0.0,0,,0.0
284,747501755,W_0,0.0,1.84785e-05,0.0,0,,0.0
285,973567785,W_0,0.0,1.77394e-05,0.0,0,,0.0
286,111207828,W_0,0.0,1.70298e-05,0.0,0,,0.0
287,857755328,W_0,0.0,1.63486e-05,0.0,0,,0.0
288,130901836,W_0,0.0,1.56947e-05,0.0,0,,0.0
289,590750107,W_0,0.0,1.50669e-05,0.0,0,,0.0
290,58879684,W_0,0.0,1.44642e-05,0.0,0,,0.0
291,820214217,W_0,0.0,1.38856e-05,0.0,0,,0.0
292,496680768,W_0,0.0,1.33302e-05,0.0,0,,0.0
293,519724447,W_0,0.0,1.2797e-05,0.0,0,,0.0
294,776334048,W_0,0.0,1.22851e-05,0.0,0,,0.0
295,27969410,W_0,0.0,1.17937e-05,0.0,0,,0.0
296,826055033,W_0,0.0,1.1322e-05,0.0,0,,0.0
297,575992358,W_0,0.0,1.08691e-05,0.0,0,,0.0
298,181951422,W_0,0.0,1.04343e-05,0.0,0,,0.0
299,287212904,W_0,0.0,1.0017e-05,0.0,0,,0.0
300,453296175,W_0,0.0,9.61628e-06,0.0,0,,0.0
301,631321981,W_0,0.0,9.23162e-06,0.0,0,,0.0
302,114267695,W_0,0.0,8.86236e-06,0.0,0,,0.0
303,879777812,W_0,0.0,8.50787e-06,0.0,0,,0.0
304,353380199,W_0,0.0,8.16755e-06,0.0,0,,0.0
305,668603093,W_0,0.0,7.84085e-06,0.0,0,,0.0
306,169657502,W_0,0.0,7.52722e-06,0.0,0,,0.0
307,530007217,W_0,0.0,7.22613e-06,0.0,0,,0.0
308,43178698,W_0,0.0,6.93708e-06,0.0,0,,0.0
309,89221786,W_0,0.0,6.6596e-06,0.0,0,,0.0
310,361570699,W_0,0.0,6.39321e-06,0.0,0,,0.0
311,334193250,W_0,0.0,6.13749e-06,0.0,0,,0.0
312,580099953,W_0,0.0,5.89199e-06,0.0,0,,0.0
313,78991511,W_0,0.0,5.65631e-06,0.0,0,,0.0
314,586953022,W_0,0.0,5.43005e-06,0.0,0,,0.0
315,829512702,W_0,0.0,5.21285e-06,0.0,0,,0.0
316,613815557,W_0,0.0,5.00434e-06,0.0,0,,0.0
317,914405504,W_0,0.0,4.80416e-06,0.0,0,,0.0
318,293035967,W_0,0.0,4.612e-06,0.0,0,,0.0
319,947994935,W_0,0.0,4.42752e-06,0.0,0,,0.0
320,201694033,W_0,0.0,4.25042e-06,0.0,0,,0.0
321,289824202,W_0,0.0,4.0804e-06,0.0,0,,0.0
322,138552628,W_0,0.0,3.91719e-06,0.0,0,,0.0
323,26493040,W_0,0.0,3.7605e-06,0.0,0,,0.0
324,552523840,W_0,0.0,3.61008e-06,0.0,0,,0.0
325,772020571,W_0,0.0,3.46567e-06,0.0,0,,0.0
326,323803752,W_0,0.0,3.32705e-06,0.0,0,,0.0
327,764219511,W_0,0.0,3.19397e-06,0.0,0,,0.0
328,544166387,W_0,0.0,3.06621e-06,0.0,0,,0.0
329,848623397,W_0,0.0,2.94356e-06,0.0,0,,0.0
330,17130638,W_0,0.0,2.82582e-06,0.0,0,,0.0
331,134623092,W_0,0.0,2.71278e-06,0.0,0,,0.0
332,314548343,W_0,0.0,2.60427e-06,0.0,0,,0.0
333,153685163,W_0,0.0,2.5001e-06,0.0,0,,0.0
334,688105255,W_0,0.0,2.4001e-06,0.0,0,,0.0
335,785501945,W_0,0.0,2.30409e-06,0.0,0,,0.0
336,821573238,W_0,0.0,2.21193e-06,0.0,0,,0.0
337,954212337,W_0,0.0,2.12345e-06,0.0,0,,0.0
338,586670474,W_0,0.0,2.03851e-06,0.0,0,,0.0
339,89298551,W_0,0.0,1.95697e-06,0.0,0,,0.0
340,534840130,W_0,0.0,1.87869e-06,0.0,0,,0.0
341,241377480,W_0,0.0,1.80355e-06,0.0,0,,0.0
342,167270613,W_0,0.0,1.73141e-06,0.0,0,,0.0
343,573489589,W_0,0.0,1.66215e-06,0.0,0,,0.0
344,145372314,W_0,0.0,1.59566e-06,0.0,0,,0.0
345,148494787,W_0,0.0,1.53184e-06,0.0,0,,0.0
346,242648219,W_0,0.0,1.47056e-06,0.0,0,,0.0
347,787420277,W_0,0.0,1.41174e-06,0.0,0,,0.0
348,931893696,W_0,0.0,1.35527e-06,0.0,0,,0.0
349,374164145,W_0,0.0,1.30106e-06,0.0,0,,0.0
350,928000801,W_0,0.0,1.24902e-06,0.0,0,,0.0
351,264926215,W_0,0.0,1.19906e-06,0.0,0,,0.0
352,219710849,W_0,0.0,1.15109e-06,0.0,0,,0.0
353,64860405,W_0,0.0,1.10505e-06,0.0,0,,0.0
354,913204943,W_0,0.0,1.06085e-06,0.0,0,,0.0
355,918431205,W_0,0.0,1.01841e-06,0.0,0,,0.0
356,382940412,W_0,0.0,9.77678e-07,0.0,0,,0.0
357,496851344,W_0,0.0,9.38571e-07,0.0,0,,0.0
358,189440161,W_0,0.0,9.01028e-07,0.0,0,,0.0
359,817008087,W_0,0.0,8.64987e-07,0.0,0,,0.0
360,709883471,W_0,0.0,8.30388e-07,0.0,0,,0.0
361,921828041,W_0,0.0,7.97172e-07,0.0,0,,0.0
362,582853247,W_0,0.0,7.65285e-07,0.0,0,,0.0
363,195169261,W_0,0.0,7.34674e-07,0.0,0,,0.0
364,863256402,W_0,0.0,7.05287e-07,0.0,0,,0.0
365,963113104,W_0,0.0,6.77075e-07,0.0,0,,0.0
366,431757026,W_0,0.0,6.49992e-07,0.0,0,,0.0
367,296575919,W_0,0.0,6.23993e-07,0.0,0,,0.0
368,346155792,W_0,0.0,5.99033e-07,0.0,0,,0.0
369,105543828,W_0,0.0,5.75072e-07,0.0,0,,0.0
370,205450790,W_0,0.0,5.52069e-07,0.0,0,,0.0
371,429783974,W_0,0.0,5.29986e-07,0.0,0,,0.0
372,120832171,W_0,0.0,5.08787e-07,0.0,0,,0.0
373,712127419,W_0,0.0,4.88435e-07,0.0,0,,0.0
374,347477913,W_0,0.0,4.68898e-07,0.0,0,,0.0
375,246648460,W_0,0.0,4.50142e-07,0.0,0,,0.0
376,517059965,W_0,0.0,4.32136e-07,0.0,0,,0.0
377,997470530,W_0,0.0,4.14851e-07,0.0,0,,0.0
378,707032715,W_0,0.0,3.98257e-07,0.0,0,,0.0
379,286192731,W_0,0.0,3.82326e-07,0.0,0,,0.0
380,642642507,W_0,0.0,3.67033e-07,0.0,0,,0.0
381,252541533,W_0,0.0,3.52352e-07,0.0,0,,0.0
382,339574670,W_0,0.0,3.38258e-07,0.0,0,,0.0
383,109210196,W_0,0.0,3.24728e-07,0.0,0,,0.0
384,778115495,W_0,0.0,3.11739e-07,0.0,0,,0.0
385,409348478,W_0,0.0,2.99269e-07,0.0,0,,0.0
386,409216068,W_0,0.0,2.87298e-07,0.0,0,,0.0
387,999756168,W_0,0.0,2.75806e-07,0.0,0,,0.0
388,552694014,W_0,0.0,2.64774e-07,0.0,0,,0.0
389,541287964,W_0,0.0,2.54183e-07,0.0,0,,0.0
390,453364300,W_0,0.0,2.44016e-07,0.0,0,,0.0
391,779227039,W_0,0.0,2.34255e-07,0.0,0,,0.0
392,148017212,W_0,0.0,2.24885e-07,0.0,0,,0.0
393,987179134,W_0,0.0,2.1589e-07,0.0,0,,0.0
394,180434972,W_0,0.0,2.07254e-07,0.0,0,,0.0
395,74258728,W_0,0.0,1.98964e-07,0.0,0,,0.0
396,464333262,W_0,0.0,1.91005e-07,0.0,0,,0.0
397,101181173,W_0,0.0,1.83365e-07,0.0,0,,0.0
398,181233041,W_0,0.0,1.7603e-07,0.0,0,,0.0
399,757583585,W_0,0.0,1.68989e-07,0.0,0,,0.0
400,388104017,W_0,0.0,1.6223e-07,0.0,0,,0.0
401,615048719,W_0,0.0,1.5574e-07,0.0,0,,0.0
402,681962565,W_0,0.0,1.49511e-07,0.0,0,,0.0
403,533863293,W_0,0.0,1.4353e-07,0.0,0,,0.0
404,967843412,W_0,0.0,1.37789e-07,0.0,0,,0.0
405,341320993,W_0,0.0,1.32278e-07,0.0,0,,0.0
406,803839102,W_0,0.0,1.26987e-07,0.0,0,,0.0
407,343360349,W_0,0.0,1.21907e-07,0.0,0,,0.0
408,672092285,W_0,0.0,1.17031e-07,0.0,0,,0.0
409,505585372,W_0,0.0,1.1235e-07,0.0,0,,0.0
410,979223678,W_0,0.0,1.07856e-07,0.0,0,,0.0
411,960136073,W_0,0.0,1.03541e-07,0.0,0,,0.0
412,417411667,W_0,0.0,9.93997e-08,0.0,0,,0.0
413,100485665,W_0,0.0,9.54237e-08,0.0,0,,0.0
414,554506727,W_0,0.0,9.16068e-08,0.0,0,,0.0
415,402911378,W_0,0.0,8.79425e-08,0.0,0,,0.0
416,753950356,W_0,0.0,8.44248e-08,0.0,0,,0.0
417,874565421,W_0,0.0,8.10478e-08,0.0,0,,0.0
418,972524948,W_0,0.0,7.78059e-08,0.0,0,,0.0
419,495902099,W_0,0.0,7.46936e-08,0.0,0,,0.0
420,333131467,W_0,0.0,7.17059e-08,0.0,0,,0.0
421,653026098,W_0,0.0,6.88377e-08,0.0,0,,0.0
422,505412516,W_0,0.0,6.60842e-08,0.0,0,,0.0
423,816186026,W_0,0.0,6.34408e-08,0.0,0,,0.0
424,371952423,W_0,0.0,6.09032e-08,0.0,0,,0.0
425,509247036,W_0,0.0,5.8467e-08,0.0,0,,0.0
426,684909644,W_0,0.0,5.61284e-08,0.0,0,,0.0
427,266244777,W_0,0.0,5.38832e-08,0.0,0,,0.0
428,472430546,W_0,0.0,5.17279e-08,0.0,0,,0.0
429,75339336,W_0,0.0,4.96588e-08,0.0,0,,0.0
430,606580838,W_0,0.0,4.76724e-08,0.0,0,,0.0
431,409110375,W_0,0.0,4.57655e-08,0.0,0,,0.0
432,755992754,W_0,0.0,4.39349e-08,0.0,0,,0.0
433,554247322,W_0,0.0,4.21775e-08,0.0,0,,0.0
434,754713312,W_0,0.0,4.04904e-08,0.0,0,,0.0
435,763846463,W_0,0.0,3.88708e-08,0.0,0,,0.0
436,219356870,W_0,0.0,3.7316e-08,0.0,0,,0.0
437,410799490,W_0,0.0,3.58233e-08,0.0,0,,0.0
438,97873848,W_0,0.0,3.43904e-08,0.0,0,,0.0
439,122114084,W_0,0.0,3.30148e-08,0.0,0,,0.0
440,878262718,W_0,0.0,3.16942e-08,0.0,0,,0.0
441,680385536,W_0,0.0,3.04264e-08,0.0,0,,0.0
442,614636719,W_0,0.0,2.92094e-08,0.0,0,,0.0
443,667089082,W_0,0.0,2.8041e-08,0.0,0,,0.0
444,754475882,W_0,0.0,2.69193e-08,0.0,0,,0.0
445,664340012,W_0,0.0,2.58426e-08,0.0,0,,0.0
446,662731058,W_0,0.0,2.48089e-08,0.0,0,,0.0
447,608743063,W_0,0.0,2.38165e-08,0.0,0,,0.0
448,319927294,W_0,0.0,2.28639e-08,0.0,0,,0.0
449,399476449,W_0,0.0,2.19493e-08,0.0,0,,0.0
450,823902069,W_0,0.0,2.10713e-08,0.0,0,,0.0
451,503335271,W_0,0.0,2.02285e-08,0.0,0,,0.0
452,499421395,W_0,0.0,1.94193e-08,0.0,0,,0.0
453,112437424,W_0,0.0,1.86426e-08,0.0,0,,0.0
454,690505706,W_0,0.0,1.78969e-08,0.0,0,,0.0
455,217190435,W_0,0.0,1.7181e-08,0.0,0,,0.0
456,216659257,W_0,0.0,1.64937e-08,0.0,0,,0.0
457,928193350,W_0,0.0,1.5834e-08,0.0,0,,0.0
458,214032322,W_0,0.0,1.52006e-08,0.0,0,,0.0
459,544625282,W_0,0.0,1.45926e-08,0.0,0,,0.0
460,837644506,W_0,0.0,1.40089e-08,0.0,0,,0.0
461,502279971,W_0,0.0,1.34485e-08,0.0,0,,0.0
462,119422827,W_0,0.0,1.29106e-08,0.0,0,,0.0
463,365005252,W_0,0.0,1.23942e-08,0.0,0,,0.0
464,759661178,W_0,0.0,1.18984e-08,0.0,0,,0.0
465,729177729,W_0,0.0,1.14225e-08,0.0,0,,0.0
466,307984075,W_0,0.0,1.09656e-08,0.0,0,,0.0
467,561616936,W_0,0.0,1.0527e-08,0.0,0,,0.0
468,499736493,W_0,0.0,1.01059e-08,0.0,0,,0.0
469,240232293,W_0,0.0,9.70164e-09,0.0,0,,0.0
470,462297772,W_0,0.0,9.31358e-09,0.0,0,,0.0
471,115732100,W_0,0.0,8.94103e-09,0.0,0,,0.0
472,652686799,W_0,0.0,8.58339e-09,0.0,0,,0.0
473,153815200,W_0,0.0,8.24006e-09,0.0,0,,0.0
474,139810323,W_0,0.0,7.91046e-09,0.0,0,,0.0
475,240757007,W_0,0.0,7.59404e-09,0.0,0,,0.0
476,799662909,W_0,0.0,7.29028e-09,0.0,0,,0.0
477,991557721,W_0,0.0,6.99866e-09,0.0,0,,0.0
478,217483586,W_0,0.0,6.71872e-09,0.0,0,,0.0
479,963542721,W_0,0.0,6.44997e-09,0.0,0,,0.0
480,155945983,W_0,0.0,6.19197e-09,0.0,0,,0.0
481,214775101,W_0,0.0,5.94429e-09,0.0,0,,0.0
482,854562422,W_0,0.0,5.70652e-09,0.0,0,,0.0
483,862976925,W_0,0.0,5.47826e-09,0.0,0,,0.0
484,155380542,W_0,0.0,5.25913e-09,0.0,0,,0.0
485,777922170,W_0,0.0,5.04876e-09,0.0,0,,0.0
486,573599403,W_0,0.0,4.84681e-09,0.0,0,,0.0
487,942678229,W_0,0.0,4.65294e-09,0.0,0,,0.0
488,26070470,W_0,0.0,4.46682e-09,0.0,0,,0.0
489,143261146,W_0,0.0,4.28815e-09,0.0,0,,0.0
490,771318741,W_0,0.0,4.11662e-09,0.0,0,,0.0
491,580462080,W_0,0.0,3.95196e-09,0.0,0,,0.0
492,732753108,W_0,0.0,3.79388e-09,0.0,0,,0.0
493,306274132,W_0,0.0,3.64213e-09,0.0,0,,0.0
494,460986768,W_0,0.0,3.49644e-09,0.0,0,,0.0
495,957588513,W_0,0.0,3.35658e-09,0.0,0,,0.0
496,679607242,W_0,0.0,3.22232e-09,0.0,0,,0.0
497,966101454,W_0,0.0,3.09343e-09,0.0,0,,0.0
498,723897936,W_0,0.0,2.96969e-09,0.0,0,,0.0
499,849490600,W_0,0.0,2.8509e-09,0.0,0,,0.0
500,283963449,W_0,0.0,2.73687e-09,0.0,0,,0.0
501,262557037,W_0,0.0,2.62739e-09,0.0,0,,0.0
502,224710013,W_0,0.0,2.5223e-09,0.0,0,,0.0
503,682155834,W_0,0.0,2.4214e-09,0.0,0,,0.0
504,94700100,W_0,0.0,2.32455e-09,0.0,0,,0.0
505,454194356,W_0,0.0,2.23157e-09,0.0,0,,0.0
506,154439856,W_0,0.0,2.1423e-09,0.0,0,,0.0
507,653951407,W_0,0.0,2.05661e-09,0.0,0,,0.0
508,690051493,W_0,0.0,1.97435e-09,0.0,0,,0.0
509,936972540,W_0,0.0,1.89537e-09,0.0,0,,0.0
510,831486472,W_0,0.0,1.81956e-09,0.0,0,,0.0
511,42920728,W_0,0.0,1.74678e-09,0.0,0,,0.0
512,666336386,W_0,0.0,1.6769e-09,0.0,0,,0.0
513,172042607,W_0,0.0,1.60983e-09,0.0,0,,0.0
514,184679498,W_0,0.0,1.54544e-09,0.0,0,,0.0
515,494247720,W_0,0.0,1.48362e-09,0.0,0,,0.0
516,236952320,W_0,0.0,1.42427e-09,0.0,0,,0.0
517,242745223,W_0,0.0,1.3673e-09,0.0,0,,0.0
518,764888647,W_0,0.0,1.31261e-09,0.0,0,,0.0
519,724807039,W_0,0.0,1.26011e-09,0.0,0,,0.0
520,230556942,W_0,0.0,1.2097e-09,0.0,0,,0.0
521,732193093,W_0,0.0,1.16131e-09,0.0,0,,0.0
522,858471147,W_0,0.0,1.11486e-09,0.0,0,,0.0
523,513162854,W_0,0.0,1.07027e-09,0.0,0,,0.0
524,243851301,W_0,0.0,1.02746e-09,0.0,0,,0.0
525,205104923,W_0,0.0,9.86358e-10,0.0,0,,0.0
526,392499222,W_0,0.0,9.46903e-10,0.0,0,,0.0
527,299966278,W_0,0.0,9.09027e-10,0.0,0,,0.0
528,73289958,W_0,0.0,8.72666e-10,0.0,0,,0.0
529,894240782,W_0,0.0,8.37759e-10,0.0,0,,0.0
530,20219139,W_0,0.0,8.04249e-10,0.0,0,,0.0
531,163730078,W_0,0.0,7.72079e-10,0.0,0,,0.0
532,423895455,W_0,0.0,7.41196e-10,0.0,0,,0.0
533,835631296,W_0,0.0,7.11548e-10,0.0,0,,0.0
534,654858300,W_0,0.0,6.83086e-10,0.0,0,,0.0
535,833074052,W_0,0.0,6.55763e-10,0.0,0,,0.0
536,703504162,W_0,0.0,6.29532e-10,0.0,0,,0.0
537,57864621,W_0,0.0,6.04351e-10,0.0,0,,0.0
538,652601678,W_0,0.0,5.80177e-10,0.0,0,,0.0
539,374604819,W_0,0.0,5.5697e-10,0.0,0,,0.0
540,691232818,W_0,0.0,5.34691e-10,0.0,0,,0.0
541,484947485,W_0,0.0,5.13303e-10,0.0,0,,0.0
542,395702996,W_0,0.0,4.92771e-10,0.0,0,,0.0
543,625420719,W_0,0.0,4.7306e-10,0.0,0,,0.0
544,706313679,W_0,0.0,4.54138e-10,0.0,0,,0.0
545,450469365,W_0,0.0,4.35972e-10,0.0,0,,0.0
546,185310551,W_0,0.0,4.18534e-10,0.0,0,,0.0
547,642266846,W_0,0.0,4.01792e-10,0.0,0,,0.0
548,104149848,W_0,0.0,3.85721e-10,0.0,0,,0.0
549,147134192,W_0,0.0,3.70292e-10,0.0,0,,0.0
550,840371924,W_0,0.0,3.5548e-10,0.0,0,,0.0
551,997494178,W_0,0.0,3.41261e-10,0.0,0,,0.0
552,966987220,W_0,0.0,3.2761e-10,0.0,0,,0.0
553,782146069,W_0,0.0,3.14506e-10,0.0,0,,0.0
554,47520730,W_0,0.0,3.01926e-10,0.0,0,,0.0
555,304009755,W_0,0.0,2.89849e-10,0.0,0,,0.0
556,306670589,W_0,0.0,2.78255e-10,0.0,0,,0.0
557,17435906,W_0,0.0,2.67125e-10,0.0,0,,0.0
558,920793874,W_0,0.0,2.5644e-10,0.0,0,,0.0
559,250454009,W_0,0.0,2.46182e-10,0.0,0,,0.0
560,689824482,W_0,0.0,2.36335e-10,0.0,0,,0.0
561,396321386,W_0,0.0,2.26881e-10,0.0,0,,0.0
562,641156914,W_0,0.0,2.17806e-10,0.0,0,,0.0
563,154114664,W_0,0.0,2.09094e-10,0.0,0,,0.0
564,139461457,W_0,0.0,2.0073e-10,0.0,0,,0.0
565,682017030,W_0,0.0,1.92701e-10,0.0,0,,0.0
566,413719600,W_0,0.0,1.84993e-10,0.0,0,,0.0
567,427793256,W_0,0.0,1.77593e-10,0.0,0,,0.0
568,850796978,W_0,0.0,1.70489e-10,0.0,0,,0.0
569,795318923,W_0,0.0,1.6367e-10,0.0,0,,0.0
570,741589086,W_0,0.0,1.57123e-10,0.0,0,,0.0
571,53622919,W_0,0.0,1.50838e-10,0.0,0,,0.0
572,40947491,W_0,0.0,1.44805e-10,0.0,0,,0.0
573,649284530,W_0,0.0,1.39012e-10,0.0,0,,0.0
574,400874929,W_0,0.0,1.33452e-10,0.0,0,,0.0
575,794368455,W_0,0.0,1.28114e-10,0.0,0,,0.0
576,74650589,W_0,0.0,1.22989e-10,0.0,0,,0.0
577,167736248,W_0,0.0,1.1807e-10,0.0,0,,0.0
578,466144085,W_0,0.0,1.13347e-10,0.0,0,,0.0
579,163100630,W_0,0.0,1.08813e-10,0.0,0,,0.0
580,50386655,W_0,0.0,1.04461e-10,0.0,0,,0.0
581,292758604,W_0,0.0,1.00282e-10,0.0,0,,0.0
582,744934638,W_0,0.0,9.62708e-11,0.0,0,,0.0
583,107829282,W_0,0.0,9.242e-11,0.0,0,,0.0
584,186276170,W_0,0.0,8.87232e-11,0.0,0,,0.0
585,115593516,W_0,0.0,8.51743e-11,0.0,0,,0.0
586,193699344,W_0,1.0,0.04,0.0,1,K_22,0.0
587,446024289,W_0,2.0,0.0784,0.0,1,K_22,0.09
588,694452899,W_0,3.0,0.115264,0.0,1,K_22,0.1784
589,500954632,W_0,2.73474,0.110653,0.265264,0,,0.265264
590,911195647,W_0,2.73474,0.106227,0.0,0,,0.24739
591,914136103,W_0,2.73474,0.101978,0.0,0,,0.242964
592,234375272,W_0,2.73474,0.0978991,0.0,0,,0.238715
593,215198456,W_0,2.73474,0.0939831,0.0,0,,0.234636
594,64295982,W_0,2.73474,0.0902238,0.0,0,,0.23072
595,199707554,W_0,2.73474,0.0866148,0.0,0,,0.226961
596,723323844,W_0,2.73474,0.0831502,0.0,0,,0.223352
597,567701316,W_0,2.73474,0.0798242,0.0,0,,0.219887
598,542740875,W_0,2.73474,0.0766313,0.0,0,,0.216561
599,416745890,W_0,2.73474,0.073566,0.0,0,,0.213368
600,657282236,W_0,2.52443,0.0706234,0.210303,0,,0.210303
